==================== 2026-03-14T15:30:05.935888Z | 1f8c221a-768d-4480-b56a-8b054bf4e2f3 ====================
15:30:05.935989 [info ]: Starting dbt LSP server
15:30:05.936038 [info ]: Connecting to LSP client on port 8000
15:30:05.938706 [info ]: Successfully connected to LSP client
15:30:05.938731 [info ]: Creating LSP service...
15:30:06.015119 [info ]: Creating LSP server...
15:30:06.015151 [info ]: Starting LSP server...
15:30:06.125135 [info ]: Started loading project
15:30:06.130412 [info ]: Loading profiles.yml
15:30:06.139350 [debug]:    Started loading packages
15:30:06.146474 [debug]:     Loaded [  0.01s] packages
15:30:06.147570 [info ]: Started parsing
15:30:06.181900 [info ]: Finished loading project [  0.06s]
15:30:06.185352 [debug]: Finished parsing models\sources\sources.yml [  0.00s]
15:30:06.185738 [debug]: Finished parsing snapshots\dim_bookings.yml [  0.00s]
15:30:06.186362 [debug]: Finished parsing snapshots\dim_hosts.yml [  0.00s]
15:30:06.186659 [debug]: Finished parsing snapshots\dim_listings.yml [  0.00s]
15:30:06.210784 [debug]: Finished parsing target\snapshots\dim_bookings.sql [  0.01s]
15:30:06.212136 [debug]: Finished parsing target\snapshots\dim_hosts.sql [  0.00s]
15:30:06.217989 [debug]: Finished parsing target\snapshots\dim_listings.sql [  0.01s]
15:30:06.220632 [debug]: Finished parsing models\bronze\bronze_bookings.sql [  0.00s]
15:30:06.222053 [debug]: Finished parsing models\bronze\bronze_hosts.sql [  0.00s]
15:30:06.223354 [debug]: Finished parsing models\bronze\bronze_listings.sql [  0.00s]
15:30:06.224470 [debug]: Finished parsing models\gold\ephemeral\bookings.sql [  0.00s]
15:30:06.225523 [debug]: Finished parsing models\gold\ephemeral\hosts.sql [  0.00s]
15:30:06.226573 [debug]: Finished parsing models\gold\ephemeral\listings.sql [  0.00s]
15:30:06.227741 [debug]: Finished parsing models\gold\obt.sql [  0.00s]
15:30:06.228986 [debug]: Finished parsing models\silver\silver_bookings.sql [  0.00s]
15:30:06.230673 [debug]: Finished parsing models\silver\silver_hosts.sql [  0.00s]
15:30:06.235768 [debug]: Finished parsing models\silver\silver_listings.sql [  0.01s]
15:30:06.238011 [debug]: Finished parsing analyses\If_else.sql [  0.00s]
15:30:06.238928 [debug]: Finished parsing analyses\explore.sql [  0.00s]
15:30:06.241598 [debug]: Finished parsing analyses\for_loop.sql [  0.00s]
15:30:06.243648 [info ]: Finished parsing [  0.10s]
15:30:06.244724 [info ]: Cached model count updated: 10 models (estimate)
15:30:06.244873 [info ]: Cached model count updated: 10 models (accurate)
15:30:06.245952 [info ]: Started scheduling
15:30:06.246413 [info ]: Finished scheduling [  0.00s]
15:30:06.246490 [info ]: Started scheduling
15:30:06.246676 [info ]: Finished scheduling [  0.00s]
15:30:06.246822 [debug]: Initializing schema store with entry: Selected("snapshot.aws_dbt_snowflake_project.dim_listings") and interval: None
15:30:06.247201 [debug]: Initializing schema store with entry: Selected("snapshot.aws_dbt_snowflake_project.dim_bookings") and interval: None
15:30:06.247306 [debug]: Initializing schema store with entry: Selected("snapshot.aws_dbt_snowflake_project.dim_hosts") and interval: None
15:30:06.247416 [debug]: Initializing schema store with entry: Frontier(CanonicalFqn { catalog: "AIRBNB", schema: "STAGING", table: "HOSTS" }) and interval: None
15:30:06.247538 [debug]: Initializing schema store with entry: Frontier(CanonicalFqn { catalog: "AIRBNB", schema: "STAGING", table: "LISTINGS" }) and interval: None
15:30:06.247652 [debug]: Initializing schema store with entry: Frontier(CanonicalFqn { catalog: "AIRBNB", schema: "STAGING", table: "BOOKINGS" }) and interval: None
15:30:06.248907 [info ]: Started deferring state
15:30:06.248943 [info ]: Finished deferring state [  0.00s]
15:30:06.250404 [info ]: Started downloading schemas
15:30:06.250803 [debug]:    Started downloading relations
15:30:06.599199 [info ]: Loading profiles.yml
15:30:08.606926 [debug]: Query executed on node unknown:
SHOW OBJECTS IN SCHEMA "AIRBNB"."BRONZE" LIMIT 10000
15:30:09.335530 [debug]:   Finished [  3.08s] downloading relations
15:30:09.850928 [debug]: Query executed on node unknown:
describe table "AIRBNB"."BRONZE"."BRONZE_BOOKINGS"
15:30:09.856050 [debug]: Query executed on node unknown:
describe table "AIRBNB"."BRONZE"."BRONZE_HOSTS"
15:30:10.015783 [debug]: Query executed on node unknown:
describe table "AIRBNB"."BRONZE"."BRONZE_LISTINGS"
15:30:10.038965 [debug]: Query executed on node unknown:
describe table "AIRBNB"."SILVER"."SILVER_BOOKINGS"
15:30:10.148208 [debug]: Query executed on node unknown:
describe table "AIRBNB"."SILVER"."SILVER_HOSTS"
15:30:10.151879 [debug]: Query executed on node unknown:
describe table "AIRBNB"."SILVER"."SILVER_LISTINGS"
15:30:10.394924 [info ]: Downloaded AIRBNB.bronze.bronze_bookings (schema)
15:30:10.421273 [info ]: Downloaded AIRBNB.bronze.bronze_hosts (schema)
15:30:10.422497 [info ]: Downloaded AIRBNB.bronze.bronze_listings (schema)
15:30:10.423779 [info ]: Downloaded AIRBNB.silver.silver_bookings (schema)
15:30:10.425246 [info ]: Downloaded AIRBNB.silver.silver_hosts (schema)
15:30:10.426811 [info ]: Downloaded AIRBNB.silver.silver_listings (schema)
15:30:10.664024 [info ]: Started building task graph
15:30:10.674886 [info ]: Finished building task graph [  0.01s]
15:30:10.689098 [info ]: Started rendering (16 nodes)
15:30:10.690867 [info ]: Started model bronze.bronze_listings
15:30:10.693093 [debug]: Started rendering model bronze.bronze_listings
15:30:10.694412 [info ]: Started model bronze.bronze_hosts
15:30:10.694451 [info ]: Finished downloading schemas [  4.44s]
15:30:10.694459 [debug]: Started rendering model bronze.bronze_hosts
15:30:10.694885 [info ]: Started analysis DBT_SCHEMA.for_loop
15:30:10.694921 [debug]: Started rendering analysis DBT_SCHEMA.for_loop
15:30:10.694960 [info ]: Started analysis DBT_SCHEMA.explore
15:30:10.694974 [debug]: Started rendering analysis DBT_SCHEMA.explore
15:30:10.694999 [info ]: Started model gold.obt
15:30:10.695034 [debug]: Started rendering model gold.obt
15:30:10.695058 [info ]: Started analysis DBT_SCHEMA.If_else
15:30:10.695085 [debug]: Started rendering analysis DBT_SCHEMA.If_else
15:30:10.695111 [info ]: Started model bronze.bronze_bookings
15:30:10.695154 [debug]: Started rendering model bronze.bronze_bookings
15:30:10.718547 [debug]: Compiled SQL for node model.aws_dbt_snowflake_project.obt at target\.lsp\compiled\models\gold\obt.sql
15:30:10.718573 [debug]: Compiled SQL for node analysis.aws_dbt_snowflake_project.If_else at target\.lsp\compiled\analyses\If_else.sql
15:30:10.718626 [debug]: Compiled SQL for node analysis.aws_dbt_snowflake_project.explore at target\.lsp\compiled\analyses\explore.sql
15:30:10.718658 [debug]: Compiled SQL for node analysis.aws_dbt_snowflake_project.for_loop at target\.lsp\compiled\analyses\for_loop.sql
15:30:10.721711 [debug]: Finished rendering [  0.03s] model gold.obt [success]
15:30:10.722185 [info ]: Started analyzing (16 nodes)
15:30:10.722223 [debug]: Started analyzing model gold.obt
15:30:10.722267 [debug]: Finished rendering [  0.03s] analysis DBT_SCHEMA.explore [success]
15:30:10.722610 [debug]: Finished rendering [  0.03s] analysis DBT_SCHEMA.If_else [success]
15:30:10.722644 [debug]: Finished rendering [  0.03s] analysis DBT_SCHEMA.for_loop [success]
15:30:10.738989 [debug]: Compiled SQL for node model.aws_dbt_snowflake_project.bronze_hosts at target\.lsp\compiled\models\bronze\bronze_hosts.sql
15:30:10.739095 [debug]: Started analyzing model bronze.bronze_hosts
15:30:10.739289 [debug]: Compiled SQL for node model.aws_dbt_snowflake_project.bronze_bookings at target\.lsp\compiled\models\bronze\bronze_bookings.sql
15:30:10.739456 [debug]: Started analyzing model bronze.bronze_bookings
15:30:10.739630 [debug]: Compiled SQL for node model.aws_dbt_snowflake_project.bronze_listings at target\.lsp\compiled\models\bronze\bronze_listings.sql
15:30:10.739716 [debug]: Finished rendering [  0.05s] model bronze.bronze_hosts [success]
15:30:10.739765 [debug]: Finished rendering [  0.04s] model bronze.bronze_bookings [success]
15:30:10.739877 [debug]: Finished rendering [  0.05s] model bronze.bronze_listings [success]
15:30:10.739917 [debug]: Started analyzing model bronze.bronze_listings
15:30:10.884733 [info ]:  Succeeded [  0.19s] model gold.obt (table)
15:30:10.885190 [debug]: Finished analyzing [  0.16s] model gold.obt [success]
15:30:10.885236 [info ]: Started model gold.bookings
15:30:10.885255 [debug]: Started rendering model gold.bookings
15:30:10.885286 [info ]: Started model gold.listings
15:30:10.885299 [debug]: Started rendering model gold.listings
15:30:10.885316 [debug]: Started analyzing analysis DBT_SCHEMA.explore
15:30:10.885334 [info ]: Started model gold.hosts
15:30:10.885344 [debug]: Started rendering model gold.hosts
15:30:10.892419 [debug]: Compiled SQL for node model.aws_dbt_snowflake_project.bookings at target\.lsp\compiled\models\gold\ephemeral\bookings.sql
15:30:10.892672 [debug]: Finished rendering [  0.01s] model gold.bookings [success]
15:30:10.892729 [debug]: Started analyzing model gold.bookings
15:30:10.893174 [debug]: Compiled SQL for node model.aws_dbt_snowflake_project.listings at target\.lsp\compiled\models\gold\ephemeral\listings.sql
15:30:10.893267 [debug]: Started analyzing model gold.listings
15:30:10.895703 [debug]: Finished rendering [  0.01s] model gold.listings [success]
15:30:10.897336 [debug]: Compiled SQL for node model.aws_dbt_snowflake_project.hosts at target\.lsp\compiled\models\gold\ephemeral\hosts.sql
15:30:10.897434 [debug]: Started analyzing model gold.hosts
15:30:10.898113 [debug]: Finished rendering [  0.01s] model gold.hosts [success]
15:30:10.898349 [info ]:  Succeeded [  0.04s] analysis DBT_SCHEMA.explore (analysis)
15:30:10.898388 [debug]: Finished analyzing [  0.01s] analysis DBT_SCHEMA.explore [success]
15:30:10.902150 [info ]:  Succeeded [  0.02s] model gold.hosts (ephemeral)
15:30:10.902192 [debug]: Finished analyzing [  0.00s] model gold.hosts [success]
15:30:10.902243 [info ]: Started snapshot gold.dim_hosts
15:30:10.902261 [debug]: Started rendering snapshot gold.dim_hosts
15:30:10.903063 [info ]:  Succeeded [  0.02s] model gold.listings (ephemeral)
15:30:10.903093 [debug]: Finished analyzing [  0.01s] model gold.listings [success]
15:30:10.903126 [info ]: Started snapshot gold.dim_listings
15:30:10.903140 [debug]: Started rendering snapshot gold.dim_listings
15:30:10.903236 [info ]:  Succeeded [  0.02s] model gold.bookings (ephemeral)
15:30:10.903257 [debug]: Finished analyzing [  0.01s] model gold.bookings [success]
15:30:10.903282 [info ]: Started snapshot gold.dim_bookings
15:30:10.903306 [debug]: Started rendering snapshot gold.dim_bookings
15:30:10.917307 [debug]: Compiled SQL for node snapshot.aws_dbt_snowflake_project.dim_bookings at target\.lsp\compiled\snapshots\dim_bookings.sql
15:30:10.917527 [debug]: Started analyzing snapshot gold.dim_bookings
15:30:10.917635 [debug]: Compiled SQL for node snapshot.aws_dbt_snowflake_project.dim_hosts at target\.lsp\compiled\snapshots\dim_hosts.sql
15:30:10.917681 [debug]: Started analyzing snapshot gold.dim_hosts
15:30:10.917813 [debug]: Compiled SQL for node snapshot.aws_dbt_snowflake_project.dim_listings at target\.lsp\compiled\snapshots\dim_listings.sql
15:30:10.917877 [debug]: Started analyzing snapshot gold.dim_listings
15:30:10.918179 [debug]: Finished rendering [  0.02s] snapshot gold.dim_listings [success]
15:30:10.918221 [debug]: Finished rendering [  0.01s] snapshot gold.dim_bookings [success]
15:30:10.918239 [debug]: Finished rendering [  0.02s] snapshot gold.dim_hosts [success]
15:30:10.939493 [info ]:  Succeeded [  0.04s] snapshot gold.dim_bookings (table)
15:30:10.939542 [debug]: Finished analyzing [  0.02s] snapshot gold.dim_bookings [success]
15:30:10.939568 [info ]:  Succeeded [  0.04s] snapshot gold.dim_listings (table)
15:30:10.939586 [debug]: Finished analyzing [  0.02s] snapshot gold.dim_listings [success]
15:30:10.939603 [info ]:  Succeeded [  0.04s] snapshot gold.dim_hosts (table)
15:30:10.939620 [debug]: Finished analyzing [  0.02s] snapshot gold.dim_hosts [success]
15:30:10.962565 [info ]:  Succeeded [  0.27s] model bronze.bronze_hosts (incremental)
15:30:10.962640 [debug]: Finished analyzing [  0.22s] model bronze.bronze_hosts [success]
15:30:10.962697 [info ]: Started model silver.silver_hosts
15:30:10.962717 [debug]: Started rendering model silver.silver_hosts
15:30:10.962752 [info ]:  Succeeded [  0.27s] model bronze.bronze_bookings (incremental)
15:30:10.962783 [debug]: Finished analyzing [  0.22s] model bronze.bronze_bookings [success]
15:30:10.962802 [debug]: Started analyzing analysis DBT_SCHEMA.for_loop
15:30:10.962817 [debug]: Started analyzing analysis DBT_SCHEMA.If_else
15:30:10.964596 [info ]: Started model silver.silver_bookings
15:30:10.964642 [debug]: Started rendering model silver.silver_bookings
15:30:10.964731 [info ]:  Succeeded [  0.27s] model bronze.bronze_listings (incremental)
15:30:10.964763 [debug]: Finished analyzing [  0.22s] model bronze.bronze_listings [success]
15:30:10.965550 [info ]: Started model silver.silver_listings
15:30:10.965604 [debug]: Started rendering model silver.silver_listings
15:30:10.965746 [info ]:  Succeeded [  0.03s] analysis DBT_SCHEMA.for_loop (analysis)
15:30:10.965782 [debug]: Finished analyzing [  0.00s] analysis DBT_SCHEMA.for_loop [success]
15:30:10.966745 [debug]: Compiled SQL for node model.aws_dbt_snowflake_project.silver_hosts at target\.lsp\compiled\models\silver\silver_hosts.sql
15:30:10.966870 [debug]: Started analyzing model silver.silver_hosts
15:30:10.966931 [debug]: Finished rendering [  0.00s] model silver.silver_hosts [success]
15:30:10.969142 [info ]:  Succeeded [  0.03s] analysis DBT_SCHEMA.If_else (analysis)
15:30:10.969194 [debug]: Finished analyzing [  0.01s] analysis DBT_SCHEMA.If_else [success]
15:30:10.969389 [debug]: Compiled SQL for node model.aws_dbt_snowflake_project.silver_bookings at target\.lsp\compiled\models\silver\silver_bookings.sql
15:30:10.969498 [debug]: Started analyzing model silver.silver_bookings
15:30:10.969742 [debug]: Compiled SQL for node model.aws_dbt_snowflake_project.silver_listings at target\.lsp\compiled\models\silver\silver_listings.sql
15:30:10.969917 [debug]: Finished rendering [  0.01s] model silver.silver_bookings [success]
15:30:10.970264 [debug]: Finished rendering [  0.00s] model silver.silver_listings [success]
15:30:10.970283 [info ]: Finished rendering [  0.28s] (16 nodes, 0 skipped, 0 errors)
15:30:10.970309 [debug]: Started analyzing model silver.silver_listings
15:30:10.991920 [info ]:  Succeeded [  0.03s] model silver.silver_hosts (incremental)
15:30:10.991975 [debug]: Finished analyzing [  0.03s] model silver.silver_hosts [success]
15:30:10.992007 [info ]:  Succeeded [  0.03s] model silver.silver_listings (incremental)
15:30:10.992026 [debug]: Finished analyzing [  0.02s] model silver.silver_listings [success]
15:30:11.007205 [info ]:  Succeeded [  0.04s] model silver.silver_bookings (incremental)
15:30:11.007266 [debug]: Finished analyzing [  0.04s] model silver.silver_bookings [success]
15:30:11.007280 [info ]: Finished analyzing [  0.29s] (16 nodes, 0 skipped, 0 errors)
15:30:11.028003 [info ]: Cached model count updated: 10 models (accurate)
15:33:55.316384 [info ]: Started loading project
15:33:55.317840 [info ]: Loading profiles.yml
15:33:55.328795 [info ]: Started loading project
15:33:55.329403 [info ]: Loading profiles.yml
15:33:55.329454 [info ]: Finished loading project [  0.01s]
15:33:55.334129 [debug]:    Started loading packages
15:33:55.339495 [debug]:     Loaded [  0.01s] packages
15:33:55.340240 [info ]: Started parsing
15:33:55.367017 [info ]: Finished loading project [  0.04s]
15:33:55.369019 [debug]: Finished parsing models\sources\sources.yml [  0.00s]
15:33:55.369370 [debug]: Finished parsing snapshots\dim_bookings.yml [  0.00s]
15:33:55.369580 [debug]: Finished parsing snapshots\dim_hosts.yml [  0.00s]
15:33:55.369773 [debug]: Finished parsing snapshots\dim_listings.yml [  0.00s]
15:33:55.373159 [debug]: Finished parsing target\snapshots\dim_bookings.sql [  0.00s]
15:33:55.373803 [debug]: Finished parsing target\snapshots\dim_hosts.sql [  0.00s]
15:33:55.375232 [debug]: Finished parsing target\snapshots\dim_listings.sql [  0.00s]
15:33:55.376461 [debug]: Finished parsing models\bronze\bronze_bookings.sql [  0.00s]
15:33:55.377244 [debug]: Finished parsing models\bronze\bronze_hosts.sql [  0.00s]
15:33:55.377952 [debug]: Finished parsing models\bronze\bronze_listings.sql [  0.00s]
15:33:55.378612 [debug]: Finished parsing models\gold\ephemeral\bookings.sql [  0.00s]
15:33:55.379174 [debug]: Finished parsing models\gold\ephemeral\fact.sql [  0.00s]
15:33:55.379818 [debug]: Finished parsing models\gold\ephemeral\hosts.sql [  0.00s]
15:33:55.380445 [debug]: Finished parsing models\gold\ephemeral\listings.sql [  0.00s]
15:33:55.381636 [debug]: Finished parsing models\gold\obt.sql [  0.00s]
15:33:55.382377 [debug]: Finished parsing models\silver\silver_bookings.sql [  0.00s]
15:33:55.383049 [debug]: Finished parsing models\silver\silver_hosts.sql [  0.00s]
15:33:55.387019 [debug]: Finished parsing models\silver\silver_listings.sql [  0.00s]
15:33:55.388380 [debug]: Finished parsing analyses\If_else.sql [  0.00s]
15:33:55.388936 [debug]: Finished parsing analyses\explore.sql [  0.00s]
15:33:55.390712 [debug]: Finished parsing analyses\for_loop.sql [  0.00s]
15:33:55.392355 [info ]: Finished parsing [  0.05s]
15:33:55.393175 [info ]: Cached model count updated: 11 models (estimate)
15:33:55.393188 [info ]: Cached model count updated: 11 models (accurate)
15:33:55.393233 [info ]: Started scheduling
15:33:55.393374 [info ]: Finished scheduling [  0.00s]
15:33:55.393390 [info ]: Started scheduling
15:33:55.393492 [info ]: Finished scheduling [  0.00s]
15:33:55.393563 [debug]: Initializing schema store with entry: Selected("snapshot.aws_dbt_snowflake_project.dim_hosts") and interval: None
15:33:55.393633 [debug]: Initializing schema store with entry: Selected("snapshot.aws_dbt_snowflake_project.dim_listings") and interval: None
15:33:55.393674 [debug]: Initializing schema store with entry: Selected("snapshot.aws_dbt_snowflake_project.dim_bookings") and interval: None
15:33:55.393721 [debug]: Initializing schema store with entry: Frontier(CanonicalFqn { catalog: "AIRBNB", schema: "STAGING", table: "HOSTS" }) and interval: None
15:33:55.393757 [debug]: Initializing schema store with entry: Frontier(CanonicalFqn { catalog: "AIRBNB", schema: "STAGING", table: "LISTINGS" }) and interval: None
15:33:55.393788 [debug]: Initializing schema store with entry: Frontier(CanonicalFqn { catalog: "AIRBNB", schema: "STAGING", table: "BOOKINGS" }) and interval: None
15:33:55.394413 [info ]: Started deferring state
15:33:55.394430 [info ]: Finished deferring state [  0.00s]
15:33:55.394793 [info ]: Started downloading schemas
15:33:55.394879 [debug]:    Started downloading relations
15:33:56.220749 [debug]: Query executed on node unknown:
SHOW OBJECTS IN SCHEMA "AIRBNB"."BRONZE" LIMIT 10000
15:33:56.766035 [debug]:   Finished [  1.37s] downloading relations
15:33:57.221907 [debug]: Query executed on node unknown:
describe table "AIRBNB"."BRONZE"."BRONZE_BOOKINGS"
15:33:57.233333 [debug]: Query executed on node unknown:
describe table "AIRBNB"."BRONZE"."BRONZE_HOSTS"
15:33:57.325352 [debug]: Query executed on node unknown:
describe table "AIRBNB"."SILVER"."SILVER_BOOKINGS"
15:33:57.418402 [debug]: Query executed on node unknown:
describe table "AIRBNB"."SILVER"."SILVER_HOSTS"
15:33:57.473257 [debug]: Query executed on node unknown:
describe table "AIRBNB"."BRONZE"."BRONZE_LISTINGS"
15:33:57.510654 [debug]: Query executed on node unknown:
describe table "AIRBNB"."SILVER"."SILVER_LISTINGS"
15:33:57.590615 [info ]: Downloaded AIRBNB.bronze.bronze_bookings (schema)
15:33:57.592365 [info ]: Downloaded AIRBNB.bronze.bronze_hosts (schema)
15:33:57.593614 [info ]: Downloaded AIRBNB.bronze.bronze_listings (schema)
15:33:57.595140 [info ]: Downloaded AIRBNB.silver.silver_bookings (schema)
15:33:57.596759 [info ]: Downloaded AIRBNB.silver.silver_hosts (schema)
15:33:57.598601 [info ]: Downloaded AIRBNB.silver.silver_listings (schema)
15:33:57.740548 [info ]: Started building task graph
15:33:57.740729 [info ]: Finished building task graph [  0.00s]
15:33:57.740924 [info ]: Started rendering (16 nodes)
15:33:57.741364 [info ]: Started model bronze.bronze_listings
15:33:57.741382 [debug]: Started rendering model bronze.bronze_listings
15:33:57.741405 [info ]: Started model bronze.bronze_hosts
15:33:57.741410 [debug]: Started rendering model bronze.bronze_hosts
15:33:57.741436 [info ]: Started analysis DBT_SCHEMA.for_loop
15:33:57.741441 [debug]: Started rendering analysis DBT_SCHEMA.for_loop
15:33:57.741449 [info ]: Started analysis DBT_SCHEMA.explore
15:33:57.741454 [debug]: Started rendering analysis DBT_SCHEMA.explore
15:33:57.741462 [info ]: Started model gold.obt
15:33:57.741466 [debug]: Started rendering model gold.obt
15:33:57.741474 [info ]: Started analysis DBT_SCHEMA.If_else
15:33:57.741478 [debug]: Started rendering analysis DBT_SCHEMA.If_else
15:33:57.741486 [info ]: Started model bronze.bronze_bookings
15:33:57.741491 [debug]: Started rendering model bronze.bronze_bookings
15:33:57.741568 [info ]: Finished downloading schemas [  2.35s]
15:33:57.745541 [debug]: Compiled SQL for node model.aws_dbt_snowflake_project.obt at target\.lsp\compiled\models\gold\obt.sql
15:33:57.745673 [info ]: Started analyzing (16 nodes)
15:33:57.745691 [debug]: Started analyzing model gold.obt
15:33:57.745729 [debug]: Compiled SQL for node analysis.aws_dbt_snowflake_project.explore at target\.lsp\compiled\analyses\explore.sql
15:33:57.745760 [debug]: Finished rendering [  0.00s] model gold.obt [success]
15:33:57.746250 [debug]: Finished rendering [  0.00s] analysis DBT_SCHEMA.explore [success]
15:33:57.746918 [debug]: Compiled SQL for node analysis.aws_dbt_snowflake_project.If_else at target\.lsp\compiled\analyses\If_else.sql
15:33:57.746983 [debug]: Finished rendering [  0.01s] analysis DBT_SCHEMA.If_else [success]
15:33:57.747807 [debug]: Compiled SQL for node analysis.aws_dbt_snowflake_project.for_loop at target\.lsp\compiled\analyses\for_loop.sql
15:33:57.747862 [debug]: Finished rendering [  0.01s] analysis DBT_SCHEMA.for_loop [success]
15:33:57.748827 [debug]: Compiled SQL for node model.aws_dbt_snowflake_project.bronze_bookings at target\.lsp\compiled\models\bronze\bronze_bookings.sql
15:33:57.748894 [debug]: Started analyzing model bronze.bronze_bookings
15:33:57.750344 [debug]: Finished rendering [  0.01s] model bronze.bronze_bookings [success]
15:33:57.750762 [debug]: Compiled SQL for node model.aws_dbt_snowflake_project.bronze_listings at target\.lsp\compiled\models\bronze\bronze_listings.sql
15:33:57.750886 [debug]: Started analyzing model bronze.bronze_listings
15:33:57.751434 [debug]: Finished rendering [  0.01s] model bronze.bronze_listings [success]
15:33:57.751985 [debug]: Compiled SQL for node model.aws_dbt_snowflake_project.bronze_hosts at target\.lsp\compiled\models\bronze\bronze_hosts.sql
15:33:57.752062 [debug]: Finished rendering [  0.01s] model bronze.bronze_hosts [success]
15:33:57.752095 [debug]: Started analyzing model bronze.bronze_hosts
15:33:57.758003 [info ]:  Succeeded [  0.01s] model bronze.bronze_hosts (incremental)
15:33:57.758048 [debug]: Finished analyzing [  0.01s] model bronze.bronze_hosts [success]
15:33:57.758080 [info ]: Started model silver.silver_hosts
15:33:57.758096 [debug]: Started rendering model silver.silver_hosts
15:33:57.758124 [info ]:  Succeeded [  0.02s] model bronze.bronze_listings (incremental)
15:33:57.758138 [debug]: Finished analyzing [  0.01s] model bronze.bronze_listings [success]
15:33:57.758155 [info ]: Started model silver.silver_listings
15:33:57.758164 [debug]: Started rendering model silver.silver_listings
15:33:57.758181 [info ]:  Succeeded [  0.02s] model bronze.bronze_bookings (incremental)
15:33:57.758193 [debug]: Finished analyzing [  0.01s] model bronze.bronze_bookings [success]
15:33:57.758207 [info ]: Started model silver.silver_bookings
15:33:57.758214 [debug]: Started rendering model silver.silver_bookings
15:33:57.758228 [debug]: Started analyzing analysis DBT_SCHEMA.If_else
15:33:57.758240 [debug]: Started analyzing analysis DBT_SCHEMA.for_loop
15:33:57.760661 [info ]:  Succeeded [  0.01s] analysis DBT_SCHEMA.for_loop (analysis)
15:33:57.760708 [debug]: Finished analyzing [  0.00s] analysis DBT_SCHEMA.for_loop [success]
15:33:57.760751 [info ]:  Succeeded [  0.01s] analysis DBT_SCHEMA.If_else (analysis)
15:33:57.760767 [debug]: Finished analyzing [  0.00s] analysis DBT_SCHEMA.If_else [success]
15:33:57.761650 [debug]: Compiled SQL for node model.aws_dbt_snowflake_project.silver_hosts at target\.lsp\compiled\models\silver\silver_hosts.sql
15:33:57.761752 [debug]: Started analyzing model silver.silver_hosts
15:33:57.763397 [debug]: Finished rendering [  0.01s] model silver.silver_hosts [success]
15:33:57.765247 [debug]: Compiled SQL for node model.aws_dbt_snowflake_project.silver_bookings at target\.lsp\compiled\models\silver\silver_bookings.sql
15:33:57.765416 [debug]: Started analyzing model silver.silver_bookings
15:33:57.765445 [debug]: Finished rendering [  0.01s] model silver.silver_bookings [success]
15:33:57.767574 [debug]: Compiled SQL for node model.aws_dbt_snowflake_project.silver_listings at target\.lsp\compiled\models\silver\silver_listings.sql
15:33:57.767689 [debug]: Started analyzing model silver.silver_listings
15:33:57.767861 [info ]:  Succeeded [  0.01s] model silver.silver_hosts (incremental)
15:33:57.767892 [debug]: Finished analyzing [  0.01s] model silver.silver_hosts [success]
15:33:57.767928 [debug]: Finished rendering [  0.01s] model silver.silver_listings [success]
15:33:57.768208 [info ]:  Succeeded [  0.03s] model gold.obt (table)
15:33:57.768229 [debug]: Finished analyzing [  0.02s] model gold.obt [success]
15:33:57.768249 [debug]: Started analyzing analysis DBT_SCHEMA.explore
15:33:57.768271 [info ]: Started model gold.listings
15:33:57.768283 [debug]: Started rendering model gold.listings
15:33:57.768298 [info ]: Started model gold.hosts
15:33:57.768307 [debug]: Started rendering model gold.hosts
15:33:57.768320 [info ]: Started model gold.bookings
15:33:57.768329 [debug]: Started rendering model gold.bookings
15:33:57.770050 [info ]:  Succeeded [  0.01s] model silver.silver_bookings (incremental)
15:33:57.770088 [debug]: Finished analyzing [  0.00s] model silver.silver_bookings [success]
15:33:57.771762 [info ]:  Succeeded [  0.01s] model silver.silver_listings (incremental)
15:33:57.771801 [debug]: Finished analyzing [  0.00s] model silver.silver_listings [success]
15:33:57.771825 [info ]:  Succeeded [  0.01s] analysis DBT_SCHEMA.explore (analysis)
15:33:57.771840 [debug]: Finished analyzing [  0.00s] analysis DBT_SCHEMA.explore [success]
15:33:57.778010 [debug]: Compiled SQL for node model.aws_dbt_snowflake_project.listings at target\.lsp\compiled\models\gold\ephemeral\listings.sql
15:33:57.778119 [debug]: Started analyzing model gold.listings
15:33:57.778234 [debug]: Compiled SQL for node model.aws_dbt_snowflake_project.hosts at target\.lsp\compiled\models\gold\ephemeral\hosts.sql
15:33:57.778289 [debug]: Started analyzing model gold.hosts
15:33:57.778666 [debug]: Finished rendering [  0.01s] model gold.hosts [success]
15:33:57.778703 [debug]: Finished rendering [  0.01s] model gold.listings [success]
15:33:57.781926 [info ]:  Succeeded [  0.01s] model gold.listings (ephemeral)
15:33:57.781947 [debug]: Compiled SQL for node model.aws_dbt_snowflake_project.bookings at target\.lsp\compiled\models\gold\ephemeral\bookings.sql
15:33:57.781975 [debug]: Finished analyzing [  0.00s] model gold.listings [success]
15:33:57.782017 [info ]: Started snapshot gold.dim_listings
15:33:57.782032 [debug]: Started rendering snapshot gold.dim_listings
15:33:57.782056 [info ]:  Succeeded [  0.01s] model gold.hosts (ephemeral)
15:33:57.782069 [debug]: Finished analyzing [  0.00s] model gold.hosts [success]
15:33:57.782095 [info ]: Started snapshot gold.dim_hosts
15:33:57.782108 [debug]: Started rendering snapshot gold.dim_hosts
15:33:57.782132 [debug]: Finished rendering [  0.01s] model gold.bookings [success]
15:33:57.782151 [debug]: Started analyzing model gold.bookings
15:33:57.786061 [debug]: Compiled SQL for node snapshot.aws_dbt_snowflake_project.dim_listings at target\.lsp\compiled\snapshots\dim_listings.sql
15:33:57.786582 [debug]: Compiled SQL for node snapshot.aws_dbt_snowflake_project.dim_hosts at target\.lsp\compiled\snapshots\dim_hosts.sql
15:33:57.786668 [debug]: Finished rendering [  0.00s] snapshot gold.dim_listings [success]
15:33:57.786689 [debug]: Started analyzing snapshot gold.dim_listings
15:33:57.786742 [debug]: Finished rendering [  0.00s] snapshot gold.dim_hosts [success]
15:33:57.786766 [debug]: Started analyzing snapshot gold.dim_hosts
15:33:57.788408 [info ]:  Succeeded [  0.02s] model gold.bookings (ephemeral)
15:33:57.788453 [debug]: Finished analyzing [  0.01s] model gold.bookings [success]
15:33:57.788493 [info ]: Started snapshot gold.dim_bookings
15:33:57.788511 [debug]: Started rendering snapshot gold.dim_bookings
15:33:57.790467 [debug]: Compiled SQL for node snapshot.aws_dbt_snowflake_project.dim_bookings at target\.lsp\compiled\snapshots\dim_bookings.sql
15:33:57.790568 [debug]: Started analyzing snapshot gold.dim_bookings
15:33:57.790579 [debug]: Finished rendering [  0.00s] snapshot gold.dim_bookings [success]
15:33:57.790596 [info ]: Finished rendering [  0.05s] (16 nodes, 0 skipped, 0 errors)
15:33:57.791399 [info ]:  Succeeded [  0.01s] snapshot gold.dim_listings (table)
15:33:57.791437 [debug]: Finished analyzing [  0.00s] snapshot gold.dim_listings [success]
15:33:57.791460 [info ]:  Succeeded [  0.01s] snapshot gold.dim_hosts (table)
15:33:57.791474 [debug]: Finished analyzing [  0.00s] snapshot gold.dim_hosts [success]
15:33:57.793925 [info ]:  Succeeded [  0.01s] snapshot gold.dim_bookings (table)
15:33:57.793973 [debug]: Finished analyzing [  0.00s] snapshot gold.dim_bookings [success]
15:33:57.793985 [info ]: Finished analyzing [  0.05s] (16 nodes, 0 skipped, 0 errors)
15:33:57.806642 [info ]: Cached model count updated: 11 models (accurate)
15:43:17.479024 [info ]: Started loading project
15:43:17.481034 [info ]: Loading profiles.yml
15:43:17.516422 [info ]: Started parsing
15:43:17.537124 [info ]: Finished loading project [  0.06s]
15:43:17.545450 [debug]: Finished parsing models\gold\ephemeral\fact.sql [  0.01s]
15:43:17.550388 [info ]: Finished parsing [  0.03s]
15:43:17.554219 [info ]: Cached model count updated: 11 models (estimate)
15:43:17.554254 [info ]: Cached model count updated: 11 models (accurate)
15:43:17.554431 [info ]: Started scheduling
15:43:17.560908 [info ]: Finished scheduling [  0.01s]
15:43:17.561730 [debug]: Incremental compilation - 1 nodes selected: {"model.aws_dbt_snowflake_project.fact"}
15:43:17.564605 [info ]: Started deferring state
15:43:17.564657 [info ]: Finished deferring state [  0.00s]
15:43:17.565478 [info ]: Started downloading schemas
15:43:17.565560 [debug]:    Started downloading relations
15:43:17.565612 [debug]:   Finished [  0.00s] downloading relations
15:43:17.565639 [info ]: Finished downloading schemas [  0.00s]
15:43:17.730897 [info ]: Started building task graph
15:43:17.730978 [info ]: Finished building task graph [  0.00s]
15:43:17.733095 [info ]: Started rendering (1 nodes)
15:43:17.733129 [info ]: Started model gold.fact
15:43:17.733140 [debug]: Started rendering model gold.fact
15:43:17.736642 [debug]: Compiled SQL for node model.aws_dbt_snowflake_project.fact at target\.lsp\compiled\models\gold\ephemeral\fact.sql
15:43:17.736743 [debug]: Finished rendering [  0.00s] model gold.fact [success]
15:43:17.736765 [info ]: Finished rendering [  0.00s] (1 nodes, 0 skipped, 0 errors)
15:43:17.736796 [info ]: Started analyzing (1 nodes)
15:43:17.736811 [debug]: Started analyzing model gold.fact
15:43:17.755899 [error]: dbt0101: mismatched input ',' expecting one of <EOF>, ';'
  --> models\gold\ephemeral\fact.sql:23:5 (target\.lsp\compiled\models\gold\ephemeral\fact.sql:6:52)
15:43:17.756203 [info ]:     Failed [  0.02s] model gold.fact (ephemeral)
15:43:17.756544 [debug]: Finished analyzing [  0.02s] model gold.fact [error]
15:43:17.756552 [info ]: Finished analyzing [  0.02s] (1 nodes, 0 skipped, 1 errors)
15:43:17.763809 [info ]: Cached model count updated: 11 models (accurate)
15:43:17.798253 [info ]: Started loading project
15:43:17.798907 [info ]: Loading profiles.yml
15:43:17.804565 [info ]: Started parsing
15:43:17.824407 [info ]: Finished loading project [  0.03s]
15:43:17.827510 [info ]: Finished parsing [  0.02s]
15:43:17.828809 [info ]: Cached model count updated: 11 models (estimate)
15:43:17.828821 [info ]: Cached model count updated: 11 models (accurate)
15:43:17.828854 [info ]: Started scheduling
15:43:17.828914 [info ]: Finished scheduling [  0.00s]
15:43:17.828922 [debug]: Incremental compilation - 0 nodes selected: {}
15:43:17.831392 [warn ]: dbt1600: The selection criterion '' does not match any enabled nodes
15:43:17.831692 [warn ]: dbt1601: Nothing to do. Try checking your model configs and model specification args
15:43:17.832155 [info ]: Started deferring state
15:43:17.832169 [info ]: Finished deferring state [  0.00s]
15:43:17.832464 [info ]: Started downloading schemas
15:43:17.832488 [debug]:    Started downloading relations
15:43:17.832505 [debug]:   Finished [  0.00s] downloading relations
15:43:17.832515 [info ]: Finished downloading schemas [  0.00s]
15:43:17.948765 [info ]: Started building task graph
15:43:17.948814 [info ]: Finished building task graph [  0.00s]
15:43:17.956377 [info ]: Cached model count updated: 11 models (accurate)
==================== 2026-03-14T17:34:42.230191Z | 44cfe2e5-7f5b-468e-9a70-fedeaac87457 ====================
17:34:42.230315 [info ]: Starting dbt LSP server
17:34:42.230363 [info ]: Connecting to LSP client on port 8000
17:34:42.232470 [info ]: Successfully connected to LSP client
17:34:42.232486 [info ]: Creating LSP service...
17:34:42.299526 [info ]: Creating LSP server...
17:34:42.299548 [info ]: Starting LSP server...
17:34:42.379427 [info ]: Started loading project
17:34:42.384916 [info ]: Loading profiles.yml
17:34:42.392162 [debug]:    Started loading packages
17:34:42.401244 [debug]:     Loaded [  0.01s] packages
17:34:42.402358 [info ]: Started parsing
17:34:42.435343 [info ]: Finished loading project [  0.06s]
17:34:42.438122 [debug]: Finished parsing models\sources\sources.yml [  0.00s]
17:34:42.438352 [debug]: Finished parsing snapshots\dim_bookings.yml [  0.00s]
17:34:42.438804 [debug]: Finished parsing snapshots\dim_hosts.yml [  0.00s]
17:34:42.439042 [debug]: Finished parsing snapshots\dim_listings.yml [  0.00s]
17:34:42.465254 [debug]: Finished parsing target\snapshots\dim_bookings.sql [  0.01s]
17:34:42.466595 [debug]: Finished parsing target\snapshots\dim_hosts.sql [  0.00s]
17:34:42.472545 [debug]: Finished parsing target\snapshots\dim_listings.sql [  0.01s]
17:34:42.475188 [debug]: Finished parsing models\bronze\bronze_bookings.sql [  0.00s]
17:34:42.476424 [debug]: Finished parsing models\bronze\bronze_hosts.sql [  0.00s]
17:34:42.477696 [debug]: Finished parsing models\bronze\bronze_listings.sql [  0.00s]
17:34:42.480675 [debug]: Finished parsing models\gold\ephemeral\bookings.sql [  0.00s]
17:34:42.482968 [debug]: Finished parsing models\gold\ephemeral\fact.sql [  0.00s]
17:34:42.484305 [debug]: Finished parsing models\gold\ephemeral\hosts.sql [  0.00s]
17:34:42.488577 [debug]: Finished parsing models\gold\ephemeral\listings.sql [  0.00s]
17:34:42.490958 [debug]: Finished parsing models\gold\obt.sql [  0.00s]
17:34:42.493038 [debug]: Finished parsing models\silver\silver_bookings.sql [  0.00s]
17:34:42.505288 [debug]: Finished parsing models\silver\silver_hosts.sql [  0.01s]
17:34:42.517102 [debug]: Finished parsing models\silver\silver_listings.sql [  0.01s]
17:34:42.520749 [debug]: Finished parsing analyses\If_else.sql [  0.00s]
17:34:42.521581 [debug]: Finished parsing analyses\explore.sql [  0.00s]
17:34:42.525883 [debug]: Finished parsing analyses\for_loop.sql [  0.00s]
17:34:42.527705 [info ]: Finished parsing [  0.13s]
17:34:42.529604 [info ]: Cached model count updated: 11 models (estimate)
17:34:42.529635 [info ]: Cached model count updated: 11 models (accurate)
17:34:42.529773 [info ]: Started scheduling
17:34:42.530147 [info ]: Finished scheduling [  0.00s]
17:34:42.530197 [info ]: Started scheduling
17:34:42.530380 [info ]: Finished scheduling [  0.00s]
17:34:42.530567 [debug]: Initializing schema store with entry: Selected("snapshot.aws_dbt_snowflake_project.dim_bookings") and interval: None
17:34:42.530815 [debug]: Initializing schema store with entry: Selected("snapshot.aws_dbt_snowflake_project.dim_listings") and interval: None
17:34:42.530923 [debug]: Initializing schema store with entry: Selected("snapshot.aws_dbt_snowflake_project.dim_hosts") and interval: None
17:34:42.531063 [debug]: Initializing schema store with entry: Frontier(CanonicalFqn { catalog: "AIRBNB", schema: "STAGING", table: "HOSTS" }) and interval: None
17:34:42.531165 [debug]: Initializing schema store with entry: Frontier(CanonicalFqn { catalog: "AIRBNB", schema: "STAGING", table: "LISTINGS" }) and interval: None
17:34:42.531301 [debug]: Initializing schema store with entry: Frontier(CanonicalFqn { catalog: "AIRBNB", schema: "STAGING", table: "BOOKINGS" }) and interval: None
17:34:42.532801 [info ]: Started deferring state
17:34:42.532851 [info ]: Finished deferring state [  0.00s]
17:34:42.534879 [info ]: Started downloading schemas
17:34:42.535127 [debug]:    Started downloading relations
17:34:42.811472 [info ]: Loading profiles.yml
17:34:43.684770 [debug]: Query executed on node unknown:
SHOW OBJECTS IN SCHEMA "AIRBNB"."BRONZE" LIMIT 10000
17:34:44.457986 [debug]:   Finished [  1.92s] downloading relations
17:34:44.952041 [debug]: Query executed on node unknown:
describe table "AIRBNB"."BRONZE"."BRONZE_BOOKINGS"
17:34:44.958045 [debug]: Query executed on node unknown:
describe table "AIRBNB"."BRONZE"."BRONZE_HOSTS"
17:34:45.113503 [debug]: Query executed on node unknown:
describe table "AIRBNB"."SILVER"."SILVER_BOOKINGS"
17:34:45.114855 [debug]: Query executed on node unknown:
describe table "AIRBNB"."BRONZE"."BRONZE_LISTINGS"
17:34:45.230143 [debug]: Query executed on node unknown:
describe table "AIRBNB"."SILVER"."SILVER_HOSTS"
17:34:45.385981 [debug]: Query executed on node unknown:
describe table "AIRBNB"."SILVER"."SILVER_LISTINGS"
17:34:45.474296 [info ]: Downloaded AIRBNB.bronze.bronze_bookings (schema)
17:34:45.487524 [info ]: Downloaded AIRBNB.bronze.bronze_hosts (schema)
17:34:45.488448 [info ]: Downloaded AIRBNB.bronze.bronze_listings (schema)
17:34:45.489128 [info ]: Downloaded AIRBNB.silver.silver_bookings (schema)
17:34:45.489708 [info ]: Downloaded AIRBNB.silver.silver_hosts (schema)
17:34:45.490279 [info ]: Downloaded AIRBNB.silver.silver_listings (schema)
17:34:45.691626 [info ]: Started building task graph
17:34:45.700462 [info ]: Finished building task graph [  0.01s]
17:34:45.711391 [info ]: Started rendering (17 nodes)
17:34:45.713556 [info ]: Started model gold.fact
17:34:45.715658 [debug]: Started rendering model gold.fact
17:34:45.716847 [info ]: Started model bronze.bronze_listings
17:34:45.716874 [info ]: Finished downloading schemas [  3.18s]
17:34:45.716877 [debug]: Started rendering model bronze.bronze_listings
17:34:45.716903 [info ]: Started model bronze.bronze_hosts
17:34:45.716915 [debug]: Started rendering model bronze.bronze_hosts
17:34:45.717177 [info ]: Started analysis DBT_SCHEMA.for_loop
17:34:45.717202 [debug]: Started rendering analysis DBT_SCHEMA.for_loop
17:34:45.717240 [info ]: Started analysis DBT_SCHEMA.explore
17:34:45.717257 [debug]: Started rendering analysis DBT_SCHEMA.explore
17:34:45.717278 [info ]: Started model gold.obt
17:34:45.717293 [debug]: Started rendering model gold.obt
17:34:45.717318 [info ]: Started analysis DBT_SCHEMA.If_else
17:34:45.717333 [debug]: Started rendering analysis DBT_SCHEMA.If_else
17:34:45.717354 [info ]: Started model bronze.bronze_bookings
17:34:45.717366 [debug]: Started rendering model bronze.bronze_bookings
17:34:45.741711 [debug]: Compiled SQL for node analysis.aws_dbt_snowflake_project.explore at target\.lsp\compiled\analyses\explore.sql
17:34:45.741809 [debug]: Compiled SQL for node model.aws_dbt_snowflake_project.fact at target\.lsp\compiled\models\gold\ephemeral\fact.sql
17:34:45.741843 [debug]: Compiled SQL for node analysis.aws_dbt_snowflake_project.for_loop at target\.lsp\compiled\analyses\for_loop.sql
17:34:45.741865 [debug]: Compiled SQL for node model.aws_dbt_snowflake_project.obt at target\.lsp\compiled\models\gold\obt.sql
17:34:45.741891 [debug]: Compiled SQL for node analysis.aws_dbt_snowflake_project.If_else at target\.lsp\compiled\analyses\If_else.sql
17:34:45.744911 [debug]: Finished rendering [  0.03s] analysis DBT_SCHEMA.explore [success]
17:34:45.746185 [debug]: Finished rendering [  0.03s] analysis DBT_SCHEMA.If_else [success]
17:34:45.746244 [debug]: Finished rendering [  0.03s] model gold.obt [success]
17:34:45.746500 [info ]: Started analyzing (17 nodes)
17:34:45.746539 [debug]: Started analyzing model gold.obt
17:34:45.746576 [debug]: Finished rendering [  0.03s] analysis DBT_SCHEMA.for_loop [success]
17:34:45.746605 [debug]: Finished rendering [  0.03s] model gold.fact [success]
17:34:45.746621 [debug]: Started analyzing model gold.fact
17:34:45.768139 [debug]: Compiled SQL for node model.aws_dbt_snowflake_project.bronze_bookings at target\.lsp\compiled\models\bronze\bronze_bookings.sql
17:34:45.768419 [debug]: Started analyzing model bronze.bronze_bookings
17:34:45.770666 [debug]: Compiled SQL for node model.aws_dbt_snowflake_project.bronze_hosts at target\.lsp\compiled\models\bronze\bronze_hosts.sql
17:34:45.770767 [debug]: Started analyzing model bronze.bronze_hosts
17:34:45.772162 [debug]: Compiled SQL for node model.aws_dbt_snowflake_project.bronze_listings at target\.lsp\compiled\models\bronze\bronze_listings.sql
17:34:45.772268 [debug]: Started analyzing model bronze.bronze_listings
17:34:45.772744 [debug]: Finished rendering [  0.06s] model bronze.bronze_hosts [success]
17:34:45.772799 [debug]: Finished rendering [  0.06s] model bronze.bronze_bookings [success]
17:34:45.772819 [debug]: Finished rendering [  0.06s] model bronze.bronze_listings [success]
17:34:45.797885 [error]: dbt0101: mismatched input ',' expecting one of <EOF>, ';'
  --> models\gold\ephemeral\fact.sql:23:5 (target\.lsp\compiled\models\gold\ephemeral\fact.sql:6:52)
17:34:45.798454 [info ]:     Failed [  0.08s] model gold.fact (ephemeral)
17:34:45.799034 [debug]: Finished analyzing [  0.05s] model gold.fact [error]
17:34:45.899030 [info ]:  Succeeded [  0.18s] model gold.obt (table)
17:34:45.899076 [debug]: Finished analyzing [  0.15s] model gold.obt [success]
17:34:45.899117 [info ]: Started model gold.listings
17:34:45.899142 [debug]: Started rendering model gold.listings
17:34:45.899164 [info ]: Started model gold.bookings
17:34:45.899178 [debug]: Started rendering model gold.bookings
17:34:45.899199 [debug]: Started analyzing analysis DBT_SCHEMA.explore
17:34:45.899217 [info ]: Started model gold.hosts
17:34:45.899226 [debug]: Started rendering model gold.hosts
17:34:45.913872 [debug]: Compiled SQL for node model.aws_dbt_snowflake_project.listings at target\.lsp\compiled\models\gold\ephemeral\listings.sql
17:34:45.914112 [debug]: Started analyzing model gold.listings
17:34:45.915178 [debug]: Finished rendering [  0.02s] model gold.listings [success]
17:34:45.921332 [debug]: Compiled SQL for node model.aws_dbt_snowflake_project.hosts at target\.lsp\compiled\models\gold\ephemeral\hosts.sql
17:34:45.921448 [debug]: Started analyzing model gold.hosts
17:34:45.925245 [debug]: Finished rendering [  0.03s] model gold.hosts [success]
17:34:45.929536 [info ]:  Succeeded [  0.06s] analysis DBT_SCHEMA.explore (analysis)
17:34:45.929607 [debug]: Finished analyzing [  0.03s] analysis DBT_SCHEMA.explore [success]
17:34:45.936054 [debug]: Compiled SQL for node model.aws_dbt_snowflake_project.bookings at target\.lsp\compiled\models\gold\ephemeral\bookings.sql
17:34:45.936159 [debug]: Started analyzing model gold.bookings
17:34:45.936513 [debug]: Finished rendering [  0.04s] model gold.bookings [success]
17:34:45.941617 [info ]:  Succeeded [  0.04s] model gold.bookings (ephemeral)
17:34:45.941663 [debug]: Finished analyzing [  0.01s] model gold.bookings [success]
17:34:45.941718 [info ]: Started snapshot gold.dim_bookings
17:34:45.941752 [debug]: Started rendering snapshot gold.dim_bookings
17:34:45.941783 [info ]:  Succeeded [  0.04s] model gold.hosts (ephemeral)
17:34:45.941798 [debug]: Finished analyzing [  0.02s] model gold.hosts [success]
17:34:45.941818 [info ]: Started snapshot gold.dim_hosts
17:34:45.941827 [debug]: Started rendering snapshot gold.dim_hosts
17:34:45.941846 [info ]:  Succeeded [  0.04s] model gold.listings (ephemeral)
17:34:45.941863 [debug]: Finished analyzing [  0.03s] model gold.listings [success]
17:34:45.942242 [info ]: Started snapshot gold.dim_listings
17:34:45.942273 [debug]: Started rendering snapshot gold.dim_listings
17:34:45.954221 [debug]: Compiled SQL for node snapshot.aws_dbt_snowflake_project.dim_listings at target\.lsp\compiled\snapshots\dim_listings.sql
17:34:45.954355 [debug]: Started analyzing snapshot gold.dim_listings
17:34:45.954488 [debug]: Compiled SQL for node snapshot.aws_dbt_snowflake_project.dim_hosts at target\.lsp\compiled\snapshots\dim_hosts.sql
17:34:45.954572 [debug]: Started analyzing snapshot gold.dim_hosts
17:34:45.954623 [debug]: Compiled SQL for node snapshot.aws_dbt_snowflake_project.dim_bookings at target\.lsp\compiled\snapshots\dim_bookings.sql
17:34:45.954666 [debug]: Started analyzing snapshot gold.dim_bookings
17:34:45.954776 [debug]: Finished rendering [  0.01s] snapshot gold.dim_bookings [success]
17:34:45.954805 [debug]: Finished rendering [  0.01s] snapshot gold.dim_listings [success]
17:34:45.954820 [debug]: Finished rendering [  0.01s] snapshot gold.dim_hosts [success]
17:34:45.977743 [info ]:  Succeeded [  0.04s] snapshot gold.dim_bookings (table)
17:34:45.977785 [debug]: Finished analyzing [  0.02s] snapshot gold.dim_bookings [success]
17:34:45.977809 [info ]:  Succeeded [  0.04s] snapshot gold.dim_listings (table)
17:34:45.977825 [debug]: Finished analyzing [  0.02s] snapshot gold.dim_listings [success]
17:34:45.977899 [info ]:  Succeeded [  0.04s] snapshot gold.dim_hosts (table)
17:34:45.977915 [debug]: Finished analyzing [  0.02s] snapshot gold.dim_hosts [success]
17:34:45.985438 [info ]:  Succeeded [  0.27s] model bronze.bronze_hosts (incremental)
17:34:45.985485 [debug]: Finished analyzing [  0.21s] model bronze.bronze_hosts [success]
17:34:45.985519 [info ]: Started model silver.silver_hosts
17:34:45.985538 [debug]: Started rendering model silver.silver_hosts
17:34:45.985573 [info ]:  Succeeded [  0.27s] model bronze.bronze_bookings (incremental)
17:34:45.985590 [debug]: Finished analyzing [  0.22s] model bronze.bronze_bookings [success]
17:34:45.985608 [info ]: Started model silver.silver_bookings
17:34:45.985618 [debug]: Started rendering model silver.silver_bookings
17:34:45.985636 [debug]: Started analyzing analysis DBT_SCHEMA.If_else
17:34:45.985650 [debug]: Started analyzing analysis DBT_SCHEMA.for_loop
17:34:45.985668 [info ]:  Succeeded [  0.27s] model bronze.bronze_listings (incremental)
17:34:45.985682 [debug]: Finished analyzing [  0.21s] model bronze.bronze_listings [success]
17:34:45.988628 [info ]: Started model silver.silver_listings
17:34:45.988676 [debug]: Started rendering model silver.silver_listings
17:34:45.989381 [info ]:  Succeeded [  0.03s] analysis DBT_SCHEMA.for_loop (analysis)
17:34:45.989423 [debug]: Finished analyzing [  0.00s] analysis DBT_SCHEMA.for_loop [success]
17:34:45.993295 [debug]: Compiled SQL for node model.aws_dbt_snowflake_project.silver_hosts at target\.lsp\compiled\models\silver\silver_hosts.sql
17:34:45.993412 [debug]: Started analyzing model silver.silver_hosts
17:34:45.993579 [debug]: Finished rendering [  0.01s] model silver.silver_hosts [success]
17:34:45.998934 [debug]: Compiled SQL for node model.aws_dbt_snowflake_project.silver_bookings at target\.lsp\compiled\models\silver\silver_bookings.sql
17:34:45.999063 [debug]: Started analyzing model silver.silver_bookings
17:34:45.999063 [debug]: Finished rendering [  0.01s] model silver.silver_bookings [success]
17:34:46.001541 [debug]: Compiled SQL for node model.aws_dbt_snowflake_project.silver_listings at target\.lsp\compiled\models\silver\silver_listings.sql
17:34:46.009960 [debug]: Finished rendering [  0.02s] model silver.silver_listings [success]
17:34:46.010000 [info ]: Finished rendering [  0.30s] (17 nodes, 0 skipped, 0 errors)
17:34:46.010043 [debug]: Started analyzing model silver.silver_listings
17:34:46.010088 [info ]:  Succeeded [  0.05s] analysis DBT_SCHEMA.If_else (analysis)
17:34:46.010110 [debug]: Finished analyzing [  0.02s] analysis DBT_SCHEMA.If_else [success]
17:34:46.024286 [info ]:  Succeeded [  0.04s] model silver.silver_listings (incremental)
17:34:46.024326 [debug]: Finished analyzing [  0.01s] model silver.silver_listings [success]
17:34:46.024581 [info ]:  Succeeded [  0.04s] model silver.silver_hosts (incremental)
17:34:46.024613 [debug]: Finished analyzing [  0.03s] model silver.silver_hosts [success]
17:34:46.026714 [info ]:  Succeeded [  0.04s] model silver.silver_bookings (incremental)
17:34:46.026774 [debug]: Finished analyzing [  0.03s] model silver.silver_bookings [success]
17:34:46.026788 [info ]: Finished analyzing [  0.28s] (17 nodes, 0 skipped, 1 errors)
17:34:46.043824 [info ]: Cached model count updated: 11 models (accurate)
17:37:06.893875 [info ]: Started loading project
17:37:06.895410 [info ]: Loading profiles.yml
17:37:06.925335 [info ]: Started parsing
17:37:06.963446 [info ]: Finished loading project [  0.07s]
17:37:06.970769 [debug]: Finished parsing models\gold\ephemeral\fact.sql [  0.00s]
17:37:06.974042 [info ]: Finished parsing [  0.05s]
17:37:06.980758 [info ]: Cached model count updated: 11 models (estimate)
17:37:06.980783 [info ]: Cached model count updated: 11 models (accurate)
17:37:06.980870 [info ]: Started scheduling
17:37:06.986532 [info ]: Finished scheduling [  0.01s]
17:37:06.987010 [debug]: Incremental compilation - 1 nodes selected: {"model.aws_dbt_snowflake_project.fact"}
17:37:06.989583 [info ]: Started deferring state
17:37:06.989613 [info ]: Finished deferring state [  0.00s]
17:37:06.990228 [info ]: Started downloading schemas
17:37:06.990285 [debug]:    Started downloading relations
17:37:06.990327 [debug]:   Finished [  0.00s] downloading relations
17:37:06.990346 [info ]: Finished downloading schemas [  0.00s]
17:37:07.244440 [info ]: Started building task graph
17:37:07.244587 [info ]: Finished building task graph [  0.00s]
17:37:07.260312 [info ]: Cached model count updated: 11 models (accurate)
17:37:07.330832 [info ]: Started loading project
17:37:07.332301 [info ]: Loading profiles.yml
17:37:07.342717 [info ]: Started parsing
17:37:07.371464 [info ]: Finished loading project [  0.04s]
17:37:07.374981 [debug]: Finished parsing models\gold\ephemeral\fact.sql [  0.00s]
17:37:07.378390 [info ]: Finished parsing [  0.04s]
17:37:07.380216 [info ]: Cached model count updated: 11 models (estimate)
17:37:07.380231 [info ]: Cached model count updated: 11 models (accurate)
17:37:07.380280 [info ]: Started scheduling
17:37:07.380388 [info ]: Finished scheduling [  0.00s]
17:37:07.380401 [debug]: Incremental compilation - 1 nodes selected: {"model.aws_dbt_snowflake_project.fact"}
17:37:07.380935 [info ]: Started deferring state
17:37:07.380946 [info ]: Finished deferring state [  0.00s]
17:37:07.381258 [info ]: Started downloading schemas
17:37:07.381284 [debug]:    Started downloading relations
17:37:07.381302 [debug]:   Finished [  0.00s] downloading relations
17:37:07.381313 [info ]: Finished downloading schemas [  0.00s]
17:37:07.508561 [info ]: Started building task graph
17:37:07.508617 [info ]: Finished building task graph [  0.00s]
17:37:07.508738 [info ]: Started rendering (1 nodes)
17:37:07.508756 [info ]: Started model gold.fact
17:37:07.508768 [debug]: Started rendering model gold.fact
17:37:07.512097 [debug]: Compiled SQL for node model.aws_dbt_snowflake_project.fact at target\.lsp\compiled\models\gold\ephemeral\fact.sql
17:37:07.512336 [debug]: Finished rendering [  0.00s] model gold.fact [success]
17:37:07.512349 [info ]: Started analyzing (1 nodes)
17:37:07.512360 [info ]: Finished rendering [  0.00s] (1 nodes, 0 skipped, 0 errors)
17:37:07.512370 [debug]: Started analyzing model gold.fact
17:37:07.538334 [error]: dbt0227: No column SILVER_BOOKINGS.LISTING_ID found. Available are GOLD_OBT.LISTING_ID, SILVER_LISTINGS.LISTING_ID, GOLD_OBT.BOOKING_ID, GOLD_OBT.HOST_ID, SILVER_LISTINGS.HOST_ID, GOLD_OBT.HOST_NAME, GOLD_OBT.BOOKING_DATE ..(and 28 more)
  --> models\gold\ephemeral\fact.sql:28:1
17:37:07.538805 [info ]:     Failed [  0.03s] model gold.fact (ephemeral)
17:37:07.538859 [debug]: Finished analyzing [  0.03s] model gold.fact [error]
17:37:07.538875 [info ]: Finished analyzing [  0.03s] (1 nodes, 0 skipped, 1 errors)
17:37:07.546911 [info ]: Cached model count updated: 11 models (accurate)
17:38:37.421038 [info ]: Started loading project
17:38:37.422111 [info ]: Loading profiles.yml
17:38:37.432651 [info ]: Started parsing
17:38:37.475576 [info ]: Finished loading project [  0.05s]
17:38:37.480925 [debug]: Finished parsing models\gold\ephemeral\fact.sql [  0.00s]
17:38:37.481484 [info ]: Finished parsing [  0.05s]
17:38:37.484634 [info ]: Cached model count updated: 11 models (estimate)
17:38:37.484661 [info ]: Cached model count updated: 11 models (accurate)
17:38:37.484734 [info ]: Started scheduling
17:38:37.484878 [info ]: Finished scheduling [  0.00s]
17:38:37.484897 [debug]: Incremental compilation - 1 nodes selected: {"model.aws_dbt_snowflake_project.fact"}
17:38:37.485632 [info ]: Started deferring state
17:38:37.485653 [info ]: Finished deferring state [  0.00s]
17:38:37.486183 [info ]: Started downloading schemas
17:38:37.486229 [debug]:    Started downloading relations
17:38:37.486262 [debug]:   Finished [  0.00s] downloading relations
17:38:37.486278 [info ]: Finished downloading schemas [  0.00s]
17:38:37.689933 [info ]: Started building task graph
17:38:37.690000 [info ]: Finished building task graph [  0.00s]
17:38:37.690215 [info ]: Started rendering (1 nodes)
17:38:37.690284 [info ]: Started model gold.fact
17:38:37.690306 [debug]: Started rendering model gold.fact
17:38:37.695105 [debug]: Compiled SQL for node model.aws_dbt_snowflake_project.fact at target\.lsp\compiled\models\gold\ephemeral\fact.sql
17:38:37.695216 [info ]:  Succeeded [  0.00s] model gold.fact (ephemeral)
17:38:37.695371 [debug]: Finished rendering [  0.01s] model gold.fact [success]
17:38:37.695385 [info ]: Finished rendering [  0.01s] (1 nodes, 0 skipped, 0 errors)
17:38:37.705378 [info ]: Cached model count updated: 11 models (accurate)
17:38:37.749882 [info ]: Started loading project
17:38:37.750773 [info ]: Loading profiles.yml
17:38:37.757409 [info ]: Started parsing
17:38:37.775312 [info ]: Finished loading project [  0.03s]
17:38:37.779292 [debug]: Finished parsing models\gold\ephemeral\fact.sql [  0.00s]
17:38:37.779753 [info ]: Finished parsing [  0.02s]
17:38:37.781258 [info ]: Cached model count updated: 11 models (estimate)
17:38:37.781270 [info ]: Cached model count updated: 11 models (accurate)
17:38:37.781312 [info ]: Started scheduling
17:38:37.781383 [info ]: Finished scheduling [  0.00s]
17:38:37.781393 [debug]: Incremental compilation - 1 nodes selected: {"model.aws_dbt_snowflake_project.fact"}
17:38:37.781837 [info ]: Started deferring state
17:38:37.781848 [info ]: Finished deferring state [  0.00s]
17:38:37.782156 [info ]: Started downloading schemas
17:38:37.782182 [debug]:    Started downloading relations
17:38:37.782216 [debug]:   Finished [  0.00s] downloading relations
17:38:37.782228 [info ]: Finished downloading schemas [  0.00s]
17:38:37.944668 [info ]: Started building task graph
17:38:37.944740 [info ]: Finished building task graph [  0.00s]
17:38:37.944921 [info ]: Started rendering (1 nodes)
17:38:37.944943 [info ]: Started model gold.fact
17:38:37.944956 [debug]: Started rendering model gold.fact
17:38:37.948033 [debug]: Compiled SQL for node model.aws_dbt_snowflake_project.fact at target\.lsp\compiled\models\gold\ephemeral\fact.sql
17:38:37.948133 [info ]: Started analyzing (1 nodes)
17:38:37.948155 [debug]: Started analyzing model gold.fact
17:38:37.948155 [debug]: Finished rendering [  0.00s] model gold.fact [success]
17:38:37.948177 [info ]: Finished rendering [  0.00s] (1 nodes, 0 skipped, 0 errors)
17:38:37.958937 [error]: dbt0227: No column SILVER_BOOKINGS.LISTING_ID found. Available are GOLD_OBT.LISTING_ID, SILVER_LISTINGS.LISTING_ID, GOLD_OBT.BOOKING_ID, GOLD_OBT.HOST_ID, SILVER_LISTINGS.HOST_ID, GOLD_OBT.HOST_NAME, GOLD_OBT.BOOKING_DATE ..(and 28 more)
  --> models\gold\ephemeral\fact.sql:28:1
17:38:37.959034 [info ]:     Failed [  0.01s] model gold.fact (ephemeral)
17:38:37.959063 [debug]: Finished analyzing [  0.01s] model gold.fact [error]
17:38:37.959073 [info ]: Finished analyzing [  0.01s] (1 nodes, 0 skipped, 1 errors)
17:38:37.967279 [info ]: Cached model count updated: 11 models (accurate)
17:44:36.062985 [info ]: Started loading project
17:44:36.064456 [info ]: Loading profiles.yml
17:44:36.070677 [info ]: Started parsing
17:44:36.090201 [info ]: Finished loading project [  0.03s]
17:44:36.095040 [debug]: Finished parsing models\gold\ephemeral\fact.sql [  0.00s]
17:44:36.095563 [info ]: Finished parsing [  0.02s]
17:44:36.098051 [info ]: Cached model count updated: 11 models (estimate)
17:44:36.098070 [info ]: Cached model count updated: 11 models (accurate)
17:44:36.098134 [info ]: Started scheduling
17:44:36.098275 [info ]: Finished scheduling [  0.00s]
17:44:36.098290 [debug]: Incremental compilation - 1 nodes selected: {"model.aws_dbt_snowflake_project.fact"}
17:44:36.098880 [info ]: Started deferring state
17:44:36.098896 [info ]: Finished deferring state [  0.00s]
17:44:36.099355 [info ]: Started downloading schemas
17:44:36.099395 [debug]:    Started downloading relations
17:44:36.099425 [debug]:   Finished [  0.00s] downloading relations
17:44:36.099438 [info ]: Finished downloading schemas [  0.00s]
17:44:36.245594 [info ]: Started building task graph
17:44:36.245963 [info ]: Finished building task graph [  0.00s]
17:44:36.246213 [info ]: Started rendering (1 nodes)
17:44:36.246241 [info ]: Started model gold.fact
17:44:36.246261 [debug]: Started rendering model gold.fact
17:44:36.249021 [debug]: Compiled SQL for node model.aws_dbt_snowflake_project.fact at target\.lsp\compiled\models\gold\ephemeral\fact.sql
17:44:36.249126 [info ]: Started analyzing (1 nodes)
17:44:36.249144 [debug]: Started analyzing model gold.fact
17:44:36.249277 [debug]: Finished rendering [  0.00s] model gold.fact [success]
17:44:36.249305 [info ]: Finished rendering [  0.00s] (1 nodes, 0 skipped, 0 errors)
17:44:36.271088 [error]: dbt0227: No column SILVER_BOOKINGS.LISTING_ID found. Available are GOLD_LISTINGS.LISTING_ID, GOLD_OBT.LISTING_ID, GOLD_OBT.BOOKING_ID, GOLD_OBT.HOST_ID, GOLD_LISTINGS.DBT_SCD_ID, GOLD_OBT.HOST_NAME, GOLD_OBT.BOOKING_DATE ..(and 30 more)
  --> models\gold\ephemeral\fact.sql:28:1
17:44:36.271191 [info ]:     Failed [  0.02s] model gold.fact (ephemeral)
17:44:36.271330 [debug]: Finished analyzing [  0.02s] model gold.fact [error]
17:44:36.271350 [info ]: Finished analyzing [  0.02s] (1 nodes, 0 skipped, 1 errors)
17:44:36.277781 [info ]: Cached model count updated: 11 models (accurate)
17:44:36.351495 [info ]: Started loading project
17:44:36.352284 [info ]: Loading profiles.yml
17:44:36.358826 [info ]: Started parsing
17:44:36.376464 [info ]: Finished loading project [  0.02s]
17:44:36.380527 [info ]: Finished parsing [  0.02s]
17:44:36.382327 [info ]: Cached model count updated: 11 models (estimate)
17:44:36.382340 [info ]: Cached model count updated: 11 models (accurate)
17:44:36.382386 [info ]: Started scheduling
17:44:36.382436 [info ]: Finished scheduling [  0.00s]
17:44:36.382446 [debug]: Incremental compilation - 0 nodes selected: {}
17:44:36.385999 [warn ]: dbt1600: The selection criterion '' does not match any enabled nodes
17:44:36.386356 [warn ]: dbt1601: Nothing to do. Try checking your model configs and model specification args
17:44:36.387003 [info ]: Started deferring state
17:44:36.387024 [info ]: Finished deferring state [  0.00s]
17:44:36.387447 [info ]: Started downloading schemas
17:44:36.387483 [debug]:    Started downloading relations
17:44:36.387505 [debug]:   Finished [  0.00s] downloading relations
17:44:36.387518 [info ]: Finished downloading schemas [  0.00s]
17:44:36.522051 [info ]: Started building task graph
17:44:36.522098 [info ]: Finished building task graph [  0.00s]
17:44:36.527154 [info ]: Cached model count updated: 11 models (accurate)
17:48:02.537063 [info ]: Started loading project
17:48:02.538716 [info ]: Loading profiles.yml
17:48:02.545529 [info ]: Started parsing
17:48:02.565404 [info ]: Finished loading project [  0.03s]
17:48:02.569875 [debug]: Finished parsing models\gold\ephemeral\fact.sql [  0.00s]
17:48:02.570334 [info ]: Finished parsing [  0.02s]
17:48:02.572564 [info ]: Cached model count updated: 11 models (estimate)
17:48:02.572581 [info ]: Cached model count updated: 11 models (accurate)
17:48:02.572652 [info ]: Started scheduling
17:48:02.572776 [info ]: Finished scheduling [  0.00s]
17:48:02.572797 [debug]: Incremental compilation - 1 nodes selected: {"model.aws_dbt_snowflake_project.fact"}
17:48:02.573426 [info ]: Started deferring state
17:48:02.573442 [info ]: Finished deferring state [  0.00s]
17:48:02.573845 [info ]: Started downloading schemas
17:48:02.573884 [debug]:    Started downloading relations
17:48:02.573907 [debug]:   Finished [  0.00s] downloading relations
17:48:02.573922 [info ]: Finished downloading schemas [  0.00s]
17:48:02.795907 [info ]: Started building task graph
17:48:02.795985 [info ]: Finished building task graph [  0.00s]
17:48:02.796174 [info ]: Started rendering (1 nodes)
17:48:02.796188 [info ]: Started model gold.fact
17:48:02.796198 [debug]: Started rendering model gold.fact
17:48:02.800891 [debug]: Compiled SQL for node model.aws_dbt_snowflake_project.fact at target\.lsp\compiled\models\gold\ephemeral\fact.sql
17:48:02.801064 [info ]: Started analyzing (1 nodes)
17:48:02.801070 [debug]: Finished rendering [  0.00s] model gold.fact [success]
17:48:02.801103 [info ]: Finished rendering [  0.00s] (1 nodes, 0 skipped, 0 errors)
17:48:02.801099 [debug]: Started analyzing model gold.fact
17:48:02.805479 [error]: dbt0101: mismatched input ',' expecting one of <EOF>, ';'
  --> models\gold\ephemeral\fact.sql:23:5 (target\.lsp\compiled\models\gold\ephemeral\fact.sql:8:9)
17:48:02.805530 [info ]:     Failed [  0.01s] model gold.fact (ephemeral)
17:48:02.805557 [debug]: Finished analyzing [  0.00s] model gold.fact [error]
17:48:02.805569 [info ]: Finished analyzing [  0.00s] (1 nodes, 0 skipped, 1 errors)
17:48:02.819153 [info ]: Cached model count updated: 11 models (accurate)
17:48:02.890248 [info ]: Started loading project
17:48:02.891386 [info ]: Loading profiles.yml
17:48:02.901211 [info ]: Started parsing
17:48:02.934280 [info ]: Finished loading project [  0.04s]
17:48:02.939656 [info ]: Finished parsing [  0.04s]
17:48:02.942985 [info ]: Cached model count updated: 11 models (estimate)
17:48:02.943020 [info ]: Cached model count updated: 11 models (accurate)
17:48:02.943126 [info ]: Started scheduling
17:48:02.943233 [info ]: Finished scheduling [  0.00s]
17:48:02.943314 [debug]: Incremental compilation - 0 nodes selected: {}
17:48:02.943355 [warn ]: dbt1600: The selection criterion '' does not match any enabled nodes
17:48:02.943369 [warn ]: dbt1601: Nothing to do. Try checking your model configs and model specification args
17:48:02.944796 [info ]: Started deferring state
17:48:02.944877 [info ]: Finished deferring state [  0.00s]
17:48:02.945684 [info ]: Started downloading schemas
17:48:02.945749 [debug]:    Started downloading relations
17:48:02.945790 [debug]:   Finished [  0.00s] downloading relations
17:48:02.945836 [info ]: Finished downloading schemas [  0.00s]
17:48:03.280939 [info ]: Started building task graph
17:48:03.281028 [info ]: Finished building task graph [  0.00s]
17:48:03.293606 [info ]: Cached model count updated: 11 models (accurate)
17:48:51.225728 [info ]: Started loading project
17:48:51.226756 [info ]: Loading profiles.yml
17:48:51.234661 [info ]: Started parsing
17:48:51.255220 [info ]: Finished loading project [  0.03s]
17:48:51.260362 [debug]: Finished parsing models\gold\ephemeral\fact.sql [  0.00s]
17:48:51.261085 [info ]: Finished parsing [  0.03s]
17:48:51.263715 [info ]: Cached model count updated: 11 models (estimate)
17:48:51.263733 [info ]: Cached model count updated: 11 models (accurate)
17:48:51.263796 [info ]: Started scheduling
17:48:51.263910 [info ]: Finished scheduling [  0.00s]
17:48:51.263925 [debug]: Incremental compilation - 1 nodes selected: {"model.aws_dbt_snowflake_project.fact"}
17:48:51.264463 [info ]: Started deferring state
17:48:51.264478 [info ]: Finished deferring state [  0.00s]
17:48:51.264884 [info ]: Started downloading schemas
17:48:51.264918 [debug]:    Started downloading relations
17:48:51.264943 [debug]:   Finished [  0.00s] downloading relations
17:48:51.264955 [info ]: Finished downloading schemas [  0.00s]
17:48:51.393142 [info ]: Started building task graph
17:48:51.393207 [info ]: Finished building task graph [  0.00s]
17:48:51.393372 [info ]: Started rendering (1 nodes)
17:48:51.393389 [info ]: Started model gold.fact
17:48:51.393403 [debug]: Started rendering model gold.fact
17:48:51.396236 [debug]: Compiled SQL for node model.aws_dbt_snowflake_project.fact at target\.lsp\compiled\models\gold\ephemeral\fact.sql
17:48:51.396385 [info ]: Started analyzing (1 nodes)
17:48:51.396381 [debug]: Finished rendering [  0.00s] model gold.fact [success]
17:48:51.396404 [info ]: Finished rendering [  0.00s] (1 nodes, 0 skipped, 0 errors)
17:48:51.396407 [debug]: Started analyzing model gold.fact
17:48:51.398080 [error]: dbt0101: mismatched input ',' expecting one of <EOF>, ';'
  --> models\gold\ephemeral\fact.sql:22:5 (target\.lsp\compiled\models\gold\ephemeral\fact.sql:8:9)
17:48:51.398131 [info ]:     Failed [  0.00s] model gold.fact (ephemeral)
17:48:51.398179 [debug]: Finished analyzing [  0.00s] model gold.fact [error]
17:48:51.398190 [info ]: Finished analyzing [  0.00s] (1 nodes, 0 skipped, 1 errors)
17:48:51.406707 [info ]: Cached model count updated: 11 models (accurate)
17:48:51.562095 [info ]: Started loading project
17:48:51.562864 [info ]: Loading profiles.yml
17:48:51.570059 [info ]: Started parsing
17:48:51.612710 [info ]: Finished loading project [  0.05s]
17:48:51.622226 [info ]: Finished parsing [  0.05s]
17:48:51.626818 [info ]: Cached model count updated: 11 models (estimate)
17:48:51.626856 [info ]: Cached model count updated: 11 models (accurate)
17:48:51.626983 [info ]: Started scheduling
17:48:51.627104 [info ]: Finished scheduling [  0.00s]
17:48:51.627134 [debug]: Incremental compilation - 0 nodes selected: {}
17:48:51.627167 [warn ]: dbt1600: The selection criterion '' does not match any enabled nodes
17:48:51.627188 [warn ]: dbt1601: Nothing to do. Try checking your model configs and model specification args
17:48:51.628280 [info ]: Started deferring state
17:48:51.628318 [info ]: Finished deferring state [  0.00s]
17:48:51.629124 [info ]: Started downloading schemas
17:48:51.629210 [debug]:    Started downloading relations
17:48:51.629269 [debug]:   Finished [  0.00s] downloading relations
17:48:51.629309 [info ]: Finished downloading schemas [  0.00s]
17:48:51.827342 [info ]: Started building task graph
17:48:51.827585 [info ]: Finished building task graph [  0.00s]
17:48:51.837362 [info ]: Cached model count updated: 11 models (accurate)
17:49:53.344992 [info ]: Started loading project
17:49:53.346078 [info ]: Loading profiles.yml
17:49:53.353902 [info ]: Started parsing
17:49:53.371780 [info ]: Finished loading project [  0.03s]
17:49:53.376898 [debug]: Finished parsing models\gold\ephemeral\fact.sql [  0.00s]
17:49:53.377319 [info ]: Finished parsing [  0.02s]
17:49:53.379277 [info ]: Cached model count updated: 11 models (estimate)
17:49:53.379293 [info ]: Cached model count updated: 11 models (accurate)
17:49:53.379348 [info ]: Started scheduling
17:49:53.379481 [info ]: Finished scheduling [  0.00s]
17:49:53.379495 [debug]: Incremental compilation - 1 nodes selected: {"model.aws_dbt_snowflake_project.fact"}
17:49:53.380042 [info ]: Started deferring state
17:49:53.380057 [info ]: Finished deferring state [  0.00s]
17:49:53.380498 [info ]: Started downloading schemas
17:49:53.380534 [debug]:    Started downloading relations
17:49:53.380560 [debug]:   Finished [  0.00s] downloading relations
17:49:53.380592 [info ]: Finished downloading schemas [  0.00s]
17:49:53.520403 [info ]: Started building task graph
17:49:53.520490 [info ]: Finished building task graph [  0.00s]
17:49:53.520628 [info ]: Started rendering (1 nodes)
17:49:53.520645 [info ]: Started model gold.fact
17:49:53.520659 [debug]: Started rendering model gold.fact
17:49:53.524578 [error]: dbt1501: Failed to render SQL undefined value
(in models\gold\ephemeral\fact.sql:23:40)
  --> models\gold\ephemeral\fact.sql:23:40
17:49:53.525046 [info ]: Started analyzing (1 nodes)
17:49:53.525060 [debug]: Started analyzing model gold.fact
17:49:53.525553 [info ]:     Failed [  0.00s] model gold.fact (ephemeral)
17:49:53.525577 [debug]: Finished analyzing [  0.00s] model gold.fact [skipped]
17:49:53.525583 [info ]: Finished analyzing [  0.00s] (1 nodes, 1 skipped, 0 errors)
17:49:53.531428 [info ]: Cached model count updated: 11 models (accurate)
17:49:53.531492 [debug]: Finished rendering [  0.01s] model gold.fact [error]
17:49:53.531537 [info ]: Finished rendering [  0.01s] (1 nodes, 0 skipped, 1 errors)
17:49:53.712147 [info ]: Started loading project
17:49:53.713668 [info ]: Loading profiles.yml
17:49:53.728493 [info ]: Started parsing
17:49:53.759660 [info ]: Finished loading project [  0.05s]
17:49:53.762487 [info ]: Finished parsing [  0.03s]
17:49:53.764244 [info ]: Cached model count updated: 11 models (estimate)
17:49:53.764258 [info ]: Cached model count updated: 11 models (accurate)
17:49:53.764303 [info ]: Started scheduling
17:49:53.764351 [info ]: Finished scheduling [  0.00s]
17:49:53.764360 [debug]: Incremental compilation - 0 nodes selected: {}
17:49:53.764372 [warn ]: dbt1600: The selection criterion '' does not match any enabled nodes
17:49:53.764378 [warn ]: dbt1601: Nothing to do. Try checking your model configs and model specification args
17:49:53.765053 [info ]: Started deferring state
17:49:53.765070 [info ]: Finished deferring state [  0.00s]
17:49:53.765477 [info ]: Started downloading schemas
17:49:53.765508 [debug]:    Started downloading relations
17:49:53.765530 [debug]:   Finished [  0.00s] downloading relations
17:49:53.765543 [info ]: Finished downloading schemas [  0.00s]
17:49:53.916756 [info ]: Started building task graph
17:49:53.916808 [info ]: Finished building task graph [  0.00s]
17:49:53.922032 [info ]: Cached model count updated: 11 models (accurate)
17:50:25.936723 [info ]: Started loading project
17:50:25.937778 [info ]: Loading profiles.yml
17:50:25.952416 [info ]: Started parsing
17:50:25.988861 [info ]: Finished loading project [  0.05s]
17:50:25.995278 [debug]: Finished parsing models\gold\ephemeral\fact.sql [  0.00s]
17:50:25.995890 [info ]: Finished parsing [  0.04s]
17:50:25.998355 [info ]: Cached model count updated: 11 models (estimate)
17:50:25.998389 [info ]: Cached model count updated: 11 models (accurate)
17:50:25.998465 [info ]: Started scheduling
17:50:25.998599 [info ]: Finished scheduling [  0.00s]
17:50:25.998616 [debug]: Incremental compilation - 1 nodes selected: {"model.aws_dbt_snowflake_project.fact"}
17:50:25.999331 [info ]: Started deferring state
17:50:25.999355 [info ]: Finished deferring state [  0.00s]
17:50:25.999862 [info ]: Started downloading schemas
17:50:25.999909 [debug]:    Started downloading relations
17:50:25.999938 [debug]:   Finished [  0.00s] downloading relations
17:50:25.999958 [info ]: Finished downloading schemas [  0.00s]
17:50:26.153127 [info ]: Started building task graph
17:50:26.153186 [info ]: Finished building task graph [  0.00s]
17:50:26.153342 [info ]: Started rendering (1 nodes)
17:50:26.153364 [info ]: Started model gold.fact
17:50:26.153375 [debug]: Started rendering model gold.fact
17:50:26.170723 [error]: dbt9002: Error joining blocking task for rendering model model.aws_dbt_snowflake_project.fact: task 3624 panicked with message "called `Option::unwrap()` on a `None` value"
  --> models\gold\ephemeral\fact.sql
17:50:26.170785 [info ]: Started analyzing (1 nodes)
17:50:26.170800 [debug]: Started analyzing model gold.fact
17:50:26.170822 [info ]:     Failed [  0.02s] model gold.fact (ephemeral)
17:50:26.170845 [debug]: Finished analyzing [  0.00s] model gold.fact [skipped]
17:50:26.170853 [info ]: Finished analyzing [  0.00s] (1 nodes, 1 skipped, 0 errors)
17:50:26.177515 [info ]: Cached model count updated: 11 models (accurate)
17:50:26.177575 [debug]: Finished rendering [  0.02s] model gold.fact [error]
17:50:26.177594 [info ]: Finished rendering [  0.02s] (1 nodes, 0 skipped, 1 errors)
17:50:26.247947 [info ]: Started loading project
17:50:26.248734 [info ]: Loading profiles.yml
17:50:26.254246 [info ]: Started parsing
17:50:26.272813 [info ]: Finished loading project [  0.02s]
17:50:26.275745 [info ]: Finished parsing [  0.02s]
17:50:26.277286 [info ]: Cached model count updated: 11 models (estimate)
17:50:26.277300 [info ]: Cached model count updated: 11 models (accurate)
17:50:26.277368 [info ]: Started scheduling
17:50:26.277433 [info ]: Finished scheduling [  0.00s]
17:50:26.277446 [debug]: Incremental compilation - 0 nodes selected: {}
17:50:26.277460 [warn ]: dbt1600: The selection criterion '' does not match any enabled nodes
17:50:26.277466 [warn ]: dbt1601: Nothing to do. Try checking your model configs and model specification args
17:50:26.277937 [info ]: Started deferring state
17:50:26.277950 [info ]: Finished deferring state [  0.00s]
17:50:26.278308 [info ]: Started downloading schemas
17:50:26.278352 [debug]:    Started downloading relations
17:50:26.278371 [debug]:   Finished [  0.00s] downloading relations
17:50:26.278382 [info ]: Finished downloading schemas [  0.00s]
17:50:26.403684 [info ]: Started building task graph
17:50:26.403739 [info ]: Finished building task graph [  0.00s]
17:50:26.408836 [info ]: Cached model count updated: 11 models (accurate)
17:50:43.874719 [info ]: Started loading project
17:50:43.876001 [info ]: Loading profiles.yml
17:50:43.885175 [info ]: Started parsing
17:50:43.923925 [info ]: Finished loading project [  0.05s]
17:50:43.933357 [debug]: Finished parsing models\gold\ephemeral\fact.sql [  0.01s]
17:50:43.934325 [info ]: Finished parsing [  0.05s]
17:50:43.937983 [info ]: Cached model count updated: 11 models (estimate)
17:50:43.938014 [info ]: Cached model count updated: 11 models (accurate)
17:50:43.938121 [info ]: Started scheduling
17:50:43.938345 [info ]: Finished scheduling [  0.00s]
17:50:43.938372 [debug]: Incremental compilation - 1 nodes selected: {"model.aws_dbt_snowflake_project.fact"}
17:50:43.939534 [info ]: Started deferring state
17:50:43.939570 [info ]: Finished deferring state [  0.00s]
17:50:43.940352 [info ]: Started downloading schemas
17:50:43.940421 [debug]:    Started downloading relations
17:50:43.940461 [debug]:   Finished [  0.00s] downloading relations
17:50:43.940482 [info ]: Finished downloading schemas [  0.00s]
17:50:44.213989 [info ]: Started building task graph
17:50:44.214047 [info ]: Finished building task graph [  0.00s]
17:50:44.218075 [info ]: Cached model count updated: 11 models (accurate)
17:50:44.258129 [info ]: Started loading project
17:50:44.258903 [info ]: Loading profiles.yml
17:50:44.265752 [info ]: Started parsing
17:50:44.284189 [info ]: Finished loading project [  0.03s]
17:50:44.287686 [debug]: Finished parsing models\gold\ephemeral\fact.sql [  0.00s]
17:50:44.288153 [info ]: Finished parsing [  0.02s]
17:50:44.290412 [info ]: Cached model count updated: 11 models (estimate)
17:50:44.290431 [info ]: Cached model count updated: 11 models (accurate)
17:50:44.290487 [info ]: Started scheduling
17:50:44.290616 [info ]: Finished scheduling [  0.00s]
17:50:44.290631 [debug]: Incremental compilation - 1 nodes selected: {"model.aws_dbt_snowflake_project.fact"}
17:50:44.291211 [info ]: Started deferring state
17:50:44.291226 [info ]: Finished deferring state [  0.00s]
17:50:44.291648 [info ]: Started downloading schemas
17:50:44.291682 [debug]:    Started downloading relations
17:50:44.291703 [debug]:   Finished [  0.00s] downloading relations
17:50:44.291714 [info ]: Finished downloading schemas [  0.00s]
17:50:44.463017 [info ]: Started building task graph
17:50:44.463112 [info ]: Finished building task graph [  0.00s]
17:50:44.463269 [info ]: Started rendering (1 nodes)
17:50:44.463291 [info ]: Started model gold.fact
17:50:44.463309 [debug]: Started rendering model gold.fact
17:50:44.464314 [error]: dbt9002: Error joining blocking task for rendering model model.aws_dbt_snowflake_project.fact: task 3667 panicked with message "called `Option::unwrap()` on a `None` value"
  --> models\gold\ephemeral\fact.sql
17:50:44.464359 [info ]: Started analyzing (1 nodes)
17:50:44.464370 [debug]: Started analyzing model gold.fact
17:50:44.464386 [info ]:     Failed [  0.00s] model gold.fact (ephemeral)
17:50:44.464407 [debug]: Finished analyzing [  0.00s] model gold.fact [skipped]
17:50:44.464414 [info ]: Finished analyzing [  0.00s] (1 nodes, 1 skipped, 0 errors)
17:50:44.471157 [info ]: Cached model count updated: 11 models (accurate)
17:50:44.471225 [debug]: Finished rendering [  0.01s] model gold.fact [error]
17:50:44.471249 [info ]: Finished rendering [  0.01s] (1 nodes, 0 skipped, 1 errors)
17:51:58.990243 [info ]: Started loading project
17:51:58.991042 [info ]: Loading profiles.yml
17:51:58.996808 [info ]: Started parsing
17:51:59.017032 [info ]: Finished loading project [  0.03s]
17:51:59.021078 [info ]: Finished parsing [  0.02s]
17:51:59.023573 [info ]: Cached model count updated: 11 models (estimate)
17:51:59.023592 [info ]: Cached model count updated: 11 models (accurate)
17:51:59.023648 [info ]: Started scheduling
17:51:59.023719 [info ]: Finished scheduling [  0.00s]
17:51:59.023735 [debug]: Incremental compilation - 0 nodes selected: {}
17:51:59.023829 [warn ]: dbt1600: The selection criterion '' does not match any enabled nodes
17:51:59.023880 [warn ]: dbt1601: Nothing to do. Try checking your model configs and model specification args
17:51:59.024495 [info ]: Started deferring state
17:51:59.024514 [info ]: Finished deferring state [  0.00s]
17:51:59.024838 [info ]: Started downloading schemas
17:51:59.024868 [debug]:    Started downloading relations
17:51:59.024889 [debug]:   Finished [  0.00s] downloading relations
17:51:59.024901 [info ]: Finished downloading schemas [  0.00s]
17:51:59.242553 [info ]: Started building task graph
17:51:59.242643 [info ]: Finished building task graph [  0.00s]
17:51:59.250188 [info ]: Cached model count updated: 11 models (accurate)
17:52:53.767010 [info ]: Started loading project
17:52:53.768049 [info ]: Loading profiles.yml
17:52:53.773602 [info ]: Started parsing
17:52:53.791399 [info ]: Finished loading project [  0.02s]
17:52:53.796279 [debug]: Finished parsing models\gold\ephemeral\fact.sql [  0.00s]
17:52:53.796686 [info ]: Finished parsing [  0.02s]
17:52:53.798790 [info ]: Cached model count updated: 11 models (estimate)
17:52:53.798810 [info ]: Cached model count updated: 11 models (accurate)
17:52:53.798903 [info ]: Started scheduling
17:52:53.799024 [info ]: Finished scheduling [  0.00s]
17:52:53.799041 [debug]: Incremental compilation - 1 nodes selected: {"model.aws_dbt_snowflake_project.fact"}
17:52:53.799701 [info ]: Started deferring state
17:52:53.799718 [info ]: Finished deferring state [  0.00s]
17:52:53.800111 [info ]: Started downloading schemas
17:52:53.800146 [debug]:    Started downloading relations
17:52:53.800167 [debug]:   Finished [  0.00s] downloading relations
17:52:53.800180 [info ]: Finished downloading schemas [  0.00s]
17:52:54.170108 [info ]: Started building task graph
17:52:54.170193 [info ]: Finished building task graph [  0.00s]
17:52:54.176453 [info ]: Cached model count updated: 11 models (accurate)
17:52:54.241412 [info ]: Started loading project
17:52:54.242376 [info ]: Loading profiles.yml
17:52:54.251732 [info ]: Started parsing
17:52:54.269825 [info ]: Finished loading project [  0.03s]
17:52:54.273491 [debug]: Finished parsing models\gold\ephemeral\fact.sql [  0.00s]
17:52:54.273857 [info ]: Finished parsing [  0.02s]
17:52:54.275348 [info ]: Cached model count updated: 11 models (estimate)
17:52:54.275361 [info ]: Cached model count updated: 11 models (accurate)
17:52:54.275403 [info ]: Started scheduling
17:52:54.275504 [info ]: Finished scheduling [  0.00s]
17:52:54.275516 [debug]: Incremental compilation - 1 nodes selected: {"model.aws_dbt_snowflake_project.fact"}
17:52:54.275968 [info ]: Started deferring state
17:52:54.275981 [info ]: Finished deferring state [  0.00s]
17:52:54.276283 [info ]: Started downloading schemas
17:52:54.276311 [debug]:    Started downloading relations
17:52:54.276328 [debug]:   Finished [  0.00s] downloading relations
17:52:54.276338 [info ]: Finished downloading schemas [  0.00s]
17:52:54.406823 [info ]: Started building task graph
17:52:54.406880 [info ]: Finished building task graph [  0.00s]
17:52:54.407003 [info ]: Started rendering (1 nodes)
17:52:54.407018 [info ]: Started model gold.fact
17:52:54.407026 [debug]: Started rendering model gold.fact
17:52:54.407780 [error]: dbt9002: Error joining blocking task for rendering model model.aws_dbt_snowflake_project.fact: task 3709 panicked with message "called `Option::unwrap()` on a `None` value"
  --> models\gold\ephemeral\fact.sql
17:52:54.407845 [info ]: Started analyzing (1 nodes)
17:52:54.407863 [debug]: Started analyzing model gold.fact
17:52:54.407877 [info ]:     Failed [-------] model gold.fact (ephemeral)
17:52:54.407908 [debug]: Finished analyzing [  0.00s] model gold.fact [skipped]
17:52:54.407914 [info ]: Finished analyzing [  0.00s] (1 nodes, 1 skipped, 0 errors)
17:52:54.412311 [info ]: Cached model count updated: 11 models (accurate)
17:52:54.412359 [debug]: Finished rendering [  0.01s] model gold.fact [error]
17:52:54.412378 [info ]: Finished rendering [  0.01s] (1 nodes, 0 skipped, 1 errors)
17:58:41.071998 [info ]: Started loading project
17:58:41.073272 [info ]: Loading profiles.yml
17:58:41.085152 [info ]: Started parsing
17:58:41.119140 [info ]: Finished loading project [  0.05s]
17:58:41.125135 [debug]: Finished parsing models\gold\ephemeral\fact.sql [  0.00s]
17:58:41.125831 [info ]: Finished parsing [  0.04s]
17:58:41.128413 [info ]: Cached model count updated: 11 models (estimate)
17:58:41.128441 [info ]: Cached model count updated: 11 models (accurate)
17:58:41.128548 [info ]: Started scheduling
17:58:41.128730 [info ]: Finished scheduling [  0.00s]
17:58:41.128750 [debug]: Incremental compilation - 1 nodes selected: {"model.aws_dbt_snowflake_project.fact"}
17:58:41.129615 [info ]: Started deferring state
17:58:41.129661 [info ]: Finished deferring state [  0.00s]
17:58:41.130281 [info ]: Started downloading schemas
17:58:41.130342 [debug]:    Started downloading relations
17:58:41.130383 [debug]:   Finished [  0.00s] downloading relations
17:58:41.130402 [info ]: Finished downloading schemas [  0.00s]
17:58:41.344916 [info ]: Started building task graph
17:58:41.345001 [info ]: Finished building task graph [  0.00s]
17:58:41.345178 [info ]: Started rendering (1 nodes)
17:58:41.345208 [info ]: Started model gold.fact
17:58:41.345221 [debug]: Started rendering model gold.fact
17:58:41.346198 [error]: dbt9002: Error joining blocking task for rendering model model.aws_dbt_snowflake_project.fact: task 3822 panicked with message "called `Option::unwrap()` on a `None` value"
  --> models\gold\ephemeral\fact.sql
17:58:41.346244 [info ]: Started analyzing (1 nodes)
17:58:41.348030 [debug]: Started analyzing model gold.fact
17:58:41.348074 [info ]:     Failed [  0.00s] model gold.fact (ephemeral)
17:58:41.348098 [debug]: Finished analyzing [  0.00s] model gold.fact [skipped]
17:58:41.348106 [info ]: Finished analyzing [  0.00s] (1 nodes, 1 skipped, 0 errors)
17:58:41.352558 [info ]: Cached model count updated: 11 models (accurate)
17:58:41.352603 [debug]: Finished rendering [  0.01s] model gold.fact [error]
17:58:41.352622 [info ]: Finished rendering [  0.01s] (1 nodes, 0 skipped, 1 errors)
17:58:41.388120 [info ]: Started loading project
17:58:41.388951 [info ]: Loading profiles.yml
17:58:41.394780 [info ]: Started parsing
17:58:41.412631 [info ]: Finished loading project [  0.02s]
17:58:41.416052 [debug]: Finished parsing models\gold\ephemeral\fact.sql [  0.00s]
17:58:41.416693 [info ]: Finished parsing [  0.02s]
17:58:41.418079 [info ]: Cached model count updated: 11 models (estimate)
17:58:41.418089 [info ]: Cached model count updated: 11 models (accurate)
17:58:41.418126 [info ]: Started scheduling
17:58:41.418198 [info ]: Finished scheduling [  0.00s]
17:58:41.418206 [debug]: Incremental compilation - 1 nodes selected: {"model.aws_dbt_snowflake_project.fact"}
17:58:41.418641 [info ]: Started deferring state
17:58:41.418651 [info ]: Finished deferring state [  0.00s]
17:58:41.418936 [info ]: Started downloading schemas
17:58:41.418960 [debug]:    Started downloading relations
17:58:41.418977 [debug]:   Finished [  0.00s] downloading relations
17:58:41.418986 [info ]: Finished downloading schemas [  0.00s]
17:58:41.550773 [info ]: Started building task graph
17:58:41.550854 [info ]: Finished building task graph [  0.00s]
17:58:41.550992 [info ]: Started rendering (1 nodes)
17:58:41.551011 [info ]: Started model gold.fact
17:58:41.551026 [debug]: Started rendering model gold.fact
17:58:41.552115 [error]: dbt9002: Error joining blocking task for rendering model model.aws_dbt_snowflake_project.fact: task 3841 panicked with message "called `Option::unwrap()` on a `None` value"
  --> models\gold\ephemeral\fact.sql
17:58:41.552163 [info ]: Started analyzing (1 nodes)
17:58:41.552174 [debug]: Started analyzing model gold.fact
17:58:41.552219 [info ]:     Failed [  0.00s] model gold.fact (ephemeral)
17:58:41.552241 [debug]: Finished analyzing [  0.00s] model gold.fact [skipped]
17:58:41.552247 [info ]: Finished analyzing [  0.00s] (1 nodes, 1 skipped, 0 errors)
17:58:41.558612 [info ]: Cached model count updated: 11 models (accurate)
17:58:41.558665 [debug]: Finished rendering [  0.01s] model gold.fact [error]
17:58:41.558681 [info ]: Finished rendering [  0.01s] (1 nodes, 0 skipped, 1 errors)
17:58:56.869039 [info ]: Started loading project
17:58:56.869836 [info ]: Loading profiles.yml
17:58:56.880964 [info ]: Started parsing
17:58:56.900085 [info ]: Finished loading project [  0.03s]
17:58:56.903972 [debug]: Finished parsing models\gold\ephemeral\fact.sql [  0.00s]
17:58:56.904500 [info ]: Finished parsing [  0.02s]
17:58:56.906301 [info ]: Cached model count updated: 11 models (estimate)
17:58:56.906316 [info ]: Cached model count updated: 11 models (accurate)
17:58:56.906368 [info ]: Started scheduling
17:58:56.906485 [info ]: Finished scheduling [  0.00s]
17:58:56.906499 [debug]: Incremental compilation - 1 nodes selected: {"model.aws_dbt_snowflake_project.fact"}
17:58:56.907029 [info ]: Started deferring state
17:58:56.907044 [info ]: Finished deferring state [  0.00s]
17:58:56.907429 [info ]: Started downloading schemas
17:58:56.907463 [debug]:    Started downloading relations
17:58:56.907504 [debug]:   Finished [  0.00s] downloading relations
17:58:56.907527 [info ]: Finished downloading schemas [  0.00s]
17:58:57.123462 [info ]: Started building task graph
17:58:57.123656 [info ]: Finished building task graph [  0.00s]
17:58:57.123907 [info ]: Started rendering (1 nodes)
17:58:57.123946 [info ]: Started model gold.fact
17:58:57.123972 [debug]: Started rendering model gold.fact
17:58:57.126325 [error]: dbt9002: Error joining blocking task for rendering model model.aws_dbt_snowflake_project.fact: task 3892 panicked with message "called `Option::unwrap()` on a `None` value"
  --> models\gold\ephemeral\fact.sql
17:58:57.126497 [info ]:     Failed [  0.00s] model gold.fact (ephemeral)
17:58:57.136899 [info ]: Cached model count updated: 11 models (accurate)
17:58:57.136994 [debug]: Finished rendering [  0.01s] model gold.fact [error]
17:58:57.137034 [info ]: Finished rendering [  0.01s] (1 nodes, 0 skipped, 1 errors)
17:58:57.216709 [info ]: Started loading project
17:58:57.217797 [info ]: Loading profiles.yml
17:58:57.229496 [info ]: Started parsing
17:58:57.277968 [info ]: Finished loading project [  0.06s]
17:58:57.285133 [debug]: Finished parsing models\gold\ephemeral\fact.sql [  0.00s]
17:58:57.285832 [info ]: Finished parsing [  0.06s]
17:58:57.288146 [info ]: Cached model count updated: 11 models (estimate)
17:58:57.288165 [info ]: Cached model count updated: 11 models (accurate)
17:58:57.288229 [info ]: Started scheduling
17:58:57.288350 [info ]: Finished scheduling [  0.00s]
17:58:57.288365 [debug]: Incremental compilation - 1 nodes selected: {"model.aws_dbt_snowflake_project.fact"}
17:58:57.289018 [info ]: Started deferring state
17:58:57.289037 [info ]: Finished deferring state [  0.00s]
17:58:57.289527 [info ]: Started downloading schemas
17:58:57.289582 [debug]:    Started downloading relations
17:58:57.289616 [debug]:   Finished [  0.00s] downloading relations
17:58:57.289639 [info ]: Finished downloading schemas [  0.00s]
17:58:57.576950 [info ]: Started building task graph
17:58:57.577032 [info ]: Finished building task graph [  0.00s]
17:58:57.577213 [info ]: Started rendering (1 nodes)
17:58:57.577248 [info ]: Started model gold.fact
17:58:57.577264 [debug]: Started rendering model gold.fact
17:58:57.578544 [error]: dbt9002: Error joining blocking task for rendering model model.aws_dbt_snowflake_project.fact: task 3910 panicked with message "called `Option::unwrap()` on a `None` value"
  --> models\gold\ephemeral\fact.sql
17:58:57.578626 [info ]: Started analyzing (1 nodes)
17:58:57.578653 [debug]: Started analyzing model gold.fact
17:58:57.578823 [info ]:     Failed [  0.00s] model gold.fact (ephemeral)
17:58:57.578866 [debug]: Finished analyzing [  0.00s] model gold.fact [skipped]
17:58:57.578880 [info ]: Finished analyzing [  0.00s] (1 nodes, 1 skipped, 0 errors)
17:58:57.586365 [info ]: Cached model count updated: 11 models (accurate)
17:58:57.586435 [debug]: Finished rendering [  0.01s] model gold.fact [error]
17:58:57.586465 [info ]: Finished rendering [  0.01s] (1 nodes, 0 skipped, 1 errors)
17:59:55.154796 [info ]: Started loading project
17:59:55.155812 [info ]: Loading profiles.yml
17:59:55.166825 [info ]: Started parsing
17:59:55.202169 [info ]: Finished loading project [  0.05s]
17:59:55.208109 [debug]: Finished parsing models\gold\ephemeral\fact.sql [  0.00s]
17:59:55.208633 [info ]: Finished parsing [  0.04s]
17:59:55.211200 [info ]: Cached model count updated: 11 models (estimate)
17:59:55.211221 [info ]: Cached model count updated: 11 models (accurate)
17:59:55.211291 [info ]: Started scheduling
17:59:55.211427 [info ]: Finished scheduling [  0.00s]
17:59:55.211445 [debug]: Incremental compilation - 1 nodes selected: {"model.aws_dbt_snowflake_project.fact"}
17:59:55.212433 [info ]: Started deferring state
17:59:55.212469 [info ]: Finished deferring state [  0.00s]
17:59:55.213328 [info ]: Started downloading schemas
17:59:55.213400 [debug]:    Started downloading relations
17:59:55.213812 [debug]:   Finished [  0.00s] downloading relations
17:59:55.213872 [info ]: Finished downloading schemas [  0.00s]
17:59:55.496102 [info ]: Started building task graph
17:59:55.496278 [info ]: Finished building task graph [  0.00s]
17:59:55.501620 [info ]: Cached model count updated: 11 models (accurate)
17:59:55.537167 [info ]: Started loading project
17:59:55.537912 [info ]: Loading profiles.yml
17:59:55.542951 [info ]: Started parsing
17:59:55.561490 [info ]: Finished loading project [  0.02s]
17:59:55.565648 [debug]: Finished parsing models\gold\ephemeral\fact.sql [  0.00s]
17:59:55.566224 [info ]: Finished parsing [  0.02s]
17:59:55.567608 [info ]: Cached model count updated: 11 models (estimate)
17:59:55.567620 [info ]: Cached model count updated: 11 models (accurate)
17:59:55.567660 [info ]: Started scheduling
17:59:55.567734 [info ]: Finished scheduling [  0.00s]
17:59:55.567744 [debug]: Incremental compilation - 1 nodes selected: {"model.aws_dbt_snowflake_project.fact"}
17:59:55.568150 [info ]: Started deferring state
17:59:55.568161 [info ]: Finished deferring state [  0.00s]
17:59:55.568435 [info ]: Started downloading schemas
17:59:55.568460 [debug]:    Started downloading relations
17:59:55.568477 [debug]:   Finished [  0.00s] downloading relations
17:59:55.568486 [info ]: Finished downloading schemas [  0.00s]
17:59:55.771645 [info ]: Started building task graph
17:59:55.771721 [info ]: Finished building task graph [  0.00s]
17:59:55.771888 [info ]: Started rendering (1 nodes)
17:59:55.771908 [info ]: Started model gold.fact
17:59:55.771932 [debug]: Started rendering model gold.fact
17:59:55.774494 [debug]: Compiled SQL for node model.aws_dbt_snowflake_project.fact at target\.lsp\compiled\models\gold\ephemeral\fact.sql
17:59:55.774590 [info ]: Started analyzing (1 nodes)
17:59:55.774608 [debug]: Started analyzing model gold.fact
17:59:55.775240 [debug]: Finished rendering [  0.00s] model gold.fact [success]
17:59:55.775260 [info ]: Finished rendering [  0.00s] (1 nodes, 0 skipped, 0 errors)
17:59:55.798260 [error]: dbt0227: No column GOLD_BOOKINGS.LISTING_ID found. Available are GOLD_LISTINGS.LISTING_ID, GOLD_OBT.LISTING_ID, GOLD_OBT.BOOKING_ID, GOLD_OBT.HOST_ID, GOLD_LISTINGS.DBT_SCD_ID, GOLD_OBT.HOST_NAME, GOLD_OBT.BOOKING_DATE ..(and 30 more)
  --> models\gold\ephemeral\fact.sql:28:1
17:59:55.798464 [info ]:     Failed [  0.03s] model gold.fact (ephemeral)
17:59:55.798527 [debug]: Finished analyzing [  0.02s] model gold.fact [error]
17:59:55.798564 [info ]: Finished analyzing [  0.02s] (1 nodes, 0 skipped, 1 errors)
17:59:55.808132 [info ]: Cached model count updated: 11 models (accurate)
18:00:26.435607 [info ]: Started loading project
18:00:26.437689 [info ]: Loading profiles.yml
18:00:26.449926 [info ]: Started parsing
18:00:26.484387 [info ]: Finished loading project [  0.05s]
18:00:26.489858 [debug]: Finished parsing models\gold\ephemeral\fact.sql [  0.00s]
18:00:26.490603 [info ]: Finished parsing [  0.04s]
18:00:26.494252 [info ]: Cached model count updated: 11 models (estimate)
18:00:26.494277 [info ]: Cached model count updated: 11 models (accurate)
18:00:26.494352 [info ]: Started scheduling
18:00:26.494505 [info ]: Finished scheduling [  0.00s]
18:00:26.494524 [debug]: Incremental compilation - 1 nodes selected: {"model.aws_dbt_snowflake_project.fact"}
18:00:26.495278 [info ]: Started deferring state
18:00:26.495300 [info ]: Finished deferring state [  0.00s]
18:00:26.495802 [info ]: Started downloading schemas
18:00:26.495846 [debug]:    Started downloading relations
18:00:26.495871 [debug]:   Finished [  0.00s] downloading relations
18:00:26.495887 [info ]: Finished downloading schemas [  0.00s]
18:00:26.754018 [info ]: Started building task graph
18:00:26.754170 [info ]: Finished building task graph [  0.00s]
18:00:26.763837 [info ]: Cached model count updated: 11 models (accurate)
18:00:26.824164 [info ]: Started loading project
18:00:26.825546 [info ]: Loading profiles.yml
18:00:26.834654 [info ]: Started parsing
18:00:26.861986 [info ]: Finished loading project [  0.04s]
18:00:26.867173 [debug]: Finished parsing models\gold\ephemeral\fact.sql [  0.00s]
18:00:26.867790 [info ]: Finished parsing [  0.03s]
18:00:26.870499 [info ]: Cached model count updated: 11 models (estimate)
18:00:26.870534 [info ]: Cached model count updated: 11 models (accurate)
18:00:26.870640 [info ]: Started scheduling
18:00:26.870829 [info ]: Finished scheduling [  0.00s]
18:00:26.870853 [debug]: Incremental compilation - 1 nodes selected: {"model.aws_dbt_snowflake_project.fact"}
18:00:26.871840 [info ]: Started deferring state
18:00:26.871869 [info ]: Finished deferring state [  0.00s]
18:00:26.872551 [info ]: Started downloading schemas
18:00:26.872624 [debug]:    Started downloading relations
18:00:26.872661 [debug]:   Finished [  0.00s] downloading relations
18:00:26.872690 [info ]: Finished downloading schemas [  0.00s]
18:00:27.086562 [info ]: Started building task graph
18:00:27.086641 [info ]: Finished building task graph [  0.00s]
18:00:27.086796 [info ]: Started rendering (1 nodes)
18:00:27.086831 [info ]: Started model gold.fact
18:00:27.086845 [debug]: Started rendering model gold.fact
18:00:27.090154 [debug]: Compiled SQL for node model.aws_dbt_snowflake_project.fact at target\.lsp\compiled\models\gold\ephemeral\fact.sql
18:00:27.090258 [debug]: Finished rendering [  0.00s] model gold.fact [success]
18:00:27.090270 [info ]: Started analyzing (1 nodes)
18:00:27.090279 [info ]: Finished rendering [  0.00s] (1 nodes, 0 skipped, 0 errors)
18:00:27.090292 [debug]: Started analyzing model gold.fact
18:00:27.107075 [error]: dbt0227: No column GOLD_BOOKINGS.LISTING_ID found. Available are GOLD_LISTINGS.LISTING_ID, GOLD_OBT.LISTING_ID, GOLD_OBT.BOOKING_ID, GOLD_OBT.HOST_ID, GOLD_LISTINGS.DBT_SCD_ID, GOLD_OBT.HOST_NAME, GOLD_OBT.BOOKING_DATE ..(and 30 more)
  --> models\gold\ephemeral\fact.sql:28:1
18:00:27.107209 [info ]:     Failed [  0.02s] model gold.fact (ephemeral)
18:00:27.107334 [debug]: Finished analyzing [  0.02s] model gold.fact [error]
18:00:27.107351 [info ]: Finished analyzing [  0.02s] (1 nodes, 0 skipped, 1 errors)
18:00:27.117587 [info ]: Cached model count updated: 11 models (accurate)
18:01:04.886375 [info ]: Started loading project
18:01:04.888008 [info ]: Loading profiles.yml
18:01:04.905001 [info ]: Started parsing
18:01:04.958212 [info ]: Finished loading project [  0.07s]
18:01:04.964466 [debug]: Finished parsing models\gold\ephemeral\fact.sql [  0.00s]
18:01:04.964970 [info ]: Finished parsing [  0.06s]
18:01:04.967851 [info ]: Cached model count updated: 11 models (estimate)
18:01:04.967879 [info ]: Cached model count updated: 11 models (accurate)
18:01:04.967979 [info ]: Started scheduling
18:01:04.968148 [info ]: Finished scheduling [  0.00s]
18:01:04.968171 [debug]: Incremental compilation - 1 nodes selected: {"model.aws_dbt_snowflake_project.fact"}
18:01:04.968969 [info ]: Started deferring state
18:01:04.968997 [info ]: Finished deferring state [  0.00s]
18:01:04.969474 [info ]: Started downloading schemas
18:01:04.969516 [debug]:    Started downloading relations
18:01:04.969544 [debug]:   Finished [  0.00s] downloading relations
18:01:04.969561 [info ]: Finished downloading schemas [  0.00s]
18:01:05.155228 [info ]: Started building task graph
18:01:05.155310 [info ]: Finished building task graph [  0.00s]
18:01:05.159333 [info ]: Cached model count updated: 11 models (accurate)
18:01:05.196618 [info ]: Started loading project
18:01:05.197275 [info ]: Loading profiles.yml
18:01:05.204345 [info ]: Started parsing
18:01:05.223129 [info ]: Finished loading project [  0.03s]
18:01:05.226513 [debug]: Finished parsing models\gold\ephemeral\fact.sql [  0.00s]
18:01:05.226904 [info ]: Finished parsing [  0.02s]
18:01:05.228344 [info ]: Cached model count updated: 11 models (estimate)
18:01:05.228355 [info ]: Cached model count updated: 11 models (accurate)
18:01:05.228393 [info ]: Started scheduling
18:01:05.228465 [info ]: Finished scheduling [  0.00s]
18:01:05.228473 [debug]: Incremental compilation - 1 nodes selected: {"model.aws_dbt_snowflake_project.fact"}
18:01:05.228875 [info ]: Started deferring state
18:01:05.228887 [info ]: Finished deferring state [  0.00s]
18:01:05.229169 [info ]: Started downloading schemas
18:01:05.229193 [debug]:    Started downloading relations
18:01:05.229209 [debug]:   Finished [  0.00s] downloading relations
18:01:05.229218 [info ]: Finished downloading schemas [  0.00s]
18:01:05.351917 [info ]: Started building task graph
18:01:05.351995 [info ]: Finished building task graph [  0.00s]
18:01:05.352157 [info ]: Started rendering (1 nodes)
18:01:05.352177 [info ]: Started model gold.fact
18:01:05.352188 [debug]: Started rendering model gold.fact
18:01:05.355227 [debug]: Compiled SQL for node model.aws_dbt_snowflake_project.fact at target\.lsp\compiled\models\gold\ephemeral\fact.sql
18:01:05.355304 [info ]: Started analyzing (1 nodes)
18:01:05.355334 [debug]: Started analyzing model gold.fact
18:01:05.355368 [debug]: Finished rendering [  0.00s] model gold.fact [success]
18:01:05.355396 [info ]: Finished rendering [  0.00s] (1 nodes, 0 skipped, 0 errors)
18:01:05.369019 [error]: dbt0227: No column GOLD_BOOKINGS.LISTING_ID found. Available are GOLD_LISTINGS.LISTING_ID, GOLD_OBT.LISTING_ID, GOLD_OBT.BOOKING_ID, GOLD_OBT.HOST_ID, GOLD_LISTINGS.DBT_SCD_ID, GOLD_OBT.HOST_NAME, GOLD_OBT.BOOKING_DATE ..(and 30 more)
  --> models\gold\ephemeral\fact.sql:28:1
18:01:05.369198 [info ]:     Failed [  0.02s] model gold.fact (ephemeral)
18:01:05.369229 [debug]: Finished analyzing [  0.01s] model gold.fact [error]
18:01:05.369238 [info ]: Finished analyzing [  0.01s] (1 nodes, 0 skipped, 1 errors)
18:01:05.376336 [info ]: Cached model count updated: 11 models (accurate)
18:01:12.481742 [info ]: Started loading project
18:01:12.483329 [info ]: Loading profiles.yml
18:01:12.494047 [info ]: Started parsing
18:01:12.527106 [info ]: Finished loading project [  0.05s]
18:01:12.535796 [debug]: Finished parsing models\gold\ephemeral\fact.sql [  0.00s]
18:01:12.536765 [info ]: Finished parsing [  0.04s]
18:01:12.540444 [info ]: Cached model count updated: 11 models (estimate)
18:01:12.540472 [info ]: Cached model count updated: 11 models (accurate)
18:01:12.540570 [info ]: Started scheduling
18:01:12.540774 [info ]: Finished scheduling [  0.00s]
18:01:12.540800 [debug]: Incremental compilation - 1 nodes selected: {"model.aws_dbt_snowflake_project.fact"}
18:01:12.541794 [info ]: Started deferring state
18:01:12.541823 [info ]: Finished deferring state [  0.00s]
18:01:12.542536 [info ]: Started downloading schemas
18:01:12.542599 [debug]:    Started downloading relations
18:01:12.542647 [debug]:   Finished [  0.00s] downloading relations
18:01:12.542675 [info ]: Finished downloading schemas [  0.00s]
18:01:12.884412 [info ]: Started building task graph
18:01:12.884486 [info ]: Finished building task graph [  0.00s]
18:01:12.889405 [info ]: Cached model count updated: 11 models (accurate)
18:01:12.925799 [info ]: Started loading project
18:01:12.926995 [info ]: Loading profiles.yml
18:01:12.933084 [info ]: Started parsing
18:01:12.950098 [info ]: Finished loading project [  0.02s]
18:01:12.954016 [debug]: Finished parsing models\gold\ephemeral\fact.sql [  0.00s]
18:01:12.954500 [info ]: Finished parsing [  0.02s]
18:01:12.956328 [info ]: Cached model count updated: 11 models (estimate)
18:01:12.956342 [info ]: Cached model count updated: 11 models (accurate)
18:01:12.956390 [info ]: Started scheduling
18:01:12.956496 [info ]: Finished scheduling [  0.00s]
18:01:12.956514 [debug]: Incremental compilation - 1 nodes selected: {"model.aws_dbt_snowflake_project.fact"}
18:01:12.957032 [info ]: Started deferring state
18:01:12.957045 [info ]: Finished deferring state [  0.00s]
18:01:12.957400 [info ]: Started downloading schemas
18:01:12.957431 [debug]:    Started downloading relations
18:01:12.957452 [debug]:   Finished [  0.00s] downloading relations
18:01:12.957468 [info ]: Finished downloading schemas [  0.00s]
18:01:13.094791 [info ]: Started building task graph
18:01:13.094871 [info ]: Finished building task graph [  0.00s]
18:01:13.095009 [info ]: Started rendering (1 nodes)
18:01:13.095027 [info ]: Started model gold.fact
18:01:13.095040 [debug]: Started rendering model gold.fact
18:01:13.098632 [debug]: Compiled SQL for node model.aws_dbt_snowflake_project.fact at target\.lsp\compiled\models\gold\ephemeral\fact.sql
18:01:13.098711 [info ]: Started analyzing (1 nodes)
18:01:13.098724 [debug]: Started analyzing model gold.fact
18:01:13.098837 [debug]: Finished rendering [  0.00s] model gold.fact [success]
18:01:13.098867 [info ]: Finished rendering [  0.00s] (1 nodes, 0 skipped, 0 errors)
18:01:13.109042 [error]: dbt0227: No column GOLD_BOOKINGS.LISTING_ID found. Available are GOLD_LISTINGS.LISTING_ID, GOLD_OBT.LISTING_ID, GOLD_OBT.BOOKING_ID, GOLD_OBT.HOST_ID, GOLD_LISTINGS.DBT_SCD_ID, GOLD_OBT.HOST_NAME, GOLD_OBT.BOOKING_DATE ..(and 30 more)
  --> models\gold\ephemeral\fact.sql:28:1
18:01:13.109183 [info ]:     Failed [  0.01s] model gold.fact (ephemeral)
18:01:13.109211 [debug]: Finished analyzing [  0.01s] model gold.fact [error]
18:01:13.109220 [info ]: Finished analyzing [  0.01s] (1 nodes, 0 skipped, 1 errors)
18:01:13.118862 [info ]: Cached model count updated: 11 models (accurate)
18:02:21.372571 [info ]: Started loading project
18:02:21.374238 [info ]: Loading profiles.yml
18:02:21.392242 [info ]: Started parsing
18:02:21.427394 [info ]: Finished loading project [  0.05s]
18:02:21.433198 [debug]: Finished parsing models\gold\ephemeral\fact.sql [  0.00s]
18:02:21.433685 [info ]: Finished parsing [  0.04s]
18:02:21.436013 [info ]: Cached model count updated: 11 models (estimate)
18:02:21.436033 [info ]: Cached model count updated: 11 models (accurate)
18:02:21.436106 [info ]: Started scheduling
18:02:21.436214 [info ]: Finished scheduling [  0.00s]
18:02:21.436229 [debug]: Incremental compilation - 1 nodes selected: {"model.aws_dbt_snowflake_project.fact"}
18:02:21.436829 [info ]: Started deferring state
18:02:21.436845 [info ]: Finished deferring state [  0.00s]
18:02:21.437224 [info ]: Started downloading schemas
18:02:21.437258 [debug]:    Started downloading relations
18:02:21.437280 [debug]:   Finished [  0.00s] downloading relations
18:02:21.437292 [info ]: Finished downloading schemas [  0.00s]
18:02:21.626169 [info ]: Started building task graph
18:02:21.626256 [info ]: Finished building task graph [  0.00s]
18:02:21.626442 [info ]: Started rendering (1 nodes)
18:02:21.626463 [info ]: Started model gold.fact
18:02:21.626473 [debug]: Started rendering model gold.fact
18:02:21.630843 [debug]: Compiled SQL for node model.aws_dbt_snowflake_project.fact at target\.lsp\compiled\models\gold\ephemeral\fact.sql
18:02:21.630960 [debug]: Finished rendering [  0.00s] model gold.fact [success]
18:02:21.630988 [info ]: Finished rendering [  0.00s] (1 nodes, 0 skipped, 0 errors)
18:02:21.631027 [info ]: Started analyzing (1 nodes)
18:02:21.631047 [debug]: Started analyzing model gold.fact
18:02:21.654626 [error]: dbt0227: No column GOLD_BOOKINGS.LISTING_ID found. Available are GOLD_LISTINGS.LISTING_ID, GOLD_OBT.LISTING_ID, GOLD_OBT.BOOKING_ID, GOLD_OBT.HOST_ID, GOLD_LISTINGS.DBT_SCD_ID, GOLD_OBT.HOST_NAME, GOLD_OBT.BOOKING_DATE ..(and 30 more)
  --> models\gold\ephemeral\fact.sql:28:1
18:02:21.654771 [info ]:     Failed [  0.03s] model gold.fact (ephemeral)
18:02:21.654871 [debug]: Finished analyzing [  0.02s] model gold.fact [error]
18:02:21.654907 [info ]: Finished analyzing [  0.02s] (1 nodes, 0 skipped, 1 errors)
18:02:21.663039 [info ]: Cached model count updated: 11 models (accurate)
18:02:21.716003 [info ]: Started loading project
18:02:21.717490 [info ]: Loading profiles.yml
18:02:21.724138 [info ]: Started parsing
18:02:21.748788 [info ]: Finished loading project [  0.03s]
18:02:21.754826 [debug]: Finished parsing models\gold\ephemeral\fact.sql [  0.00s]
18:02:21.755477 [info ]: Finished parsing [  0.03s]
18:02:21.758531 [info ]: Cached model count updated: 11 models (estimate)
18:02:21.758554 [info ]: Cached model count updated: 11 models (accurate)
18:02:21.758630 [info ]: Started scheduling
18:02:21.758780 [info ]: Finished scheduling [  0.00s]
18:02:21.758800 [debug]: Incremental compilation - 1 nodes selected: {"model.aws_dbt_snowflake_project.fact"}
18:02:21.759555 [info ]: Started deferring state
18:02:21.759576 [info ]: Finished deferring state [  0.00s]
18:02:21.760106 [info ]: Started downloading schemas
18:02:21.760151 [debug]:    Started downloading relations
18:02:21.760179 [debug]:   Finished [  0.00s] downloading relations
18:02:21.760197 [info ]: Finished downloading schemas [  0.00s]
18:02:21.923966 [info ]: Started building task graph
18:02:21.924040 [info ]: Finished building task graph [  0.00s]
18:02:21.924190 [info ]: Started rendering (1 nodes)
18:02:21.924205 [info ]: Started model gold.fact
18:02:21.924215 [debug]: Started rendering model gold.fact
18:02:21.927784 [debug]: Compiled SQL for node model.aws_dbt_snowflake_project.fact at target\.lsp\compiled\models\gold\ephemeral\fact.sql
18:02:21.927916 [info ]: Started analyzing (1 nodes)
18:02:21.927935 [debug]: Started analyzing model gold.fact
18:02:21.927930 [debug]: Finished rendering [  0.00s] model gold.fact [success]
18:02:21.928001 [info ]: Finished rendering [  0.00s] (1 nodes, 0 skipped, 0 errors)
18:02:21.937067 [error]: dbt0227: No column GOLD_BOOKINGS.LISTING_ID found. Available are GOLD_LISTINGS.LISTING_ID, GOLD_OBT.LISTING_ID, GOLD_OBT.BOOKING_ID, GOLD_OBT.HOST_ID, GOLD_LISTINGS.DBT_SCD_ID, GOLD_OBT.HOST_NAME, GOLD_OBT.BOOKING_DATE ..(and 30 more)
  --> models\gold\ephemeral\fact.sql:28:1
18:02:21.937162 [info ]:     Failed [  0.01s] model gold.fact (ephemeral)
18:02:21.937257 [debug]: Finished analyzing [  0.01s] model gold.fact [error]
18:02:21.937280 [info ]: Finished analyzing [  0.01s] (1 nodes, 0 skipped, 1 errors)
18:02:21.945498 [info ]: Cached model count updated: 11 models (accurate)
18:04:33.073249 [info ]: Started loading project
18:04:33.075259 [info ]: Loading profiles.yml
18:04:33.094640 [info ]: Started parsing
18:04:33.125540 [info ]: Finished loading project [  0.05s]
18:04:33.135365 [debug]: Finished parsing models\gold\ephemeral\fact.sql [  0.00s]
18:04:33.136473 [info ]: Finished parsing [  0.04s]
18:04:33.140901 [info ]: Cached model count updated: 11 models (estimate)
18:04:33.140934 [info ]: Cached model count updated: 11 models (accurate)
18:04:33.141061 [info ]: Started scheduling
18:04:33.141315 [info ]: Finished scheduling [  0.00s]
18:04:33.141348 [debug]: Incremental compilation - 1 nodes selected: {"model.aws_dbt_snowflake_project.fact"}
18:04:33.143050 [info ]: Started deferring state
18:04:33.143114 [info ]: Finished deferring state [  0.00s]
18:04:33.144284 [info ]: Started downloading schemas
18:04:33.144394 [debug]:    Started downloading relations
18:04:33.144466 [debug]:   Finished [  0.00s] downloading relations
18:04:33.144530 [info ]: Finished downloading schemas [  0.00s]
18:04:33.446594 [info ]: Started building task graph
18:04:33.446675 [info ]: Finished building task graph [  0.00s]
18:04:33.450844 [info ]: Cached model count updated: 11 models (accurate)
18:04:33.494186 [info ]: Started loading project
18:04:33.495089 [info ]: Loading profiles.yml
18:04:33.501706 [info ]: Started parsing
18:04:33.522276 [info ]: Finished loading project [  0.03s]
18:04:33.526485 [debug]: Finished parsing models\gold\ephemeral\fact.sql [  0.00s]
18:04:33.527570 [info ]: Finished parsing [  0.03s]
18:04:33.529821 [info ]: Cached model count updated: 11 models (estimate)
18:04:33.529840 [info ]: Cached model count updated: 11 models (accurate)
18:04:33.529895 [info ]: Started scheduling
18:04:33.529990 [info ]: Finished scheduling [  0.00s]
18:04:33.530005 [debug]: Incremental compilation - 1 nodes selected: {"model.aws_dbt_snowflake_project.fact"}
18:04:33.530525 [info ]: Started deferring state
18:04:33.530543 [info ]: Finished deferring state [  0.00s]
18:04:33.530906 [info ]: Started downloading schemas
18:04:33.530939 [debug]:    Started downloading relations
18:04:33.530961 [debug]:   Finished [  0.00s] downloading relations
18:04:33.530973 [info ]: Finished downloading schemas [  0.00s]
18:04:33.686058 [info ]: Started building task graph
18:04:33.686123 [info ]: Finished building task graph [  0.00s]
18:04:33.686298 [info ]: Started rendering (1 nodes)
18:04:33.686318 [info ]: Started model gold.fact
18:04:33.686331 [debug]: Started rendering model gold.fact
18:04:33.688412 [debug]: Compiled SQL for node model.aws_dbt_snowflake_project.fact at target\.lsp\compiled\models\gold\ephemeral\fact.sql
18:04:33.688555 [info ]: Started analyzing (1 nodes)
18:04:33.688586 [debug]: Started analyzing model gold.fact
18:04:33.688608 [debug]: Finished rendering [  0.00s] model gold.fact [success]
18:04:33.688642 [info ]: Finished rendering [  0.00s] (1 nodes, 0 skipped, 0 errors)
18:04:33.701281 [error]: dbt0227: No column GOLD_BOOKINGS.LISTING_ID found. Available are GOLD_LISTINGS.LISTING_ID, GOLD_OBT.LISTING_ID, GOLD_OBT.BOOKING_ID, GOLD_OBT.HOST_ID, GOLD_LISTINGS.DBT_SCD_ID, GOLD_OBT.HOST_NAME, GOLD_OBT.BOOKING_DATE ..(and 30 more)
  --> models\gold\ephemeral\fact.sql:28:1
18:04:33.701397 [info ]:     Failed [  0.01s] model gold.fact (ephemeral)
18:04:33.701423 [debug]: Finished analyzing [  0.01s] model gold.fact [error]
18:04:33.701432 [info ]: Finished analyzing [  0.01s] (1 nodes, 0 skipped, 1 errors)
18:04:33.706831 [info ]: Cached model count updated: 11 models (accurate)
18:05:34.686034 [info ]: Started loading project
18:05:34.687345 [info ]: Loading profiles.yml
18:05:34.697915 [info ]: Started parsing
18:05:34.734103 [info ]: Finished loading project [  0.05s]
18:05:34.742012 [debug]: Finished parsing models\gold\ephemeral\fact.sql [  0.00s]
18:05:34.743124 [info ]: Finished parsing [  0.05s]
18:05:34.747031 [info ]: Cached model count updated: 11 models (estimate)
18:05:34.747076 [info ]: Cached model count updated: 11 models (accurate)
18:05:34.747211 [info ]: Started scheduling
18:05:34.747468 [info ]: Finished scheduling [  0.00s]
18:05:34.747504 [debug]: Incremental compilation - 1 nodes selected: {"model.aws_dbt_snowflake_project.fact"}
18:05:34.748954 [info ]: Started deferring state
18:05:34.749003 [info ]: Finished deferring state [  0.00s]
18:05:34.749846 [info ]: Started downloading schemas
18:05:34.749918 [debug]:    Started downloading relations
18:05:34.749969 [debug]:   Finished [  0.00s] downloading relations
18:05:34.749997 [info ]: Finished downloading schemas [  0.00s]
18:05:35.021985 [info ]: Started building task graph
18:05:35.022074 [info ]: Finished building task graph [  0.00s]
18:05:35.026921 [info ]: Cached model count updated: 11 models (accurate)
18:05:35.068268 [info ]: Started loading project
18:05:35.068858 [info ]: Loading profiles.yml
18:05:35.074760 [info ]: Started parsing
18:05:35.093114 [info ]: Finished loading project [  0.02s]
18:05:35.098341 [debug]: Finished parsing models\gold\ephemeral\fact.sql [  0.00s]
18:05:35.098965 [info ]: Finished parsing [  0.02s]
18:05:35.100429 [info ]: Cached model count updated: 11 models (estimate)
18:05:35.100440 [info ]: Cached model count updated: 11 models (accurate)
18:05:35.100496 [info ]: Started scheduling
18:05:35.100576 [info ]: Finished scheduling [  0.00s]
18:05:35.100584 [debug]: Incremental compilation - 1 nodes selected: {"model.aws_dbt_snowflake_project.fact"}
18:05:35.101024 [info ]: Started deferring state
18:05:35.101035 [info ]: Finished deferring state [  0.00s]
18:05:35.101350 [info ]: Started downloading schemas
18:05:35.101376 [debug]:    Started downloading relations
18:05:35.101408 [debug]:   Finished [  0.00s] downloading relations
18:05:35.101419 [info ]: Finished downloading schemas [  0.00s]
18:05:35.421303 [info ]: Started building task graph
18:05:35.421384 [info ]: Finished building task graph [  0.00s]
18:05:35.421547 [info ]: Started rendering (1 nodes)
18:05:35.421570 [info ]: Started model gold.fact
18:05:35.421588 [debug]: Started rendering model gold.fact
18:05:35.424803 [debug]: Compiled SQL for node model.aws_dbt_snowflake_project.fact at target\.lsp\compiled\models\gold\ephemeral\fact.sql
18:05:35.424923 [debug]: Finished rendering [  0.00s] model gold.fact [success]
18:05:35.424948 [info ]: Finished rendering [  0.00s] (1 nodes, 0 skipped, 0 errors)
18:05:35.424983 [info ]: Started analyzing (1 nodes)
18:05:35.425000 [debug]: Started analyzing model gold.fact
18:05:35.439828 [error]: dbt0227: No column GOLD_BOOKINGS.LISTING_ID found. Available are GOLD_LISTINGS.LISTING_ID, GOLD_OBT.LISTING_ID, GOLD_OBT.BOOKING_ID, GOLD_OBT.HOST_ID, GOLD_LISTINGS.DBT_SCD_ID, GOLD_OBT.HOST_NAME, GOLD_OBT.BOOKING_DATE ..(and 30 more)
  --> models\gold\ephemeral\fact.sql:28:1
18:05:35.439927 [info ]:     Failed [  0.02s] model gold.fact (ephemeral)
18:05:35.440026 [debug]: Finished analyzing [  0.02s] model gold.fact [error]
18:05:35.440045 [info ]: Finished analyzing [  0.02s] (1 nodes, 0 skipped, 1 errors)
18:05:35.445653 [info ]: Cached model count updated: 11 models (accurate)
18:08:07.174402 [info ]: Started loading project
18:08:07.175472 [info ]: Loading profiles.yml
18:08:07.186576 [info ]: Started parsing
18:08:07.228325 [info ]: Finished loading project [  0.05s]
18:08:07.236005 [debug]: Finished parsing models\gold\ephemeral\fact.sql [  0.00s]
18:08:07.236867 [info ]: Finished parsing [  0.05s]
18:08:07.239274 [info ]: Cached model count updated: 11 models (estimate)
18:08:07.239293 [info ]: Cached model count updated: 11 models (accurate)
18:08:07.239365 [info ]: Started scheduling
18:08:07.239500 [info ]: Finished scheduling [  0.00s]
18:08:07.239517 [debug]: Incremental compilation - 1 nodes selected: {"model.aws_dbt_snowflake_project.fact"}
18:08:07.240235 [info ]: Started deferring state
18:08:07.240258 [info ]: Finished deferring state [  0.00s]
18:08:07.240770 [info ]: Started downloading schemas
18:08:07.240817 [debug]:    Started downloading relations
18:08:07.240846 [debug]:   Finished [  0.00s] downloading relations
18:08:07.240867 [info ]: Finished downloading schemas [  0.00s]
18:08:07.442564 [info ]: Started building task graph
18:08:07.442631 [info ]: Finished building task graph [  0.00s]
18:08:07.442782 [info ]: Started rendering (1 nodes)
18:08:07.442800 [info ]: Started model gold.fact
18:08:07.442812 [debug]: Started rendering model gold.fact
18:08:07.446087 [debug]: Compiled SQL for node model.aws_dbt_snowflake_project.fact at target\.lsp\compiled\models\gold\ephemeral\fact.sql
18:08:07.446192 [info ]: Started analyzing (1 nodes)
18:08:07.446215 [debug]: Started analyzing model gold.fact
18:08:07.446320 [debug]: Finished rendering [  0.00s] model gold.fact [success]
18:08:07.446343 [info ]: Finished rendering [  0.00s] (1 nodes, 0 skipped, 0 errors)
18:08:07.455576 [error]: dbt0227: No column GOLD_BOOKINGS.LISTING_ID found. Available are GOLD_LISTINGS.LISTING_ID, GOLD_OBT.LISTING_ID, GOLD_OBT.BOOKING_ID, GOLD_OBT.HOST_ID, GOLD_LISTINGS.DBT_SCD_ID, GOLD_OBT.HOST_NAME, GOLD_OBT.BOOKING_DATE ..(and 30 more)
  --> models\gold\ephemeral\fact.sql:28:1
18:08:07.455677 [info ]:     Failed [  0.01s] model gold.fact (ephemeral)
18:08:07.455708 [debug]: Finished analyzing [  0.01s] model gold.fact [error]
18:08:07.455716 [info ]: Finished analyzing [  0.01s] (1 nodes, 0 skipped, 1 errors)
18:08:07.461961 [info ]: Cached model count updated: 11 models (accurate)
18:08:07.500795 [info ]: Started loading project
18:08:07.501466 [info ]: Loading profiles.yml
18:08:07.508064 [info ]: Started parsing
18:08:07.525739 [info ]: Finished loading project [  0.02s]
18:08:07.529715 [debug]: Finished parsing models\gold\ephemeral\fact.sql [  0.00s]
18:08:07.530134 [info ]: Finished parsing [  0.02s]
18:08:07.531632 [info ]: Cached model count updated: 11 models (estimate)
18:08:07.531642 [info ]: Cached model count updated: 11 models (accurate)
18:08:07.531681 [info ]: Started scheduling
18:08:07.531755 [info ]: Finished scheduling [  0.00s]
18:08:07.531763 [debug]: Incremental compilation - 1 nodes selected: {"model.aws_dbt_snowflake_project.fact"}
18:08:07.532202 [info ]: Started deferring state
18:08:07.532213 [info ]: Finished deferring state [  0.00s]
18:08:07.532581 [info ]: Started downloading schemas
18:08:07.532651 [debug]:    Started downloading relations
18:08:07.532680 [debug]:   Finished [  0.00s] downloading relations
18:08:07.532705 [info ]: Finished downloading schemas [  0.00s]
18:08:07.668492 [info ]: Started building task graph
18:08:07.668578 [info ]: Finished building task graph [  0.00s]
18:08:07.668751 [info ]: Started rendering (1 nodes)
18:08:07.668770 [info ]: Started model gold.fact
18:08:07.668782 [debug]: Started rendering model gold.fact
18:08:07.670928 [debug]: Compiled SQL for node model.aws_dbt_snowflake_project.fact at target\.lsp\compiled\models\gold\ephemeral\fact.sql
18:08:07.671008 [info ]: Started analyzing (1 nodes)
18:08:07.671022 [debug]: Started analyzing model gold.fact
18:08:07.671021 [debug]: Finished rendering [  0.00s] model gold.fact [success]
18:08:07.671049 [info ]: Finished rendering [  0.00s] (1 nodes, 0 skipped, 0 errors)
18:08:07.681748 [error]: dbt0227: No column GOLD_BOOKINGS.LISTING_ID found. Available are GOLD_LISTINGS.LISTING_ID, GOLD_OBT.LISTING_ID, GOLD_OBT.BOOKING_ID, GOLD_OBT.HOST_ID, GOLD_LISTINGS.DBT_SCD_ID, GOLD_OBT.HOST_NAME, GOLD_OBT.BOOKING_DATE ..(and 30 more)
  --> models\gold\ephemeral\fact.sql:28:1
18:08:07.681838 [info ]:     Failed [  0.01s] model gold.fact (ephemeral)
18:08:07.681866 [debug]: Finished analyzing [  0.01s] model gold.fact [error]
18:08:07.681874 [info ]: Finished analyzing [  0.01s] (1 nodes, 0 skipped, 1 errors)
18:08:07.689630 [info ]: Cached model count updated: 11 models (accurate)
18:08:11.055797 [info ]: Started loading project
18:08:11.056701 [info ]: Loading profiles.yml
18:08:11.062071 [info ]: Started parsing
18:08:11.081331 [info ]: Finished loading project [  0.03s]
18:08:11.085719 [debug]: Finished parsing models\gold\ephemeral\fact.sql [  0.00s]
18:08:11.086199 [info ]: Finished parsing [  0.02s]
18:08:11.087780 [info ]: Cached model count updated: 11 models (estimate)
18:08:11.087791 [info ]: Cached model count updated: 11 models (accurate)
18:08:11.087830 [info ]: Started scheduling
18:08:11.087903 [info ]: Finished scheduling [  0.00s]
18:08:11.087913 [debug]: Incremental compilation - 1 nodes selected: {"model.aws_dbt_snowflake_project.fact"}
18:08:11.088355 [info ]: Started deferring state
18:08:11.088366 [info ]: Finished deferring state [  0.00s]
18:08:11.088660 [info ]: Started downloading schemas
18:08:11.088684 [debug]:    Started downloading relations
18:08:11.088701 [debug]:   Finished [  0.00s] downloading relations
18:08:11.088710 [info ]: Finished downloading schemas [  0.00s]
18:08:11.220481 [info ]: Started building task graph
18:08:11.220548 [info ]: Finished building task graph [  0.00s]
18:08:11.220705 [info ]: Started rendering (1 nodes)
18:08:11.220724 [info ]: Started model gold.fact
18:08:11.220735 [debug]: Started rendering model gold.fact
18:08:11.223015 [debug]: Compiled SQL for node model.aws_dbt_snowflake_project.fact at target\.lsp\compiled\models\gold\ephemeral\fact.sql
18:08:11.223152 [debug]: Finished rendering [  0.00s] model gold.fact [success]
18:08:11.223169 [info ]: Finished rendering [  0.00s] (1 nodes, 0 skipped, 0 errors)
18:08:11.223193 [info ]: Started analyzing (1 nodes)
18:08:11.223204 [debug]: Started analyzing model gold.fact
18:08:11.232082 [error]: dbt0227: No column GOLD_BOOKINGS.LISTING_ID found. Available are GOLD_LISTINGS.LISTING_ID, GOLD_OBT.LISTING_ID, GOLD_OBT.BOOKING_ID, GOLD_OBT.HOST_ID, GOLD_LISTINGS.DBT_SCD_ID, GOLD_OBT.HOST_NAME, GOLD_OBT.BOOKING_DATE ..(and 30 more)
  --> models\gold\ephemeral\fact.sql:28:1
18:08:11.232186 [info ]:     Failed [  0.01s] model gold.fact (ephemeral)
18:08:11.232282 [debug]: Finished analyzing [  0.01s] model gold.fact [error]
18:08:11.232298 [info ]: Finished analyzing [  0.01s] (1 nodes, 0 skipped, 1 errors)
18:08:11.238737 [info ]: Cached model count updated: 11 models (accurate)
18:08:11.652973 [info ]: Started loading project
18:08:11.654786 [info ]: Loading profiles.yml
18:08:11.669982 [info ]: Started parsing
18:08:11.712968 [info ]: Finished loading project [  0.06s]
18:08:11.717521 [info ]: Finished parsing [  0.05s]
18:08:11.719627 [info ]: Cached model count updated: 11 models (estimate)
18:08:11.719646 [info ]: Cached model count updated: 11 models (accurate)
18:08:11.719699 [info ]: Started scheduling
18:08:11.719759 [info ]: Finished scheduling [  0.00s]
18:08:11.719770 [debug]: Incremental compilation - 0 nodes selected: {}
18:08:11.719785 [warn ]: dbt1600: The selection criterion '' does not match any enabled nodes
18:08:11.719796 [warn ]: dbt1601: Nothing to do. Try checking your model configs and model specification args
18:08:11.720388 [info ]: Started deferring state
18:08:11.720405 [info ]: Finished deferring state [  0.00s]
18:08:11.720826 [info ]: Started downloading schemas
18:08:11.720863 [debug]:    Started downloading relations
18:08:11.720887 [debug]:   Finished [  0.00s] downloading relations
18:08:11.720903 [info ]: Finished downloading schemas [  0.00s]
18:08:11.907750 [info ]: Started building task graph
18:08:11.907816 [info ]: Finished building task graph [  0.00s]
18:08:11.915325 [info ]: Cached model count updated: 11 models (accurate)
==================== 2026-03-17T04:19:09.299874Z | 602fd3b8-2326-472f-b142-a9a881de550e ====================
04:19:09.299959 [info ]: Starting dbt LSP server
04:19:09.300012 [info ]: Connecting to LSP client on port 8000
04:19:09.301911 [info ]: Successfully connected to LSP client
04:19:09.301940 [info ]: Creating LSP service...
04:19:09.423297 [info ]: Creating LSP server...
04:19:09.423329 [info ]: Starting LSP server...
04:19:10.191198 [info ]: Started loading project
04:19:10.267767 [info ]: Loading profiles.yml
04:19:10.320823 [debug]:    Started loading packages
04:19:10.345393 [debug]:     Loaded [  0.02s] packages
04:19:10.365868 [info ]: Started parsing
04:19:10.436133 [info ]: Finished loading project [  0.24s]
04:19:10.476512 [debug]: Finished parsing models\sources\sources.yml [  0.01s]
04:19:10.476966 [debug]: Finished parsing snapshots\dim_bookings.yml [  0.00s]
04:19:10.477292 [debug]: Finished parsing snapshots\dim_hosts.yml [  0.00s]
04:19:10.477559 [debug]: Finished parsing snapshots\dim_listings.yml [  0.00s]
04:19:10.523176 [debug]: Finished parsing target\snapshots\dim_bookings.sql [  0.03s]
04:19:10.524165 [debug]: Finished parsing target\snapshots\dim_hosts.sql [  0.00s]
04:19:10.534353 [debug]: Finished parsing target\snapshots\dim_listings.sql [  0.01s]
04:19:10.543471 [debug]: Finished parsing models\bronze\bronze_bookings.sql [  0.01s]
04:19:10.544346 [debug]: Finished parsing models\bronze\bronze_hosts.sql [  0.00s]
04:19:10.545122 [debug]: Finished parsing models\bronze\bronze_listings.sql [  0.00s]
04:19:10.545910 [debug]: Finished parsing models\gold\ephemeral\bookings.sql [  0.00s]
04:19:10.547898 [debug]: Finished parsing models\gold\ephemeral\fact.sql [  0.00s]
04:19:10.548894 [debug]: Finished parsing models\gold\ephemeral\hosts.sql [  0.00s]
04:19:10.549617 [debug]: Finished parsing models\gold\ephemeral\listings.sql [  0.00s]
04:19:10.550323 [debug]: Finished parsing models\gold\obt.sql [  0.00s]
04:19:10.551245 [debug]: Finished parsing models\silver\silver_bookings.sql [  0.00s]
04:19:10.552144 [debug]: Finished parsing models\silver\silver_hosts.sql [  0.00s]
04:19:10.562303 [debug]: Finished parsing models\silver\silver_listings.sql [  0.01s]
04:19:10.571233 [debug]: Finished parsing analyses\If_else.sql [  0.00s]
04:19:10.572016 [debug]: Finished parsing analyses\explore.sql [  0.00s]
04:19:10.574841 [debug]: Finished parsing analyses\for_loop.sql [  0.00s]
04:19:10.583261 [info ]: Finished parsing [  0.22s]
04:19:10.588191 [info ]: Cached model count updated: 11 models (estimate)
04:19:10.588213 [info ]: Cached model count updated: 11 models (accurate)
04:19:10.590485 [info ]: Started scheduling
04:19:10.594568 [info ]: Finished scheduling [  0.00s]
04:19:10.594953 [info ]: Started scheduling
04:19:10.595162 [info ]: Finished scheduling [  0.00s]
04:19:10.599976 [debug]: Initializing schema store with entry: Selected("snapshot.aws_dbt_snowflake_project.dim_listings") and interval: None
04:19:10.601030 [debug]: Initializing schema store with entry: Selected("snapshot.aws_dbt_snowflake_project.dim_bookings") and interval: None
04:19:10.601400 [debug]: Initializing schema store with entry: Selected("snapshot.aws_dbt_snowflake_project.dim_hosts") and interval: None
04:19:10.602168 [debug]: Initializing schema store with entry: Frontier(CanonicalFqn { catalog: "AIRBNB", schema: "STAGING", table: "HOSTS" }) and interval: None
04:19:10.602554 [debug]: Initializing schema store with entry: Frontier(CanonicalFqn { catalog: "AIRBNB", schema: "STAGING", table: "LISTINGS" }) and interval: None
04:19:10.602681 [debug]: Initializing schema store with entry: Frontier(CanonicalFqn { catalog: "AIRBNB", schema: "STAGING", table: "BOOKINGS" }) and interval: None
04:19:10.615566 [info ]: Started deferring state
04:19:10.616258 [info ]: Finished deferring state [  0.00s]
04:19:10.676201 [info ]: Started downloading schemas
04:19:10.679438 [debug]:    Started downloading relations
04:19:10.909100 [info ]: Loading profiles.yml
04:19:15.996257 [debug]:     Failed [  5.32s] downloading relations (error: Post "https://NBECEFD-KU38803.snowflakecomputing.com:443/session/v1/login-request?databaseName=AIRBNB&requestId=39d38283-d03a-4054-6f65-d4c8ad30e95c&request_guid=bf30ce0c-5729-486d-4dda-5e1407d06657&roleName=ACCOUNTADMIN&schemaName=DBT_SCHEMA&warehouse=COMPUTE_WH": dial tcp: lookup NBECEFD-KU38803.snowflakecomputing.com: no such host)
04:19:24.211691 [info ]: Finished downloading schemas [ 13.54s]
04:23:17.089440 [info ]: Started loading project
04:23:17.091632 [info ]: Loading profiles.yml
04:23:17.105367 [debug]:    Started loading packages
04:23:17.116368 [debug]:     Loaded [  0.01s] packages
04:23:17.118847 [info ]: Started parsing
04:23:17.176007 [info ]: Finished loading project [  0.09s]
04:23:17.181453 [debug]: Finished parsing models\sources\sources.yml [  0.00s]
04:23:17.182355 [debug]: Finished parsing snapshots\dim_bookings.yml [  0.00s]
04:23:17.183146 [debug]: Finished parsing snapshots\dim_hosts.yml [  0.00s]
04:23:17.183841 [debug]: Finished parsing snapshots\dim_listings.yml [  0.00s]
04:23:17.195485 [debug]: Finished parsing target\snapshots\dim_bookings.sql [  0.00s]
04:23:17.197984 [debug]: Finished parsing target\snapshots\dim_hosts.sql [  0.00s]
04:23:17.215739 [debug]: Finished parsing target\snapshots\dim_listings.sql [  0.02s]
04:23:17.220017 [debug]: Finished parsing models\bronze\bronze_bookings.sql [  0.00s]
04:23:17.222229 [debug]: Finished parsing models\bronze\bronze_hosts.sql [  0.00s]
04:23:17.224425 [debug]: Finished parsing models\bronze\bronze_listings.sql [  0.00s]
04:23:17.226151 [debug]: Finished parsing models\gold\ephemeral\bookings.sql [  0.00s]
04:23:17.228038 [debug]: Finished parsing models\gold\ephemeral\fact.sql [  0.00s]
04:23:17.230351 [debug]: Finished parsing models\gold\ephemeral\hosts.sql [  0.00s]
04:23:17.232121 [debug]: Finished parsing models\gold\ephemeral\listings.sql [  0.00s]
04:23:17.234414 [debug]: Finished parsing models\gold\obt.sql [  0.00s]
04:23:17.236333 [debug]: Finished parsing models\silver\silver_bookings.sql [  0.00s]
04:23:17.238084 [debug]: Finished parsing models\silver\silver_hosts.sql [  0.00s]
04:23:17.249845 [debug]: Finished parsing models\silver\silver_listings.sql [  0.01s]
04:23:17.253474 [debug]: Finished parsing analyses\If_else.sql [  0.00s]
04:23:17.254820 [debug]: Finished parsing analyses\explore.sql [  0.00s]
04:23:17.260267 [debug]: Finished parsing analyses\for_loop.sql [  0.01s]
04:23:17.266169 [info ]: Finished parsing [  0.15s]
04:23:17.268479 [info ]: Cached model count updated: 11 models (estimate)
04:23:17.268529 [info ]: Cached model count updated: 11 models (accurate)
04:23:17.268675 [info ]: Started scheduling
04:23:17.269122 [info ]: Finished scheduling [  0.00s]
04:23:17.269190 [info ]: Started scheduling
04:23:17.269499 [info ]: Finished scheduling [  0.00s]
04:23:17.270128 [debug]: Initializing schema store with entry: Selected("snapshot.aws_dbt_snowflake_project.dim_listings") and interval: None
04:23:17.270295 [debug]: Initializing schema store with entry: Selected("snapshot.aws_dbt_snowflake_project.dim_bookings") and interval: None
04:23:17.270397 [debug]: Initializing schema store with entry: Selected("snapshot.aws_dbt_snowflake_project.dim_hosts") and interval: None
04:23:17.270491 [debug]: Initializing schema store with entry: Frontier(CanonicalFqn { catalog: "AIRBNB", schema: "STAGING", table: "BOOKINGS" }) and interval: None
04:23:17.270593 [debug]: Initializing schema store with entry: Frontier(CanonicalFqn { catalog: "AIRBNB", schema: "STAGING", table: "HOSTS" }) and interval: None
04:23:17.270689 [debug]: Initializing schema store with entry: Frontier(CanonicalFqn { catalog: "AIRBNB", schema: "STAGING", table: "LISTINGS" }) and interval: None
04:23:17.272635 [info ]: Started deferring state
04:23:17.272699 [info ]: Finished deferring state [  0.00s]
04:23:17.273921 [info ]: Started downloading schemas
04:23:17.274319 [debug]:    Started downloading relations
04:23:22.203649 [debug]: Query executed on node unknown:
SHOW OBJECTS IN SCHEMA "AIRBNB"."BRONZE" LIMIT 10000
04:23:23.203484 [debug]:     Failed [  5.93s] downloading relations (error: Adapter operation was cancelled)
04:23:24.242991 [debug]: Query executed on node unknown:
describe table "AIRBNB"."BRONZE"."BRONZE_BOOKINGS"
04:23:24.244753 [debug]: Query executed on node unknown:
describe table "AIRBNB"."BRONZE"."BRONZE_HOSTS"
04:23:25.347948 [info ]: Started loading project
04:23:25.349562 [info ]: Loading profiles.yml
04:23:25.360896 [debug]:    Started loading packages
04:23:25.375792 [debug]:     Loaded [  0.01s] packages
04:23:25.378565 [info ]: Started parsing
04:23:25.434139 [info ]: Finished loading project [  0.09s]
04:23:25.436112 [debug]: Finished parsing models\sources\sources.yml [  0.00s]
04:23:25.436400 [debug]: Finished parsing snapshots\dim_bookings.yml [  0.00s]
04:23:25.436617 [debug]: Finished parsing snapshots\dim_hosts.yml [  0.00s]
04:23:25.436818 [debug]: Finished parsing snapshots\dim_listings.yml [  0.00s]
04:23:25.441566 [debug]: Finished parsing target\snapshots\dim_bookings.sql [  0.00s]
04:23:25.442829 [debug]: Finished parsing target\snapshots\dim_hosts.sql [  0.00s]
04:23:25.444297 [debug]: Finished parsing target\snapshots\dim_listings.sql [  0.00s]
04:23:25.445426 [debug]: Finished parsing models\bronze\bronze_bookings.sql [  0.00s]
04:23:25.445974 [debug]: Finished parsing models\bronze\bronze_hosts.sql [  0.00s]
04:23:25.446522 [debug]: Finished parsing models\bronze\bronze_listings.sql [  0.00s]
04:23:25.447122 [debug]: Finished parsing models\gold\ephemeral\bookings.sql [  0.00s]
04:23:25.447730 [debug]: Finished parsing models\gold\ephemeral\fact.sql [  0.00s]
04:23:25.448184 [debug]: Finished parsing models\gold\ephemeral\hosts.sql [  0.00s]
04:23:25.448594 [debug]: Finished parsing models\gold\ephemeral\listings.sql [  0.00s]
04:23:25.449094 [debug]: Finished parsing models\gold\obt.sql [  0.00s]
04:23:25.449690 [debug]: Finished parsing models\silver\silver_bookings.sql [  0.00s]
04:23:25.450183 [debug]: Finished parsing models\silver\silver_hosts.sql [  0.00s]
04:23:25.454096 [info ]: Finished downloading schemas [  8.18s]
04:23:25.454961 [debug]: Finished parsing models\silver\silver_listings.sql [  0.00s]
04:23:25.456947 [debug]: Finished parsing analyses\If_else.sql [  0.00s]
04:23:25.457481 [debug]: Finished parsing analyses\explore.sql [  0.00s]
04:23:25.459961 [debug]: Finished parsing analyses\for_loop.sql [  0.00s]
04:23:25.460819 [info ]: Finished parsing [  0.08s]
04:23:25.461802 [info ]: Cached model count updated: 11 models (estimate)
04:23:25.461819 [info ]: Cached model count updated: 11 models (accurate)
04:23:25.461883 [info ]: Started scheduling
04:23:25.462069 [info ]: Finished scheduling [  0.00s]
04:23:25.462086 [info ]: Started scheduling
04:23:25.462184 [info ]: Finished scheduling [  0.00s]
04:23:25.462237 [debug]: Initializing schema store with entry: Selected("snapshot.aws_dbt_snowflake_project.dim_bookings") and interval: None
04:23:25.462298 [debug]: Initializing schema store with entry: Selected("snapshot.aws_dbt_snowflake_project.dim_hosts") and interval: None
04:23:25.462330 [debug]: Initializing schema store with entry: Selected("snapshot.aws_dbt_snowflake_project.dim_listings") and interval: None
04:23:25.462359 [debug]: Initializing schema store with entry: Frontier(CanonicalFqn { catalog: "AIRBNB", schema: "STAGING", table: "HOSTS" }) and interval: None
04:23:25.462389 [debug]: Initializing schema store with entry: Frontier(CanonicalFqn { catalog: "AIRBNB", schema: "STAGING", table: "BOOKINGS" }) and interval: None
04:23:25.462415 [debug]: Initializing schema store with entry: Frontier(CanonicalFqn { catalog: "AIRBNB", schema: "STAGING", table: "LISTINGS" }) and interval: None
04:23:25.463145 [info ]: Started deferring state
04:23:25.463162 [info ]: Finished deferring state [  0.00s]
04:23:25.463476 [info ]: Started downloading schemas
04:23:25.463550 [debug]:    Started downloading relations
04:23:26.419558 [debug]: Query executed on node unknown:
SHOW OBJECTS IN SCHEMA "AIRBNB"."BRONZE" LIMIT 10000
04:23:26.679837 [debug]:   Finished [  1.22s] downloading relations
04:23:27.727623 [debug]: Query executed on node unknown:
describe table "AIRBNB"."BRONZE"."BRONZE_BOOKINGS"
04:23:27.728272 [debug]: Query executed on node unknown:
describe table "AIRBNB"."BRONZE"."BRONZE_HOSTS"
04:23:28.129096 [debug]: Query executed on node unknown:
describe table "AIRBNB"."BRONZE"."BRONZE_LISTINGS"
04:23:28.133343 [debug]: Query executed on node unknown:
describe table "AIRBNB"."SILVER"."SILVER_BOOKINGS"
04:23:28.327172 [debug]: Query executed on node unknown:
describe table "AIRBNB"."SILVER"."SILVER_HOSTS"
04:23:28.811548 [debug]: Query executed on node unknown:
describe table "AIRBNB"."SILVER"."SILVER_LISTINGS"
04:23:29.039137 [info ]: Downloaded AIRBNB.bronze.bronze_bookings (schema)
04:23:29.057280 [info ]: Downloaded AIRBNB.bronze.bronze_hosts (schema)
04:23:29.059793 [info ]: Downloaded AIRBNB.bronze.bronze_listings (schema)
04:23:29.061688 [info ]: Downloaded AIRBNB.silver.silver_bookings (schema)
04:23:29.063401 [info ]: Downloaded AIRBNB.silver.silver_hosts (schema)
04:23:29.065307 [info ]: Downloaded AIRBNB.silver.silver_listings (schema)
04:23:29.271851 [info ]: Started building task graph
04:23:29.290052 [info ]: Finished building task graph [  0.02s]
04:23:29.311539 [info ]: Started rendering (17 nodes)
04:23:29.313310 [info ]: Started model gold.fact
04:23:29.315557 [debug]: Started rendering model gold.fact
04:23:29.316736 [info ]: Started model bronze.bronze_listings
04:23:29.316779 [debug]: Started rendering model bronze.bronze_listings
04:23:29.316784 [info ]: Finished downloading schemas [  3.85s]
04:23:29.316837 [info ]: Started model bronze.bronze_hosts
04:23:29.316879 [debug]: Started rendering model bronze.bronze_hosts
04:23:29.317225 [info ]: Started analysis DBT_SCHEMA.for_loop
04:23:29.317262 [debug]: Started rendering analysis DBT_SCHEMA.for_loop
04:23:29.317337 [info ]: Started analysis DBT_SCHEMA.explore
04:23:29.317372 [debug]: Started rendering analysis DBT_SCHEMA.explore
04:23:29.317411 [info ]: Started model gold.obt
04:23:29.317434 [debug]: Started rendering model gold.obt
04:23:29.317472 [info ]: Started analysis DBT_SCHEMA.If_else
04:23:29.317500 [debug]: Started rendering analysis DBT_SCHEMA.If_else
04:23:29.317543 [info ]: Started model bronze.bronze_bookings
04:23:29.317575 [debug]: Started rendering model bronze.bronze_bookings
04:23:29.344332 [debug]: Compiled SQL for node model.aws_dbt_snowflake_project.obt at target\.lsp\compiled\models\gold\obt.sql
04:23:29.344407 [debug]: Compiled SQL for node model.aws_dbt_snowflake_project.fact at target\.lsp\compiled\models\gold\ephemeral\fact.sql
04:23:29.344490 [debug]: Compiled SQL for node analysis.aws_dbt_snowflake_project.for_loop at target\.lsp\compiled\analyses\for_loop.sql
04:23:29.344504 [debug]: Compiled SQL for node analysis.aws_dbt_snowflake_project.If_else at target\.lsp\compiled\analyses\If_else.sql
04:23:29.344552 [debug]: Compiled SQL for node analysis.aws_dbt_snowflake_project.explore at target\.lsp\compiled\analyses\explore.sql
04:23:29.351160 [debug]: Finished rendering [  0.03s] analysis DBT_SCHEMA.If_else [success]
04:23:29.351984 [debug]: Finished rendering [  0.03s] analysis DBT_SCHEMA.explore [success]
04:23:29.352053 [debug]: Finished rendering [  0.03s] model gold.obt [success]
04:23:29.352505 [info ]: Started analyzing (17 nodes)
04:23:29.352554 [debug]: Started analyzing model gold.obt
04:23:29.352626 [debug]: Finished rendering [  0.04s] model gold.fact [success]
04:23:29.352670 [debug]: Started analyzing model gold.fact
04:23:29.352717 [debug]: Finished rendering [  0.04s] analysis DBT_SCHEMA.for_loop [success]
04:23:29.378053 [debug]: Compiled SQL for node model.aws_dbt_snowflake_project.bronze_bookings at target\.lsp\compiled\models\bronze\bronze_bookings.sql
04:23:29.378205 [debug]: Started analyzing model bronze.bronze_bookings
04:23:29.378784 [debug]: Compiled SQL for node model.aws_dbt_snowflake_project.bronze_listings at target\.lsp\compiled\models\bronze\bronze_listings.sql
04:23:29.378860 [debug]: Started analyzing model bronze.bronze_listings
04:23:29.379035 [debug]: Compiled SQL for node model.aws_dbt_snowflake_project.bronze_hosts at target\.lsp\compiled\models\bronze\bronze_hosts.sql
04:23:29.379092 [debug]: Finished rendering [  0.06s] model bronze.bronze_bookings [success]
04:23:29.379142 [debug]: Finished rendering [  0.06s] model bronze.bronze_listings [success]
04:23:29.379224 [debug]: Finished rendering [  0.06s] model bronze.bronze_hosts [success]
04:23:29.379268 [debug]: Started analyzing model bronze.bronze_hosts
04:23:29.513761 [info ]:  Succeeded [  0.19s] model gold.obt (table)
04:23:29.514299 [debug]: Finished analyzing [  0.16s] model gold.obt [success]
04:23:29.514356 [debug]: Started analyzing analysis DBT_SCHEMA.explore
04:23:29.514403 [info ]: Started model gold.bookings
04:23:29.514423 [debug]: Started rendering model gold.bookings
04:23:29.514453 [info ]: Started model gold.listings
04:23:29.514468 [debug]: Started rendering model gold.listings
04:23:29.514489 [info ]: Started model gold.hosts
04:23:29.514502 [debug]: Started rendering model gold.hosts
04:23:29.525589 [info ]:  Succeeded [  0.04s] analysis DBT_SCHEMA.explore (analysis)
04:23:29.525655 [debug]: Finished analyzing [  0.01s] analysis DBT_SCHEMA.explore [success]
04:23:29.531391 [debug]: Compiled SQL for node model.aws_dbt_snowflake_project.bookings at target\.lsp\compiled\models\gold\ephemeral\bookings.sql
04:23:29.531531 [debug]: Started analyzing model gold.bookings
04:23:29.536505 [debug]: Compiled SQL for node model.aws_dbt_snowflake_project.hosts at target\.lsp\compiled\models\gold\ephemeral\hosts.sql
04:23:29.536622 [debug]: Started analyzing model gold.hosts
04:23:29.536657 [debug]: Compiled SQL for node model.aws_dbt_snowflake_project.listings at target\.lsp\compiled\models\gold\ephemeral\listings.sql
04:23:29.536735 [debug]: Started analyzing model gold.listings
04:23:29.539362 [debug]: Finished rendering [  0.02s] model gold.listings [success]
04:23:29.539412 [debug]: Finished rendering [  0.02s] model gold.hosts [success]
04:23:29.539432 [debug]: Finished rendering [  0.03s] model gold.bookings [success]
04:23:29.544305 [info ]:  Succeeded [  0.03s] model gold.bookings (ephemeral)
04:23:29.544352 [debug]: Finished analyzing [  0.01s] model gold.bookings [success]
04:23:29.544405 [info ]: Started snapshot gold.dim_bookings
04:23:29.544423 [debug]: Started rendering snapshot gold.dim_bookings
04:23:29.545662 [info ]:  Succeeded [  0.03s] model gold.hosts (ephemeral)
04:23:29.545703 [debug]: Finished analyzing [  0.01s] model gold.hosts [success]
04:23:29.545833 [info ]: Started snapshot gold.dim_hosts
04:23:29.545857 [debug]: Started rendering snapshot gold.dim_hosts
04:23:29.545888 [info ]:  Succeeded [  0.03s] model gold.listings (ephemeral)
04:23:29.545906 [debug]: Finished analyzing [  0.01s] model gold.listings [success]
04:23:29.545929 [info ]: Started snapshot gold.dim_listings
04:23:29.545960 [debug]: Started rendering snapshot gold.dim_listings
04:23:29.559092 [debug]: Compiled SQL for node snapshot.aws_dbt_snowflake_project.dim_listings at target\.lsp\compiled\snapshots\dim_listings.sql
04:23:29.559227 [debug]: Finished rendering [  0.01s] snapshot gold.dim_listings [success]
04:23:29.559262 [debug]: Started analyzing snapshot gold.dim_listings
04:23:29.559876 [debug]: Compiled SQL for node snapshot.aws_dbt_snowflake_project.dim_hosts at target\.lsp\compiled\snapshots\dim_hosts.sql
04:23:29.559959 [debug]: Started analyzing snapshot gold.dim_hosts
04:23:29.559992 [debug]: Compiled SQL for node snapshot.aws_dbt_snowflake_project.dim_bookings at target\.lsp\compiled\snapshots\dim_bookings.sql
04:23:29.560053 [debug]: Started analyzing snapshot gold.dim_bookings
04:23:29.561165 [debug]: Finished rendering [  0.02s] snapshot gold.dim_bookings [success]
04:23:29.561203 [debug]: Finished rendering [  0.02s] snapshot gold.dim_hosts [success]
04:23:29.570322 [info ]:  Succeeded [  0.02s] snapshot gold.dim_hosts (table)
04:23:29.570369 [debug]: Finished analyzing [  0.01s] snapshot gold.dim_hosts [success]
04:23:29.570485 [info ]:  Succeeded [  0.02s] snapshot gold.dim_listings (table)
04:23:29.570527 [debug]: Finished analyzing [  0.01s] snapshot gold.dim_listings [success]
04:23:29.584034 [info ]:  Succeeded [  0.04s] snapshot gold.dim_bookings (table)
04:23:29.584068 [debug]: Finished analyzing [  0.02s] snapshot gold.dim_bookings [success]
04:23:29.592278 [info ]:  Succeeded [  0.28s] model bronze.bronze_listings (incremental)
04:23:29.592330 [debug]: Finished analyzing [  0.21s] model bronze.bronze_listings [success]
04:23:29.592367 [info ]: Started model silver.silver_listings
04:23:29.592388 [debug]: Started rendering model silver.silver_listings
04:23:29.592421 [info ]:  Succeeded [  0.27s] model bronze.bronze_bookings (incremental)
04:23:29.592439 [debug]: Finished analyzing [  0.21s] model bronze.bronze_bookings [success]
04:23:29.592457 [debug]: Started analyzing analysis DBT_SCHEMA.If_else
04:23:29.592478 [debug]: Started analyzing analysis DBT_SCHEMA.for_loop
04:23:29.593498 [info ]: Started model silver.silver_bookings
04:23:29.593541 [debug]: Started rendering model silver.silver_bookings
04:23:29.593591 [info ]:  Succeeded [  0.28s] model bronze.bronze_hosts (incremental)
04:23:29.593622 [debug]: Finished analyzing [  0.21s] model bronze.bronze_hosts [success]
04:23:29.595085 [info ]: Started model silver.silver_hosts
04:23:29.595132 [debug]: Started rendering model silver.silver_hosts
04:23:29.595185 [info ]:  Succeeded [  0.04s] analysis DBT_SCHEMA.for_loop (analysis)
04:23:29.595214 [debug]: Finished analyzing [  0.00s] analysis DBT_SCHEMA.for_loop [success]
04:23:29.596097 [debug]: Compiled SQL for node model.aws_dbt_snowflake_project.silver_listings at target\.lsp\compiled\models\silver\silver_listings.sql
04:23:29.596259 [debug]: Started analyzing model silver.silver_listings
04:23:29.597560 [debug]: Finished rendering [  0.01s] model silver.silver_listings [success]
04:23:29.598558 [debug]: Compiled SQL for node model.aws_dbt_snowflake_project.silver_bookings at target\.lsp\compiled\models\silver\silver_bookings.sql
04:23:29.598663 [debug]: Started analyzing model silver.silver_bookings
04:23:29.598763 [info ]:  Succeeded [  0.04s] analysis DBT_SCHEMA.If_else (analysis)
04:23:29.598795 [debug]: Finished analyzing [  0.01s] analysis DBT_SCHEMA.If_else [success]
04:23:29.598841 [debug]: Finished rendering [  0.01s] model silver.silver_bookings [success]
04:23:29.603628 [debug]: Compiled SQL for node model.aws_dbt_snowflake_project.silver_hosts at target\.lsp\compiled\models\silver\silver_hosts.sql
04:23:29.605196 [debug]: Finished rendering [  0.01s] model silver.silver_hosts [success]
04:23:29.605228 [info ]: Finished rendering [  0.29s] (17 nodes, 0 skipped, 0 errors)
04:23:29.605286 [debug]: Started analyzing model silver.silver_hosts
04:23:29.617852 [info ]:  Succeeded [  0.02s] model silver.silver_listings (incremental)
04:23:29.617891 [debug]: Finished analyzing [  0.02s] model silver.silver_listings [success]
04:23:29.619071 [info ]:  Succeeded [  0.02s] model silver.silver_hosts (incremental)
04:23:29.619101 [debug]: Finished analyzing [  0.01s] model silver.silver_hosts [success]
04:23:29.628496 [info ]:  Succeeded [  0.03s] model silver.silver_bookings (incremental)
04:23:29.628533 [debug]: Finished analyzing [  0.03s] model silver.silver_bookings [success]
04:23:30.479781 [debug]: Query executed on node model.aws_dbt_snowflake_project.fact:
describe table "AIRBNB"."GOLD"."OBT"
04:23:30.968573 [debug]: Schema hydration: registering 1 schemas from db_runner
04:23:30.968653 [debug]: Schema hydration: parsing FQN string '"AIRBNB"."GOLD"."OBT"'
04:23:30.968698 [debug]: Schema hydration: registering cfqn=AIRBNB.GOLD.OBT (catalog='AIRBNB', schema='GOLD', table='OBT')
04:23:30.971281 [debug]: Schema hydration: registration succeeded for AIRBNB.GOLD.OBT, exists_check=true
04:23:30.998610 [error]: dbt0227: No column GOLD_BOOKINGS.LISTING_ID found. Available are GOLD_LISTINGS.LISTING_ID, GOLD_OBT.LISTING_ID, GOLD_OBT.BOOKING_ID, GOLD_OBT.HOST_ID, GOLD_LISTINGS.DBT_SCD_ID, GOLD_OBT.HOST_NAME, GOLD_OBT.BOOKING_DATE ..(and 30 more)
  --> models\gold\ephemeral\fact.sql:28:1
04:23:31.000152 [info ]:     Failed [  1.68s] model gold.fact (ephemeral)
04:23:31.000218 [debug]: Finished analyzing [  1.65s] model gold.fact [error]
04:23:31.000236 [info ]: Finished analyzing [  1.65s] (17 nodes, 0 skipped, 1 errors)
04:23:31.021203 [info ]: Cached model count updated: 11 models (accurate)
04:40:01.326656 [info ]: Started loading project
04:40:01.358609 [info ]: Loading profiles.yml
04:40:01.415494 [info ]: Started parsing
04:40:01.453371 [info ]: Finished loading project [  0.13s]
04:40:01.459350 [debug]: Finished parsing models\gold\ephemeral\fact.sql [  0.00s]
04:40:01.462443 [info ]: Finished parsing [  0.05s]
04:40:01.465609 [info ]: Cached model count updated: 11 models (estimate)
04:40:01.465637 [info ]: Cached model count updated: 11 models (accurate)
04:40:01.465727 [info ]: Started scheduling
04:40:01.470150 [info ]: Finished scheduling [  0.00s]
04:40:01.470485 [debug]: Incremental compilation - 1 nodes selected: {"model.aws_dbt_snowflake_project.fact"}
04:40:01.472613 [info ]: Started deferring state
04:40:01.472639 [info ]: Finished deferring state [  0.00s]
04:40:01.473323 [info ]: Started downloading schemas
04:40:01.473382 [debug]:    Started downloading relations
04:40:01.473432 [debug]:   Finished [  0.00s] downloading relations
04:40:01.473453 [info ]: Finished downloading schemas [  0.00s]
04:40:01.720721 [info ]: Started building task graph
04:40:01.720801 [info ]: Finished building task graph [  0.00s]
04:40:01.730803 [info ]: Cached model count updated: 11 models (accurate)
04:40:01.766898 [info ]: Started loading project
04:40:01.767543 [info ]: Loading profiles.yml
04:40:01.773383 [info ]: Started parsing
04:40:01.791401 [info ]: Finished loading project [  0.02s]
04:40:01.795638 [debug]: Finished parsing models\gold\ephemeral\fact.sql [  0.00s]
04:40:01.796419 [info ]: Finished parsing [  0.02s]
04:40:01.797822 [info ]: Cached model count updated: 11 models (estimate)
04:40:01.797834 [info ]: Cached model count updated: 11 models (accurate)
04:40:01.797872 [info ]: Started scheduling
04:40:01.797946 [info ]: Finished scheduling [  0.00s]
04:40:01.797954 [debug]: Incremental compilation - 1 nodes selected: {"model.aws_dbt_snowflake_project.fact"}
04:40:01.798377 [info ]: Started deferring state
04:40:01.798390 [info ]: Finished deferring state [  0.00s]
04:40:01.798666 [info ]: Started downloading schemas
04:40:01.798691 [debug]:    Started downloading relations
04:40:01.798708 [debug]:   Finished [  0.00s] downloading relations
04:40:01.798717 [info ]: Finished downloading schemas [  0.00s]
04:40:01.996369 [info ]: Started building task graph
04:40:01.996500 [info ]: Finished building task graph [  0.00s]
04:40:01.996750 [info ]: Started rendering (1 nodes)
04:40:01.996801 [info ]: Started model gold.fact
04:40:01.996832 [debug]: Started rendering model gold.fact
04:40:02.002371 [debug]: Compiled SQL for node model.aws_dbt_snowflake_project.fact at target\.lsp\compiled\models\gold\ephemeral\fact.sql
04:40:02.002529 [debug]: Finished rendering [  0.01s] model gold.fact [success]
04:40:02.002541 [info ]: Started analyzing (1 nodes)
04:40:02.002567 [info ]: Finished rendering [  0.01s] (1 nodes, 0 skipped, 0 errors)
04:40:02.002583 [debug]: Started analyzing model gold.fact
04:40:02.028379 [error]: dbt0227: No column GOLD_BOOKINGS.LISTING_ID found. Available are GOLD_LISTINGS.LISTING_ID, GOLD_OBT.LISTING_ID, GOLD_OBT.BOOKING_ID, GOLD_OBT.HOST_ID, GOLD_LISTINGS.DBT_SCD_ID, GOLD_OBT.HOST_NAME, GOLD_OBT.BOOKING_DATE ..(and 30 more)
  --> models\gold\ephemeral\fact.sql:28:1
04:40:02.028499 [info ]:     Failed [  0.03s] model gold.fact (ephemeral)
04:40:02.028578 [debug]: Finished analyzing [  0.03s] model gold.fact [error]
04:40:02.028602 [info ]: Finished analyzing [  0.03s] (1 nodes, 0 skipped, 1 errors)
04:40:02.034234 [info ]: Cached model count updated: 11 models (accurate)
04:40:58.453323 [info ]: Started loading project
04:40:58.454618 [info ]: Loading profiles.yml
04:40:58.462211 [info ]: Finished loading project [  0.01s]
04:40:58.462566 [info ]: Cached model count updated: 11 models (accurate)
04:40:58.521465 [info ]: Started loading project
04:40:58.522217 [info ]: Loading profiles.yml
04:40:58.529585 [info ]: Started parsing
04:40:58.559618 [info ]: Finished loading project [  0.04s]
04:40:58.565551 [debug]: Finished parsing models\gold\ephemeral\fact.sql [  0.00s]
04:40:58.566529 [info ]: Finished parsing [  0.04s]
04:40:58.568933 [info ]: Cached model count updated: 11 models (estimate)
04:40:58.568957 [info ]: Cached model count updated: 11 models (accurate)
04:40:58.569025 [info ]: Started scheduling
04:40:58.569147 [info ]: Finished scheduling [  0.00s]
04:40:58.569163 [debug]: Incremental compilation - 1 nodes selected: {"model.aws_dbt_snowflake_project.fact"}
04:40:58.569884 [info ]: Started deferring state
04:40:58.569902 [info ]: Finished deferring state [  0.00s]
04:40:58.570324 [info ]: Started downloading schemas
04:40:58.570377 [debug]:    Started downloading relations
04:40:58.570403 [debug]:   Finished [  0.00s] downloading relations
04:40:58.570417 [info ]: Finished downloading schemas [  0.00s]
04:40:58.795179 [info ]: Started building task graph
04:40:58.795252 [info ]: Finished building task graph [  0.00s]
04:40:58.802467 [info ]: Cached model count updated: 11 models (accurate)
04:40:58.858828 [info ]: Started loading project
04:40:58.859588 [info ]: Loading profiles.yml
04:40:58.867130 [info ]: Started parsing
04:40:58.890115 [info ]: Finished loading project [  0.03s]
04:40:58.894673 [debug]: Finished parsing models\gold\ephemeral\fact.sql [  0.00s]
04:40:58.895320 [info ]: Finished parsing [  0.03s]
04:40:58.898111 [info ]: Cached model count updated: 11 models (estimate)
04:40:58.898127 [info ]: Cached model count updated: 11 models (accurate)
04:40:58.898184 [info ]: Started scheduling
04:40:58.898283 [info ]: Finished scheduling [  0.00s]
04:40:58.898296 [debug]: Incremental compilation - 1 nodes selected: {"model.aws_dbt_snowflake_project.fact"}
04:40:58.898850 [info ]: Started deferring state
04:40:58.898868 [info ]: Finished deferring state [  0.00s]
04:40:58.900803 [info ]: Started downloading schemas
04:40:58.900883 [debug]:    Started downloading relations
04:40:58.900935 [debug]:   Finished [  0.00s] downloading relations
04:40:58.901005 [info ]: Finished downloading schemas [  0.00s]
04:40:59.061343 [info ]: Started building task graph
04:40:59.061428 [info ]: Finished building task graph [  0.00s]
04:40:59.061583 [info ]: Started rendering (1 nodes)
04:40:59.061599 [info ]: Started model gold.fact
04:40:59.061611 [debug]: Started rendering model gold.fact
04:40:59.064041 [debug]: Compiled SQL for node model.aws_dbt_snowflake_project.fact at target\.lsp\compiled\models\gold\ephemeral\fact.sql
04:40:59.064136 [info ]: Started analyzing (1 nodes)
04:40:59.064155 [debug]: Started analyzing model gold.fact
04:40:59.064692 [debug]: Finished rendering [  0.00s] model gold.fact [success]
04:40:59.064715 [info ]: Finished rendering [  0.00s] (1 nodes, 0 skipped, 0 errors)
04:40:59.079565 [error]: dbt0227: No column GOLD_BOOKINGS.LISTING_ID found. Available are GOLD_LISTINGS.LISTING_ID, GOLD_OBT.LISTING_ID, GOLD_OBT.BOOKING_ID, GOLD_OBT.HOST_ID, GOLD_LISTINGS.DBT_SCD_ID, GOLD_OBT.HOST_NAME, GOLD_OBT.BOOKING_DATE ..(and 30 more)
  --> models\gold\ephemeral\fact.sql:28:5
04:40:59.079694 [info ]:     Failed [  0.02s] model gold.fact (ephemeral)
04:40:59.079739 [debug]: Finished analyzing [  0.02s] model gold.fact [error]
04:40:59.079762 [info ]: Finished analyzing [  0.02s] (1 nodes, 0 skipped, 1 errors)
04:40:59.086905 [info ]: Cached model count updated: 11 models (accurate)
04:43:47.849009 [info ]: Started loading project
04:43:47.850148 [info ]: Loading profiles.yml
04:43:47.864684 [info ]: Started parsing
04:43:47.899301 [info ]: Finished loading project [  0.05s]
04:43:47.905268 [debug]: Finished parsing models\gold\ephemeral\fact.sql [  0.00s]
04:43:47.905815 [info ]: Finished parsing [  0.04s]
04:43:47.908269 [info ]: Cached model count updated: 11 models (estimate)
04:43:47.908288 [info ]: Cached model count updated: 11 models (accurate)
04:43:47.908353 [info ]: Started scheduling
04:43:47.908495 [info ]: Finished scheduling [  0.00s]
04:43:47.908512 [debug]: Incremental compilation - 1 nodes selected: {"model.aws_dbt_snowflake_project.fact"}
04:43:47.909206 [info ]: Started deferring state
04:43:47.909223 [info ]: Finished deferring state [  0.00s]
04:43:47.909738 [info ]: Started downloading schemas
04:43:47.909781 [debug]:    Started downloading relations
04:43:47.909808 [debug]:   Finished [  0.00s] downloading relations
04:43:47.909825 [info ]: Finished downloading schemas [  0.00s]
04:43:48.040092 [info ]: Started building task graph
04:43:48.040163 [info ]: Finished building task graph [  0.00s]
04:43:48.040348 [info ]: Started rendering (1 nodes)
04:43:48.040362 [info ]: Started model gold.fact
04:43:48.040388 [debug]: Started rendering model gold.fact
04:43:48.042914 [debug]: Compiled SQL for node model.aws_dbt_snowflake_project.fact at target\.lsp\compiled\models\gold\ephemeral\fact.sql
04:43:48.043004 [debug]: Finished rendering [  0.00s] model gold.fact [success]
04:43:48.043027 [info ]: Finished rendering [  0.00s] (1 nodes, 0 skipped, 0 errors)
04:43:48.043061 [info ]: Started analyzing (1 nodes)
04:43:48.044548 [debug]: Started analyzing model gold.fact
04:43:48.056779 [error]: dbt0227: No column GOLD_BOOKINGS.LISTING_ID found. Available are GOLD_LISTINGS.LISTING_ID, GOLD_OBT.LISTING_ID, GOLD_OBT.BOOKING_ID, GOLD_OBT.HOST_ID, GOLD_LISTINGS.DBT_SCD_ID, GOLD_OBT.HOST_NAME, GOLD_OBT.BOOKING_DATE ..(and 30 more)
  --> models\gold\ephemeral\fact.sql:28:5
04:43:48.056876 [info ]:     Failed [  0.01s] model gold.fact (ephemeral)
04:43:48.056918 [debug]: Finished analyzing [  0.01s] model gold.fact [error]
04:43:48.056937 [info ]: Finished analyzing [  0.01s] (1 nodes, 0 skipped, 1 errors)
04:43:48.063576 [info ]: Cached model count updated: 11 models (accurate)
04:43:48.195312 [info ]: Started loading project
04:43:48.196534 [info ]: Loading profiles.yml
04:43:48.209585 [info ]: Started parsing
04:43:48.243545 [info ]: Finished loading project [  0.05s]
04:43:48.247385 [info ]: Finished parsing [  0.04s]
04:43:48.250132 [info ]: Cached model count updated: 11 models (estimate)
04:43:48.250148 [info ]: Cached model count updated: 11 models (accurate)
04:43:48.250202 [info ]: Started scheduling
04:43:48.250254 [info ]: Finished scheduling [  0.00s]
04:43:48.250266 [debug]: Incremental compilation - 0 nodes selected: {}
04:43:48.252522 [warn ]: dbt1600: The selection criterion '' does not match any enabled nodes
04:43:48.252658 [warn ]: dbt1601: Nothing to do. Try checking your model configs and model specification args
04:43:48.253133 [info ]: Started deferring state
04:43:48.253149 [info ]: Finished deferring state [  0.00s]
04:43:48.253448 [info ]: Started downloading schemas
04:43:48.253482 [debug]:    Started downloading relations
04:43:48.253506 [debug]:   Finished [  0.00s] downloading relations
04:43:48.253519 [info ]: Finished downloading schemas [  0.00s]
04:43:48.384361 [info ]: Started building task graph
04:43:48.384410 [info ]: Finished building task graph [  0.00s]
04:43:48.390390 [info ]: Cached model count updated: 11 models (accurate)
04:45:49.612459 [info ]: Started loading project
04:45:49.613591 [info ]: Loading profiles.yml
04:45:49.623209 [info ]: Started parsing
04:45:49.655162 [info ]: Finished loading project [  0.04s]
04:45:49.661487 [debug]: Finished parsing models\gold\ephemeral\bookings.sql [  0.00s]
04:45:49.662311 [info ]: Finished parsing [  0.04s]
04:45:49.664851 [info ]: Cached model count updated: 11 models (estimate)
04:45:49.664875 [info ]: Cached model count updated: 11 models (accurate)
04:45:49.665001 [info ]: Started scheduling
04:45:49.665236 [info ]: Finished scheduling [  0.00s]
04:45:49.665263 [debug]: Incremental compilation - 2 nodes selected: {"model.aws_dbt_snowflake_project.bookings", "snapshot.aws_dbt_snowflake_project.dim_bookings"}
04:45:49.666297 [info ]: Started deferring state
04:45:49.666330 [info ]: Finished deferring state [  0.00s]
04:45:49.666964 [info ]: Started downloading schemas
04:45:49.667055 [debug]:    Started downloading relations
04:45:49.667096 [debug]:   Finished [  0.00s] downloading relations
04:45:49.667118 [info ]: Finished downloading schemas [  0.00s]
04:45:49.961562 [info ]: Started building task graph
04:45:49.961700 [info ]: Finished building task graph [  0.00s]
04:45:49.969081 [info ]: Cached model count updated: 11 models (accurate)
04:45:50.036275 [info ]: Started loading project
04:45:50.037555 [info ]: Loading profiles.yml
04:45:50.052329 [info ]: Started parsing
04:45:50.090008 [info ]: Finished loading project [  0.05s]
04:45:50.096338 [debug]: Finished parsing models\gold\ephemeral\bookings.sql [  0.00s]
04:45:50.097488 [info ]: Finished parsing [  0.05s]
04:45:50.101187 [info ]: Cached model count updated: 11 models (estimate)
04:45:50.101212 [info ]: Cached model count updated: 11 models (accurate)
04:45:50.101311 [info ]: Started scheduling
04:45:50.101502 [info ]: Finished scheduling [  0.00s]
04:45:50.101531 [debug]: Incremental compilation - 2 nodes selected: {"model.aws_dbt_snowflake_project.bookings", "snapshot.aws_dbt_snowflake_project.dim_bookings"}
04:45:50.102517 [info ]: Started deferring state
04:45:50.102548 [info ]: Finished deferring state [  0.00s]
04:45:50.103260 [info ]: Started downloading schemas
04:45:50.103365 [debug]:    Started downloading relations
04:45:50.103418 [debug]:   Finished [  0.00s] downloading relations
04:45:50.103448 [info ]: Finished downloading schemas [  0.00s]
04:45:50.281748 [info ]: Started building task graph
04:45:50.281833 [info ]: Finished building task graph [  0.00s]
04:45:50.282052 [info ]: Started rendering (2 nodes)
04:45:50.282075 [info ]: Started model gold.bookings
04:45:50.282091 [debug]: Started rendering model gold.bookings
04:45:50.284953 [debug]: Compiled SQL for node model.aws_dbt_snowflake_project.bookings at target\.lsp\compiled\models\gold\ephemeral\bookings.sql
04:45:50.285138 [info ]: Started analyzing (2 nodes)
04:45:50.285177 [debug]: Started analyzing model gold.bookings
04:45:50.285181 [debug]: Finished rendering [  0.00s] model gold.bookings [success]
04:45:50.291455 [info ]:  Succeeded [  0.01s] model gold.bookings (ephemeral)
04:45:50.291531 [debug]: Finished analyzing [  0.01s] model gold.bookings [success]
04:45:50.291598 [info ]: Started snapshot gold.dim_bookings
04:45:50.291630 [debug]: Started rendering snapshot gold.dim_bookings
04:45:50.311266 [debug]: Compiled SQL for node snapshot.aws_dbt_snowflake_project.dim_bookings at target\.lsp\compiled\snapshots\dim_bookings.sql
04:45:50.311366 [debug]: Started analyzing snapshot gold.dim_bookings
04:45:50.311387 [debug]: Finished rendering [  0.02s] snapshot gold.dim_bookings [success]
04:45:50.311429 [info ]: Finished rendering [  0.03s] (2 nodes, 0 skipped, 0 errors)
04:45:50.316666 [info ]:  Succeeded [  0.02s] snapshot gold.dim_bookings (table)
04:45:50.316708 [debug]: Finished analyzing [  0.01s] snapshot gold.dim_bookings [success]
04:45:50.316721 [info ]: Finished analyzing [  0.03s] (2 nodes, 0 skipped, 0 errors)
04:45:50.323687 [info ]: Cached model count updated: 11 models (accurate)
04:45:57.368900 [info ]: Started loading project
04:45:57.369889 [info ]: Loading profiles.yml
04:45:57.378610 [info ]: Started parsing
04:45:57.409848 [info ]: Finished loading project [  0.04s]
04:45:57.418160 [debug]: Finished parsing models\gold\ephemeral\fact.sql [  0.00s]
04:45:57.418937 [info ]: Finished parsing [  0.04s]
04:45:57.422520 [info ]: Cached model count updated: 11 models (estimate)
04:45:57.422546 [info ]: Cached model count updated: 11 models (accurate)
04:45:57.422639 [info ]: Started scheduling
04:45:57.422816 [info ]: Finished scheduling [  0.00s]
04:45:57.422840 [debug]: Incremental compilation - 1 nodes selected: {"model.aws_dbt_snowflake_project.fact"}
04:45:57.423873 [info ]: Started deferring state
04:45:57.423902 [info ]: Finished deferring state [  0.00s]
04:45:57.424699 [info ]: Started downloading schemas
04:45:57.424779 [debug]:    Started downloading relations
04:45:57.424827 [debug]:   Finished [  0.00s] downloading relations
04:45:57.424857 [info ]: Finished downloading schemas [  0.00s]
04:45:57.588627 [info ]: Started building task graph
04:45:57.588701 [info ]: Finished building task graph [  0.00s]
04:45:57.588957 [info ]: Started rendering (1 nodes)
04:45:57.588973 [info ]: Started model gold.fact
04:45:57.588983 [debug]: Started rendering model gold.fact
04:45:57.592006 [debug]: Compiled SQL for node model.aws_dbt_snowflake_project.fact at target\.lsp\compiled\models\gold\ephemeral\fact.sql
04:45:57.592124 [info ]: Started analyzing (1 nodes)
04:45:57.592145 [debug]: Started analyzing model gold.fact
04:45:57.592147 [debug]: Finished rendering [  0.00s] model gold.fact [success]
04:45:57.592168 [info ]: Finished rendering [  0.00s] (1 nodes, 0 skipped, 0 errors)
04:45:57.604207 [error]: dbt0227: No column GOLD_BOOKINGS.LISTING_ID found. Available are GOLD_LISTINGS.LISTING_ID, GOLD_OBT.LISTING_ID, GOLD_OBT.BOOKING_ID, GOLD_OBT.HOST_ID, GOLD_LISTINGS.DBT_SCD_ID, GOLD_OBT.HOST_NAME, GOLD_OBT.BOOKING_DATE ..(and 30 more)
  --> models\gold\ephemeral\fact.sql:28:5
04:45:57.604312 [info ]:     Failed [  0.01s] model gold.fact (ephemeral)
04:45:57.604344 [debug]: Finished analyzing [  0.01s] model gold.fact [error]
04:45:57.604353 [info ]: Finished analyzing [  0.01s] (1 nodes, 0 skipped, 1 errors)
04:45:57.610514 [info ]: Cached model count updated: 11 models (accurate)
04:45:57.653994 [info ]: Started loading project
04:45:57.654701 [info ]: Loading profiles.yml
04:45:57.661128 [info ]: Started parsing
04:45:57.678376 [info ]: Finished loading project [  0.02s]
04:45:57.681068 [info ]: Finished parsing [  0.02s]
04:45:57.682446 [info ]: Cached model count updated: 11 models (estimate)
04:45:57.682457 [info ]: Cached model count updated: 11 models (accurate)
04:45:57.682492 [info ]: Started scheduling
04:45:57.682532 [info ]: Finished scheduling [  0.00s]
04:45:57.682539 [debug]: Incremental compilation - 0 nodes selected: {}
04:45:57.682550 [warn ]: dbt1600: The selection criterion '' does not match any enabled nodes
04:45:57.682554 [warn ]: dbt1601: Nothing to do. Try checking your model configs and model specification args
04:45:57.682970 [info ]: Started deferring state
04:45:57.682982 [info ]: Finished deferring state [  0.00s]
04:45:57.683275 [info ]: Started downloading schemas
04:45:57.683301 [debug]:    Started downloading relations
04:45:57.683317 [debug]:   Finished [  0.00s] downloading relations
04:45:57.683327 [info ]: Finished downloading schemas [  0.00s]
04:45:57.810555 [info ]: Started building task graph
04:45:57.810615 [info ]: Finished building task graph [  0.00s]
04:45:57.816852 [info ]: Cached model count updated: 11 models (accurate)
04:46:19.371535 [info ]: Started loading project
04:46:19.372737 [info ]: Loading profiles.yml
04:46:19.381702 [info ]: Started parsing
04:46:19.411149 [info ]: Finished loading project [  0.04s]
04:46:19.416549 [debug]: Finished parsing models\gold\ephemeral\fact.sql [  0.00s]
04:46:19.417056 [info ]: Finished parsing [  0.04s]
04:46:19.419603 [info ]: Cached model count updated: 11 models (estimate)
04:46:19.419627 [info ]: Cached model count updated: 11 models (accurate)
04:46:19.419717 [info ]: Started scheduling
04:46:19.419891 [info ]: Finished scheduling [  0.00s]
04:46:19.419911 [debug]: Incremental compilation - 1 nodes selected: {"model.aws_dbt_snowflake_project.fact"}
04:46:19.420796 [info ]: Started deferring state
04:46:19.420822 [info ]: Finished deferring state [  0.00s]
04:46:19.421459 [info ]: Started downloading schemas
04:46:19.421521 [debug]:    Started downloading relations
04:46:19.421562 [debug]:   Finished [  0.00s] downloading relations
04:46:19.421586 [info ]: Finished downloading schemas [  0.00s]
04:46:19.621145 [info ]: Started building task graph
04:46:19.621200 [info ]: Finished building task graph [  0.00s]
04:46:19.621409 [info ]: Started rendering (1 nodes)
04:46:19.621424 [info ]: Started model gold.fact
04:46:19.621433 [debug]: Started rendering model gold.fact
04:46:19.623728 [debug]: Compiled SQL for node model.aws_dbt_snowflake_project.fact at target\.lsp\compiled\models\gold\ephemeral\fact.sql
04:46:19.623845 [info ]: Started analyzing (1 nodes)
04:46:19.623867 [debug]: Started analyzing model gold.fact
04:46:19.624148 [debug]: Finished rendering [  0.00s] model gold.fact [success]
04:46:19.624170 [info ]: Finished rendering [  0.00s] (1 nodes, 0 skipped, 0 errors)
04:46:19.632280 [error]: dbt0227: No column GOLD_BOOKINGS.LISTING_ID found. Available are GOLD_LISTINGS.LISTING_ID, GOLD_OBT.LISTING_ID, GOLD_OBT.BOOKING_ID, GOLD_OBT.HOST_ID, GOLD_LISTINGS.DBT_SCD_ID, GOLD_OBT.HOST_NAME, GOLD_OBT.BOOKING_DATE ..(and 30 more)
  --> models\gold\ephemeral\fact.sql:28:5
04:46:19.632372 [info ]:     Failed [  0.01s] model gold.fact (ephemeral)
04:46:19.632399 [debug]: Finished analyzing [  0.01s] model gold.fact [error]
04:46:19.632408 [info ]: Finished analyzing [  0.01s] (1 nodes, 0 skipped, 1 errors)
04:46:19.638132 [info ]: Cached model count updated: 11 models (accurate)
04:46:19.676365 [info ]: Started loading project
04:46:19.677265 [info ]: Loading profiles.yml
04:46:19.689260 [info ]: Started parsing
04:46:19.707260 [info ]: Finished loading project [  0.03s]
04:46:19.710108 [info ]: Finished parsing [  0.02s]
04:46:19.711553 [info ]: Cached model count updated: 11 models (estimate)
04:46:19.711565 [info ]: Cached model count updated: 11 models (accurate)
04:46:19.711598 [info ]: Started scheduling
04:46:19.711655 [info ]: Finished scheduling [  0.00s]
04:46:19.711663 [debug]: Incremental compilation - 0 nodes selected: {}
04:46:19.711673 [warn ]: dbt1600: The selection criterion '' does not match any enabled nodes
04:46:19.711680 [warn ]: dbt1601: Nothing to do. Try checking your model configs and model specification args
04:46:19.712125 [info ]: Started deferring state
04:46:19.712136 [info ]: Finished deferring state [  0.00s]
04:46:19.712416 [info ]: Started downloading schemas
04:46:19.712442 [debug]:    Started downloading relations
04:46:19.712459 [debug]:   Finished [  0.00s] downloading relations
04:46:19.712468 [info ]: Finished downloading schemas [  0.00s]
04:46:19.846095 [info ]: Started building task graph
04:46:19.846144 [info ]: Finished building task graph [  0.00s]
04:46:19.852456 [info ]: Cached model count updated: 11 models (accurate)
04:47:47.724753 [info ]: Started loading project
04:47:47.726456 [info ]: Loading profiles.yml
04:47:47.742625 [info ]: Started parsing
04:47:47.792626 [info ]: Finished loading project [  0.07s]
04:47:47.797918 [debug]: Finished parsing models\gold\ephemeral\fact.sql [  0.00s]
04:47:47.798557 [info ]: Finished parsing [  0.06s]
04:47:47.800973 [info ]: Cached model count updated: 11 models (estimate)
04:47:47.800990 [info ]: Cached model count updated: 11 models (accurate)
04:47:47.801050 [info ]: Started scheduling
04:47:47.801185 [info ]: Finished scheduling [  0.00s]
04:47:47.801199 [debug]: Incremental compilation - 1 nodes selected: {"model.aws_dbt_snowflake_project.fact"}
04:47:47.801936 [info ]: Started deferring state
04:47:47.801996 [info ]: Finished deferring state [  0.00s]
04:47:47.802650 [info ]: Started downloading schemas
04:47:47.802709 [debug]:    Started downloading relations
04:47:47.802743 [debug]:   Finished [  0.00s] downloading relations
04:47:47.802765 [info ]: Finished downloading schemas [  0.00s]
04:47:48.022917 [info ]: Started building task graph
04:47:48.022990 [info ]: Finished building task graph [  0.00s]
04:47:48.028980 [info ]: Cached model count updated: 11 models (accurate)
04:47:48.072975 [info ]: Started loading project
04:47:48.073784 [info ]: Loading profiles.yml
04:47:48.081852 [info ]: Started parsing
04:47:48.108473 [info ]: Finished loading project [  0.04s]
04:47:48.114021 [debug]: Finished parsing models\gold\ephemeral\fact.sql [  0.00s]
04:47:48.114581 [info ]: Finished parsing [  0.03s]
04:47:48.116133 [info ]: Cached model count updated: 11 models (estimate)
04:47:48.116145 [info ]: Cached model count updated: 11 models (accurate)
04:47:48.116184 [info ]: Started scheduling
04:47:48.116260 [info ]: Finished scheduling [  0.00s]
04:47:48.116269 [debug]: Incremental compilation - 1 nodes selected: {"model.aws_dbt_snowflake_project.fact"}
04:47:48.116670 [info ]: Started deferring state
04:47:48.116682 [info ]: Finished deferring state [  0.00s]
04:47:48.116954 [info ]: Started downloading schemas
04:47:48.116980 [debug]:    Started downloading relations
04:47:48.116997 [debug]:   Finished [  0.00s] downloading relations
04:47:48.117006 [info ]: Finished downloading schemas [  0.00s]
04:47:48.259859 [info ]: Started building task graph
04:47:48.259916 [info ]: Finished building task graph [  0.00s]
04:47:48.260118 [info ]: Started rendering (1 nodes)
04:47:48.260134 [info ]: Started model gold.fact
04:47:48.260143 [debug]: Started rendering model gold.fact
04:47:48.263036 [debug]: Compiled SQL for node model.aws_dbt_snowflake_project.fact at target\.lsp\compiled\models\gold\ephemeral\fact.sql
04:47:48.263128 [info ]: Started analyzing (1 nodes)
04:47:48.263145 [debug]: Started analyzing model gold.fact
04:47:48.263563 [debug]: Finished rendering [  0.00s] model gold.fact [success]
04:47:48.263584 [info ]: Finished rendering [  0.00s] (1 nodes, 0 skipped, 0 errors)
04:47:48.274287 [error]: dbt0227: No column GOLD_BOOKINGS.LISTING_ID found. Available are GOLD_LISTINGS.LISTING_ID, GOLD_OBT.LISTING_ID, GOLD_OBT.BOOKING_ID, GOLD_OBT.HOST_ID, GOLD_LISTINGS.DBT_SCD_ID, GOLD_OBT.HOST_NAME, GOLD_OBT.BOOKING_DATE ..(and 30 more)
  --> models\gold\ephemeral\fact.sql:28:5
04:47:48.274416 [info ]:     Failed [  0.01s] model gold.fact (ephemeral)
04:47:48.274457 [debug]: Finished analyzing [  0.01s] model gold.fact [error]
04:47:48.274470 [info ]: Finished analyzing [  0.01s] (1 nodes, 0 skipped, 1 errors)
04:47:48.281442 [info ]: Cached model count updated: 11 models (accurate)
04:48:44.703952 [info ]: Started loading project
04:48:44.705401 [info ]: Loading profiles.yml
04:48:44.720649 [info ]: Started parsing
04:48:44.773864 [info ]: Finished loading project [  0.07s]
04:48:44.783035 [debug]: Finished parsing models\gold\ephemeral\bookings.sql [  0.00s]
04:48:44.783872 [info ]: Finished parsing [  0.06s]
04:48:44.787392 [info ]: Cached model count updated: 11 models (estimate)
04:48:44.787422 [info ]: Cached model count updated: 11 models (accurate)
04:48:44.787522 [info ]: Started scheduling
04:48:44.787734 [info ]: Finished scheduling [  0.00s]
04:48:44.787762 [debug]: Incremental compilation - 2 nodes selected: {"model.aws_dbt_snowflake_project.bookings", "snapshot.aws_dbt_snowflake_project.dim_bookings"}
04:48:44.788781 [info ]: Started deferring state
04:48:44.788809 [info ]: Finished deferring state [  0.00s]
04:48:44.789598 [info ]: Started downloading schemas
04:48:44.789718 [debug]:    Started downloading relations
04:48:44.789781 [debug]:   Finished [  0.00s] downloading relations
04:48:44.789814 [info ]: Finished downloading schemas [  0.00s]
04:48:44.971999 [info ]: Started building task graph
04:48:44.972075 [info ]: Finished building task graph [  0.00s]
04:48:44.972294 [info ]: Started rendering (2 nodes)
04:48:44.972311 [info ]: Started model gold.bookings
04:48:44.972323 [debug]: Started rendering model gold.bookings
04:48:44.975588 [debug]: Compiled SQL for node model.aws_dbt_snowflake_project.bookings at target\.lsp\compiled\models\gold\ephemeral\bookings.sql
04:48:44.975705 [info ]: Started analyzing (2 nodes)
04:48:44.975730 [debug]: Started analyzing model gold.bookings
04:48:44.975828 [debug]: Finished rendering [  0.00s] model gold.bookings [success]
04:48:44.978605 [info ]:  Succeeded [  0.01s] model gold.bookings (ephemeral)
04:48:44.978650 [debug]: Finished analyzing [  0.00s] model gold.bookings [success]
04:48:44.978700 [info ]: Finished rendering [  0.01s] (2 nodes, 0 skipped, 0 errors)
04:48:44.978711 [info ]: Finished analyzing [  0.00s] (2 nodes, 0 skipped, 0 errors)
04:48:44.983769 [info ]: Cached model count updated: 11 models (accurate)
04:48:45.046742 [info ]: Started loading project
04:48:45.048624 [info ]: Loading profiles.yml
04:48:45.063013 [info ]: Started parsing
04:48:45.112544 [info ]: Finished loading project [  0.07s]
04:48:45.121792 [debug]: Finished parsing models\gold\ephemeral\bookings.sql [  0.01s]
04:48:45.123174 [info ]: Finished parsing [  0.06s]
04:48:45.127303 [info ]: Cached model count updated: 11 models (estimate)
04:48:45.127336 [info ]: Cached model count updated: 11 models (accurate)
04:48:45.127488 [info ]: Started scheduling
04:48:45.127741 [info ]: Finished scheduling [  0.00s]
04:48:45.127823 [debug]: Incremental compilation - 2 nodes selected: {"model.aws_dbt_snowflake_project.bookings", "snapshot.aws_dbt_snowflake_project.dim_bookings"}
04:48:45.128934 [info ]: Started deferring state
04:48:45.128968 [info ]: Finished deferring state [  0.00s]
04:48:45.129672 [info ]: Started downloading schemas
04:48:45.129772 [debug]:    Started downloading relations
04:48:45.129814 [debug]:   Finished [  0.00s] downloading relations
04:48:45.129842 [info ]: Finished downloading schemas [  0.00s]
04:48:45.313890 [info ]: Started building task graph
04:48:45.313977 [info ]: Finished building task graph [  0.00s]
04:48:45.314227 [info ]: Started rendering (2 nodes)
04:48:45.314246 [info ]: Started model gold.bookings
04:48:45.314259 [debug]: Started rendering model gold.bookings
04:48:45.316406 [debug]: Compiled SQL for node model.aws_dbt_snowflake_project.bookings at target\.lsp\compiled\models\gold\ephemeral\bookings.sql
04:48:45.316493 [info ]: Started analyzing (2 nodes)
04:48:45.316503 [debug]: Finished rendering [  0.00s] model gold.bookings [success]
04:48:45.316508 [debug]: Started analyzing model gold.bookings
04:48:45.318560 [info ]:  Succeeded [  0.00s] model gold.bookings (ephemeral)
04:48:45.318596 [debug]: Finished analyzing [  0.00s] model gold.bookings [success]
04:48:45.318629 [info ]: Started snapshot gold.dim_bookings
04:48:45.318645 [debug]: Started rendering snapshot gold.dim_bookings
04:48:45.320245 [debug]: Compiled SQL for node snapshot.aws_dbt_snowflake_project.dim_bookings at target\.lsp\compiled\snapshots\dim_bookings.sql
04:48:45.320320 [debug]: Started analyzing snapshot gold.dim_bookings
04:48:45.320935 [debug]: Finished rendering [  0.00s] snapshot gold.dim_bookings [success]
04:48:45.320968 [info ]: Finished rendering [  0.01s] (2 nodes, 0 skipped, 0 errors)
04:48:45.322751 [info ]:  Succeeded [  0.00s] snapshot gold.dim_bookings (table)
04:48:45.322791 [debug]: Finished analyzing [  0.00s] snapshot gold.dim_bookings [success]
04:48:45.322800 [info ]: Finished analyzing [  0.01s] (2 nodes, 0 skipped, 0 errors)
04:48:45.330564 [info ]: Cached model count updated: 11 models (accurate)
04:48:51.737038 [info ]: Started loading project
04:48:51.737855 [info ]: Loading profiles.yml
04:48:51.751439 [info ]: Started parsing
04:48:51.785883 [info ]: Finished loading project [  0.05s]
04:48:51.792179 [debug]: Finished parsing models\gold\ephemeral\fact.sql [  0.00s]
04:48:51.792969 [info ]: Finished parsing [  0.04s]
04:48:51.795516 [info ]: Cached model count updated: 11 models (estimate)
04:48:51.795544 [info ]: Cached model count updated: 11 models (accurate)
04:48:51.795637 [info ]: Started scheduling
04:48:51.795822 [info ]: Finished scheduling [  0.00s]
04:48:51.795843 [debug]: Incremental compilation - 1 nodes selected: {"model.aws_dbt_snowflake_project.fact"}
04:48:51.796795 [info ]: Started deferring state
04:48:51.796819 [info ]: Finished deferring state [  0.00s]
04:48:51.797239 [info ]: Started downloading schemas
04:48:51.797279 [debug]:    Started downloading relations
04:48:51.797305 [debug]:   Finished [  0.00s] downloading relations
04:48:51.797321 [info ]: Finished downloading schemas [  0.00s]
04:48:51.950105 [info ]: Started building task graph
04:48:51.950176 [info ]: Finished building task graph [  0.00s]
04:48:51.950325 [info ]: Started rendering (1 nodes)
04:48:51.950348 [info ]: Started model gold.fact
04:48:51.950371 [debug]: Started rendering model gold.fact
04:48:51.952619 [debug]: Compiled SQL for node model.aws_dbt_snowflake_project.fact at target\.lsp\compiled\models\gold\ephemeral\fact.sql
04:48:51.952714 [debug]: Finished rendering [  0.00s] model gold.fact [success]
04:48:51.952735 [info ]: Finished rendering [  0.00s] (1 nodes, 0 skipped, 0 errors)
04:48:51.952765 [info ]: Started analyzing (1 nodes)
04:48:51.952783 [debug]: Started analyzing model gold.fact
04:48:51.961930 [error]: dbt0227: No column GOLD_BOOKINGS.LISTING_ID found. Available are GOLD_LISTINGS.LISTING_ID, GOLD_OBT.LISTING_ID, GOLD_OBT.BOOKING_ID, GOLD_OBT.HOST_ID, GOLD_LISTINGS.DBT_SCD_ID, GOLD_OBT.HOST_NAME, GOLD_OBT.BOOKING_DATE ..(and 30 more)
  --> models\gold\ephemeral\fact.sql:28:5
04:48:51.962033 [info ]:     Failed [  0.01s] model gold.fact (ephemeral)
04:48:51.962165 [debug]: Finished analyzing [  0.01s] model gold.fact [error]
04:48:51.962184 [info ]: Finished analyzing [  0.01s] (1 nodes, 0 skipped, 1 errors)
04:48:51.967232 [info ]: Cached model count updated: 11 models (accurate)
04:48:52.085212 [info ]: Started loading project
04:48:52.086850 [info ]: Loading profiles.yml
04:48:52.102999 [info ]: Started parsing
04:48:52.149448 [info ]: Finished loading project [  0.06s]
04:48:52.154991 [info ]: Finished parsing [  0.05s]
04:48:52.156376 [info ]: Cached model count updated: 11 models (estimate)
04:48:52.156387 [info ]: Cached model count updated: 11 models (accurate)
04:48:52.156421 [info ]: Started scheduling
04:48:52.156460 [info ]: Finished scheduling [  0.00s]
04:48:52.156467 [debug]: Incremental compilation - 0 nodes selected: {}
04:48:52.156477 [warn ]: dbt1600: The selection criterion '' does not match any enabled nodes
04:48:52.156482 [warn ]: dbt1601: Nothing to do. Try checking your model configs and model specification args
04:48:52.156887 [info ]: Started deferring state
04:48:52.156899 [info ]: Finished deferring state [  0.00s]
04:48:52.157183 [info ]: Started downloading schemas
04:48:52.157208 [debug]:    Started downloading relations
04:48:52.157227 [debug]:   Finished [  0.00s] downloading relations
04:48:52.157237 [info ]: Finished downloading schemas [  0.00s]
04:48:52.327998 [info ]: Started building task graph
04:48:52.328046 [info ]: Finished building task graph [  0.00s]
04:48:52.332750 [info ]: Cached model count updated: 11 models (accurate)
04:52:45.374593 [info ]: Started loading project
04:52:45.375995 [info ]: Loading profiles.yml
04:52:45.387062 [info ]: Started parsing
04:52:45.419736 [info ]: Finished loading project [  0.05s]
04:52:45.425814 [debug]: Finished parsing models\gold\ephemeral\fact.sql [  0.00s]
04:52:45.426765 [info ]: Finished parsing [  0.04s]
04:52:45.429882 [info ]: Cached model count updated: 11 models (estimate)
04:52:45.429907 [info ]: Cached model count updated: 11 models (accurate)
04:52:45.429982 [info ]: Started scheduling
04:52:45.430147 [info ]: Finished scheduling [  0.00s]
04:52:45.430167 [debug]: Incremental compilation - 1 nodes selected: {"model.aws_dbt_snowflake_project.fact"}
04:52:45.430898 [info ]: Started deferring state
04:52:45.430918 [info ]: Finished deferring state [  0.00s]
04:52:45.431433 [info ]: Started downloading schemas
04:52:45.431487 [debug]:    Started downloading relations
04:52:45.431518 [debug]:   Finished [  0.00s] downloading relations
04:52:45.431536 [info ]: Finished downloading schemas [  0.00s]
04:52:45.626317 [info ]: Started building task graph
04:52:45.626400 [info ]: Finished building task graph [  0.00s]
04:52:45.626816 [info ]: Started rendering (1 nodes)
04:52:45.626854 [info ]: Started model gold.fact
04:52:45.626889 [debug]: Started rendering model gold.fact
04:52:45.629462 [debug]: Compiled SQL for node model.aws_dbt_snowflake_project.fact at target\.lsp\compiled\models\gold\ephemeral\fact.sql
04:52:45.629561 [info ]: Started analyzing (1 nodes)
04:52:45.629576 [debug]: Started analyzing model gold.fact
04:52:45.629671 [debug]: Finished rendering [  0.00s] model gold.fact [success]
04:52:45.629701 [info ]: Finished rendering [  0.00s] (1 nodes, 0 skipped, 0 errors)
04:52:45.638113 [error]: dbt0227: No column GOLD_BOOKINGS.LISTING_ID found. Available are GOLD_LISTINGS.LISTING_ID, GOLD_OBT.LISTING_ID, GOLD_OBT.BOOKING_ID, GOLD_OBT.HOST_ID, GOLD_LISTINGS.DBT_SCD_ID, GOLD_OBT.HOST_NAME, GOLD_OBT.BOOKING_DATE ..(and 30 more)
  --> models\gold\ephemeral\fact.sql:28:5
04:52:45.638193 [info ]:     Failed [  0.01s] model gold.fact (ephemeral)
04:52:45.638306 [debug]: Finished analyzing [  0.01s] model gold.fact [error]
04:52:45.638325 [info ]: Finished analyzing [  0.01s] (1 nodes, 0 skipped, 1 errors)
04:52:45.643421 [info ]: Cached model count updated: 11 models (accurate)
04:52:45.683704 [info ]: Started loading project
04:52:45.684368 [info ]: Loading profiles.yml
04:52:45.689624 [info ]: Started parsing
04:52:45.706031 [info ]: Finished loading project [  0.02s]
04:52:45.708992 [info ]: Finished parsing [  0.02s]
04:52:45.710500 [info ]: Cached model count updated: 11 models (estimate)
04:52:45.710511 [info ]: Cached model count updated: 11 models (accurate)
04:52:45.710545 [info ]: Started scheduling
04:52:45.710584 [info ]: Finished scheduling [  0.00s]
04:52:45.710591 [debug]: Incremental compilation - 0 nodes selected: {}
04:52:45.710601 [warn ]: dbt1600: The selection criterion '' does not match any enabled nodes
04:52:45.710606 [warn ]: dbt1601: Nothing to do. Try checking your model configs and model specification args
04:52:45.711094 [info ]: Started deferring state
04:52:45.711105 [info ]: Finished deferring state [  0.00s]
04:52:45.711396 [info ]: Started downloading schemas
04:52:45.711422 [debug]:    Started downloading relations
04:52:45.711438 [debug]:   Finished [  0.00s] downloading relations
04:52:45.711447 [info ]: Finished downloading schemas [  0.00s]
04:52:45.846802 [info ]: Started building task graph
04:52:45.846860 [info ]: Finished building task graph [  0.00s]
04:52:45.852466 [info ]: Cached model count updated: 11 models (accurate)
04:54:11.217431 [info ]: Started loading project
04:54:11.218615 [info ]: Loading profiles.yml
04:54:11.228899 [info ]: Started parsing
04:54:11.259514 [info ]: Finished loading project [  0.04s]
04:54:11.268502 [debug]: Finished parsing models\gold\ephemeral\fact.sql [  0.00s]
04:54:11.269415 [info ]: Finished parsing [  0.04s]
04:54:11.273125 [info ]: Cached model count updated: 11 models (estimate)
04:54:11.273155 [info ]: Cached model count updated: 11 models (accurate)
04:54:11.273268 [info ]: Started scheduling
04:54:11.273499 [info ]: Finished scheduling [  0.00s]
04:54:11.273528 [debug]: Incremental compilation - 1 nodes selected: {"model.aws_dbt_snowflake_project.fact"}
04:54:11.274545 [info ]: Started deferring state
04:54:11.274577 [info ]: Finished deferring state [  0.00s]
04:54:11.275396 [info ]: Started downloading schemas
04:54:11.275473 [debug]:    Started downloading relations
04:54:11.275528 [debug]:   Finished [  0.00s] downloading relations
04:54:11.275556 [info ]: Finished downloading schemas [  0.00s]
04:54:11.589380 [info ]: Started building task graph
04:54:11.589526 [info ]: Finished building task graph [  0.00s]
04:54:11.594426 [info ]: Cached model count updated: 11 models (accurate)
04:54:11.632639 [info ]: Started loading project
04:54:11.633366 [info ]: Loading profiles.yml
04:54:11.638511 [info ]: Started parsing
04:54:11.655443 [info ]: Finished loading project [  0.02s]
04:54:11.658887 [debug]: Finished parsing models\gold\ephemeral\fact.sql [  0.00s]
04:54:11.659453 [info ]: Finished parsing [  0.02s]
04:54:11.661370 [info ]: Cached model count updated: 11 models (estimate)
04:54:11.661385 [info ]: Cached model count updated: 11 models (accurate)
04:54:11.661427 [info ]: Started scheduling
04:54:11.661504 [info ]: Finished scheduling [  0.00s]
04:54:11.661515 [debug]: Incremental compilation - 1 nodes selected: {"model.aws_dbt_snowflake_project.fact"}
04:54:11.661937 [info ]: Started deferring state
04:54:11.661949 [info ]: Finished deferring state [  0.00s]
04:54:11.662214 [info ]: Started downloading schemas
04:54:11.662238 [debug]:    Started downloading relations
04:54:11.662254 [debug]:   Finished [  0.00s] downloading relations
04:54:11.662263 [info ]: Finished downloading schemas [  0.00s]
04:54:11.796873 [info ]: Started building task graph
04:54:11.796954 [info ]: Finished building task graph [  0.00s]
04:54:11.797159 [info ]: Started rendering (1 nodes)
04:54:11.797181 [info ]: Started model gold.fact
04:54:11.797195 [debug]: Started rendering model gold.fact
04:54:11.800519 [debug]: Compiled SQL for node model.aws_dbt_snowflake_project.fact at target\.lsp\compiled\models\gold\ephemeral\fact.sql
04:54:11.800668 [info ]: Started analyzing (1 nodes)
04:54:11.800693 [debug]: Started analyzing model gold.fact
04:54:11.800780 [debug]: Finished rendering [  0.00s] model gold.fact [success]
04:54:11.800820 [info ]: Finished rendering [  0.00s] (1 nodes, 0 skipped, 0 errors)
04:54:11.821722 [error]: dbt0227: No column GOLD_LISTINGS.HOST_ID found. Available are GOLD_HOSTS.HOST_ID, GOLD_OBT.HOST_ID, GOLD_HOSTS.HOST_NAME, GOLD_OBT.HOST_NAME, GOLD_HOSTS.HOST_SINCE, GOLD_OBT.HOST_SINCE, GOLD_LISTINGS.LISTING_ID ..(and 40 more)
  --> models\gold\ephemeral\fact.sql:28:5
04:54:11.821860 [info ]:     Failed [  0.02s] model gold.fact (ephemeral)
04:54:11.821949 [debug]: Finished analyzing [  0.02s] model gold.fact [error]
04:54:11.821969 [info ]: Finished analyzing [  0.02s] (1 nodes, 0 skipped, 1 errors)
04:54:11.831264 [info ]: Cached model count updated: 11 models (accurate)
04:54:28.820360 [info ]: Started loading project
04:54:28.822214 [info ]: Loading profiles.yml
04:54:28.839679 [info ]: Started parsing
04:54:28.891107 [info ]: Finished loading project [  0.07s]
04:54:28.899095 [debug]: Finished parsing models\gold\ephemeral\bookings.sql [  0.00s]
04:54:28.900002 [info ]: Finished parsing [  0.06s]
04:54:28.903928 [info ]: Cached model count updated: 11 models (estimate)
04:54:28.903959 [info ]: Cached model count updated: 11 models (accurate)
04:54:28.904066 [info ]: Started scheduling
04:54:28.904313 [info ]: Finished scheduling [  0.00s]
04:54:28.904342 [debug]: Incremental compilation - 2 nodes selected: {"model.aws_dbt_snowflake_project.bookings", "snapshot.aws_dbt_snowflake_project.dim_bookings"}
04:54:28.905389 [info ]: Started deferring state
04:54:28.905420 [info ]: Finished deferring state [  0.00s]
04:54:28.906466 [info ]: Started downloading schemas
04:54:28.906645 [debug]:    Started downloading relations
04:54:28.906713 [debug]:   Finished [  0.00s] downloading relations
04:54:28.906757 [info ]: Finished downloading schemas [  0.00s]
04:54:29.269633 [info ]: Started building task graph
04:54:29.269755 [info ]: Finished building task graph [  0.00s]
04:54:29.276688 [info ]: Cached model count updated: 11 models (accurate)
04:54:29.335390 [info ]: Started loading project
04:54:29.336640 [info ]: Loading profiles.yml
04:54:29.346849 [info ]: Started parsing
04:54:29.377309 [info ]: Finished loading project [  0.04s]
04:54:29.382103 [debug]: Finished parsing models\gold\ephemeral\bookings.sql [  0.00s]
04:54:29.382880 [info ]: Finished parsing [  0.04s]
04:54:29.385037 [info ]: Cached model count updated: 11 models (estimate)
04:54:29.385054 [info ]: Cached model count updated: 11 models (accurate)
04:54:29.385116 [info ]: Started scheduling
04:54:29.385267 [info ]: Finished scheduling [  0.00s]
04:54:29.385282 [debug]: Incremental compilation - 2 nodes selected: {"model.aws_dbt_snowflake_project.bookings", "snapshot.aws_dbt_snowflake_project.dim_bookings"}
04:54:29.385903 [info ]: Started deferring state
04:54:29.385920 [info ]: Finished deferring state [  0.00s]
04:54:29.386370 [info ]: Started downloading schemas
04:54:29.386427 [debug]:    Started downloading relations
04:54:29.386452 [debug]:   Finished [  0.00s] downloading relations
04:54:29.386467 [info ]: Finished downloading schemas [  0.00s]
04:54:29.545271 [info ]: Started building task graph
04:54:29.545352 [info ]: Finished building task graph [  0.00s]
04:54:29.545602 [info ]: Started rendering (2 nodes)
04:54:29.545623 [info ]: Started model gold.bookings
04:54:29.545634 [debug]: Started rendering model gold.bookings
04:54:29.548461 [debug]: Compiled SQL for node model.aws_dbt_snowflake_project.bookings at target\.lsp\compiled\models\gold\ephemeral\bookings.sql
04:54:29.548543 [info ]: Started analyzing (2 nodes)
04:54:29.548561 [debug]: Started analyzing model gold.bookings
04:54:29.549319 [debug]: Finished rendering [  0.00s] model gold.bookings [success]
04:54:29.551139 [info ]:  Succeeded [  0.00s] model gold.bookings (ephemeral)
04:54:29.551175 [debug]: Finished analyzing [  0.00s] model gold.bookings [success]
04:54:29.551210 [info ]: Started snapshot gold.dim_bookings
04:54:29.551224 [debug]: Started rendering snapshot gold.dim_bookings
04:54:29.564365 [debug]: Compiled SQL for node snapshot.aws_dbt_snowflake_project.dim_bookings at target\.lsp\compiled\snapshots\dim_bookings.sql
04:54:29.564492 [debug]: Started analyzing snapshot gold.dim_bookings
04:54:29.564618 [debug]: Finished rendering [  0.01s] snapshot gold.dim_bookings [success]
04:54:29.564644 [info ]: Finished rendering [  0.02s] (2 nodes, 0 skipped, 0 errors)
04:54:29.567369 [info ]:  Succeeded [  0.01s] snapshot gold.dim_bookings (table)
04:54:29.567415 [debug]: Finished analyzing [  0.00s] snapshot gold.dim_bookings [success]
04:54:29.567426 [info ]: Finished analyzing [  0.02s] (2 nodes, 0 skipped, 0 errors)
04:54:29.572981 [info ]: Cached model count updated: 11 models (accurate)
04:54:34.217778 [info ]: Started loading project
04:54:34.219769 [info ]: Loading profiles.yml
04:54:34.237201 [info ]: Started parsing
04:54:34.287537 [info ]: Finished loading project [  0.07s]
04:54:34.293328 [debug]: Finished parsing models\gold\ephemeral\fact.sql [  0.00s]
04:54:34.293952 [info ]: Finished parsing [  0.06s]
04:54:34.297508 [info ]: Cached model count updated: 11 models (estimate)
04:54:34.297534 [info ]: Cached model count updated: 11 models (accurate)
04:54:34.297639 [info ]: Started scheduling
04:54:34.297855 [info ]: Finished scheduling [  0.00s]
04:54:34.297881 [debug]: Incremental compilation - 1 nodes selected: {"model.aws_dbt_snowflake_project.fact"}
04:54:34.298955 [info ]: Started deferring state
04:54:34.298986 [info ]: Finished deferring state [  0.00s]
04:54:34.299723 [info ]: Started downloading schemas
04:54:34.299787 [debug]:    Started downloading relations
04:54:34.299825 [debug]:   Finished [  0.00s] downloading relations
04:54:34.299850 [info ]: Finished downloading schemas [  0.00s]
04:54:34.533101 [info ]: Started building task graph
04:54:34.533175 [info ]: Finished building task graph [  0.00s]
04:54:34.541060 [info ]: Cached model count updated: 11 models (accurate)
04:54:34.578050 [info ]: Started loading project
04:54:34.578893 [info ]: Loading profiles.yml
04:54:34.584450 [info ]: Started parsing
04:54:34.601619 [info ]: Finished loading project [  0.02s]
04:54:34.604853 [debug]: Finished parsing models\gold\ephemeral\fact.sql [  0.00s]
04:54:34.605451 [info ]: Finished parsing [  0.02s]
04:54:34.607580 [info ]: Cached model count updated: 11 models (estimate)
04:54:34.607597 [info ]: Cached model count updated: 11 models (accurate)
04:54:34.607643 [info ]: Started scheduling
04:54:34.607746 [info ]: Finished scheduling [  0.00s]
04:54:34.607758 [debug]: Incremental compilation - 1 nodes selected: {"model.aws_dbt_snowflake_project.fact"}
04:54:34.608237 [info ]: Started deferring state
04:54:34.608251 [info ]: Finished deferring state [  0.00s]
04:54:34.608559 [info ]: Started downloading schemas
04:54:34.608586 [debug]:    Started downloading relations
04:54:34.608603 [debug]:   Finished [  0.00s] downloading relations
04:54:34.608613 [info ]: Finished downloading schemas [  0.00s]
04:54:34.775234 [info ]: Started building task graph
04:54:34.775300 [info ]: Finished building task graph [  0.00s]
04:54:34.775510 [info ]: Started rendering (1 nodes)
04:54:34.775524 [info ]: Started model gold.fact
04:54:34.775533 [debug]: Started rendering model gold.fact
04:54:34.780963 [debug]: Compiled SQL for node model.aws_dbt_snowflake_project.fact at target\.lsp\compiled\models\gold\ephemeral\fact.sql
04:54:34.781097 [debug]: Finished rendering [  0.01s] model gold.fact [success]
04:54:34.781115 [info ]: Finished rendering [  0.01s] (1 nodes, 0 skipped, 0 errors)
04:54:34.781119 [info ]: Started analyzing (1 nodes)
04:54:34.781147 [debug]: Started analyzing model gold.fact
04:54:34.806192 [error]: dbt0227: No column GOLD_LISTINGS.HOST_ID found. Available are GOLD_HOSTS.HOST_ID, GOLD_OBT.HOST_ID, GOLD_HOSTS.HOST_NAME, GOLD_OBT.HOST_NAME, GOLD_HOSTS.HOST_SINCE, GOLD_OBT.HOST_SINCE, GOLD_LISTINGS.LISTING_ID ..(and 40 more)
  --> models\gold\ephemeral\fact.sql:28:5
04:54:34.806374 [info ]:     Failed [  0.03s] model gold.fact (ephemeral)
04:54:34.806506 [debug]: Finished analyzing [  0.03s] model gold.fact [error]
04:54:34.806561 [info ]: Finished analyzing [  0.03s] (1 nodes, 0 skipped, 1 errors)
04:54:34.817031 [info ]: Cached model count updated: 11 models (accurate)
04:55:31.982107 [info ]: Started loading project
04:55:31.983278 [info ]: Loading profiles.yml
04:55:31.993040 [info ]: Started parsing
04:55:32.025138 [info ]: Finished loading project [  0.04s]
04:55:32.030853 [debug]: Finished parsing models\gold\ephemeral\listings.sql [  0.00s]
04:55:32.031359 [info ]: Finished parsing [  0.04s]
04:55:32.033698 [info ]: Cached model count updated: 11 models (estimate)
04:55:32.033720 [info ]: Cached model count updated: 11 models (accurate)
04:55:32.033789 [info ]: Started scheduling
04:55:32.033940 [info ]: Finished scheduling [  0.00s]
04:55:32.033959 [debug]: Incremental compilation - 2 nodes selected: {"model.aws_dbt_snowflake_project.listings", "snapshot.aws_dbt_snowflake_project.dim_listings"}
04:55:32.034649 [info ]: Started deferring state
04:55:32.034669 [info ]: Finished deferring state [  0.00s]
04:55:32.035176 [info ]: Started downloading schemas
04:55:32.035247 [debug]:    Started downloading relations
04:55:32.035276 [debug]:   Finished [  0.00s] downloading relations
04:55:32.035294 [info ]: Finished downloading schemas [  0.00s]
04:55:32.303662 [info ]: Started building task graph
04:55:32.303802 [info ]: Finished building task graph [  0.00s]
04:55:32.310964 [info ]: Cached model count updated: 11 models (accurate)
04:55:32.376632 [info ]: Started loading project
04:55:32.378854 [info ]: Loading profiles.yml
04:55:32.388497 [info ]: Started parsing
04:55:32.425812 [info ]: Finished loading project [  0.05s]
04:55:32.431947 [debug]: Finished parsing models\gold\ephemeral\listings.sql [  0.00s]
04:55:32.432646 [info ]: Finished parsing [  0.04s]
04:55:32.435026 [info ]: Cached model count updated: 11 models (estimate)
04:55:32.435046 [info ]: Cached model count updated: 11 models (accurate)
04:55:32.435115 [info ]: Started scheduling
04:55:32.435261 [info ]: Finished scheduling [  0.00s]
04:55:32.435279 [debug]: Incremental compilation - 2 nodes selected: {"model.aws_dbt_snowflake_project.listings", "snapshot.aws_dbt_snowflake_project.dim_listings"}
04:55:32.435962 [info ]: Started deferring state
04:55:32.435981 [info ]: Finished deferring state [  0.00s]
04:55:32.436477 [info ]: Started downloading schemas
04:55:32.436546 [debug]:    Started downloading relations
04:55:32.436571 [debug]:   Finished [  0.00s] downloading relations
04:55:32.436587 [info ]: Finished downloading schemas [  0.00s]
04:55:32.656997 [info ]: Started building task graph
04:55:32.657084 [info ]: Finished building task graph [  0.00s]
04:55:32.657248 [info ]: Started rendering (2 nodes)
04:55:32.657266 [info ]: Started model gold.listings
04:55:32.657276 [debug]: Started rendering model gold.listings
04:55:32.660082 [debug]: Compiled SQL for node model.aws_dbt_snowflake_project.listings at target\.lsp\compiled\models\gold\ephemeral\listings.sql
04:55:32.660168 [info ]: Started analyzing (2 nodes)
04:55:32.660183 [debug]: Started analyzing model gold.listings
04:55:32.660200 [debug]: Finished rendering [  0.00s] model gold.listings [success]
04:55:32.663085 [info ]:  Succeeded [  0.00s] model gold.listings (ephemeral)
04:55:32.663125 [debug]: Finished analyzing [  0.00s] model gold.listings [success]
04:55:32.663160 [info ]: Started snapshot gold.dim_listings
04:55:32.663175 [debug]: Started rendering snapshot gold.dim_listings
04:55:32.681536 [debug]: Compiled SQL for node snapshot.aws_dbt_snowflake_project.dim_listings at target\.lsp\compiled\snapshots\dim_listings.sql
04:55:32.681653 [debug]: Started analyzing snapshot gold.dim_listings
04:55:32.681804 [debug]: Finished rendering [  0.02s] snapshot gold.dim_listings [success]
04:55:32.681832 [info ]: Finished rendering [  0.02s] (2 nodes, 0 skipped, 0 errors)
04:55:32.686537 [info ]:  Succeeded [  0.02s] snapshot gold.dim_listings (table)
04:55:32.686586 [debug]: Finished analyzing [  0.00s] snapshot gold.dim_listings [success]
04:55:32.686604 [info ]: Finished analyzing [  0.03s] (2 nodes, 0 skipped, 0 errors)
04:55:32.694214 [info ]: Cached model count updated: 11 models (accurate)
04:55:59.559488 [info ]: Started loading project
04:55:59.561014 [info ]: Loading profiles.yml
04:55:59.575825 [info ]: Started parsing
04:55:59.608510 [info ]: Finished loading project [  0.05s]
04:55:59.613354 [debug]: Finished parsing models\gold\ephemeral\listings.sql [  0.00s]
04:55:59.613824 [info ]: Finished parsing [  0.04s]
04:55:59.615902 [info ]: Cached model count updated: 11 models (estimate)
04:55:59.615919 [info ]: Cached model count updated: 11 models (accurate)
04:55:59.615979 [info ]: Started scheduling
04:55:59.616109 [info ]: Finished scheduling [  0.00s]
04:55:59.616125 [debug]: Incremental compilation - 2 nodes selected: {"model.aws_dbt_snowflake_project.listings", "snapshot.aws_dbt_snowflake_project.dim_listings"}
04:55:59.616791 [info ]: Started deferring state
04:55:59.616815 [info ]: Finished deferring state [  0.00s]
04:55:59.617238 [info ]: Started downloading schemas
04:55:59.617313 [debug]:    Started downloading relations
04:55:59.617341 [debug]:   Finished [  0.00s] downloading relations
04:55:59.617359 [info ]: Finished downloading schemas [  0.00s]
04:55:59.960786 [info ]: Started building task graph
04:55:59.961044 [info ]: Finished building task graph [  0.00s]
04:55:59.972333 [info ]: Cached model count updated: 11 models (accurate)
04:56:00.075575 [info ]: Started loading project
04:56:00.077613 [info ]: Loading profiles.yml
04:56:00.094249 [info ]: Started parsing
04:56:00.142912 [info ]: Finished loading project [  0.07s]
04:56:00.150958 [debug]: Finished parsing models\gold\ephemeral\listings.sql [  0.00s]
04:56:00.152039 [info ]: Finished parsing [  0.06s]
04:56:00.155826 [info ]: Cached model count updated: 11 models (estimate)
04:56:00.155860 [info ]: Cached model count updated: 11 models (accurate)
04:56:00.155976 [info ]: Started scheduling
04:56:00.156214 [info ]: Finished scheduling [  0.00s]
04:56:00.156245 [debug]: Incremental compilation - 2 nodes selected: {"model.aws_dbt_snowflake_project.listings", "snapshot.aws_dbt_snowflake_project.dim_listings"}
04:56:00.157349 [info ]: Started deferring state
04:56:00.157383 [info ]: Finished deferring state [  0.00s]
04:56:00.158106 [info ]: Started downloading schemas
04:56:00.158221 [debug]:    Started downloading relations
04:56:00.158263 [debug]:   Finished [  0.00s] downloading relations
04:56:00.158290 [info ]: Finished downloading schemas [  0.00s]
04:56:00.367880 [info ]: Started building task graph
04:56:00.367963 [info ]: Finished building task graph [  0.00s]
04:56:00.368097 [info ]: Started rendering (2 nodes)
04:56:00.368112 [info ]: Started model gold.listings
04:56:00.368122 [debug]: Started rendering model gold.listings
04:56:00.370508 [debug]: Compiled SQL for node model.aws_dbt_snowflake_project.listings at target\.lsp\compiled\models\gold\ephemeral\listings.sql
04:56:00.370593 [info ]: Started analyzing (2 nodes)
04:56:00.370608 [debug]: Started analyzing model gold.listings
04:56:00.370734 [debug]: Finished rendering [  0.00s] model gold.listings [success]
04:56:00.373370 [info ]:  Succeeded [  0.00s] model gold.listings (ephemeral)
04:56:00.373409 [debug]: Finished analyzing [  0.00s] model gold.listings [success]
04:56:00.373444 [info ]: Started snapshot gold.dim_listings
04:56:00.373459 [debug]: Started rendering snapshot gold.dim_listings
04:56:00.375686 [debug]: Compiled SQL for node snapshot.aws_dbt_snowflake_project.dim_listings at target\.lsp\compiled\snapshots\dim_listings.sql
04:56:00.375784 [debug]: Started analyzing snapshot gold.dim_listings
04:56:00.376035 [debug]: Finished rendering [  0.00s] snapshot gold.dim_listings [success]
04:56:00.376067 [info ]: Finished rendering [  0.01s] (2 nodes, 0 skipped, 0 errors)
04:56:00.379475 [info ]:  Succeeded [  0.01s] snapshot gold.dim_listings (table)
04:56:00.379528 [debug]: Finished analyzing [  0.00s] snapshot gold.dim_listings [success]
04:56:00.379539 [info ]: Finished analyzing [  0.01s] (2 nodes, 0 skipped, 0 errors)
04:56:00.390482 [info ]: Cached model count updated: 11 models (accurate)
04:56:09.224508 [info ]: Started loading project
04:56:09.225904 [info ]: Loading profiles.yml
04:56:09.240818 [info ]: Started parsing
04:56:09.274693 [info ]: Finished loading project [  0.05s]
04:56:09.280293 [debug]: Finished parsing models\gold\ephemeral\fact.sql [  0.00s]
04:56:09.280920 [info ]: Finished parsing [  0.04s]
04:56:09.283179 [info ]: Cached model count updated: 11 models (estimate)
04:56:09.283197 [info ]: Cached model count updated: 11 models (accurate)
04:56:09.283262 [info ]: Started scheduling
04:56:09.283383 [info ]: Finished scheduling [  0.00s]
04:56:09.283401 [debug]: Incremental compilation - 1 nodes selected: {"model.aws_dbt_snowflake_project.fact"}
04:56:09.284254 [info ]: Started deferring state
04:56:09.284282 [info ]: Finished deferring state [  0.00s]
04:56:09.284895 [info ]: Started downloading schemas
04:56:09.284946 [debug]:    Started downloading relations
04:56:09.285009 [debug]:   Finished [  0.00s] downloading relations
04:56:09.285041 [info ]: Finished downloading schemas [  0.00s]
04:56:09.591116 [info ]: Started building task graph
04:56:09.591224 [info ]: Finished building task graph [  0.00s]
04:56:09.600223 [info ]: Cached model count updated: 11 models (accurate)
04:56:09.699934 [info ]: Started loading project
04:56:09.701316 [info ]: Loading profiles.yml
04:56:09.719171 [info ]: Started parsing
04:56:09.765550 [info ]: Finished loading project [  0.07s]
04:56:09.773156 [debug]: Finished parsing models\gold\ephemeral\fact.sql [  0.00s]
04:56:09.774179 [info ]: Finished parsing [  0.06s]
04:56:09.777586 [info ]: Cached model count updated: 11 models (estimate)
04:56:09.777618 [info ]: Cached model count updated: 11 models (accurate)
04:56:09.777733 [info ]: Started scheduling
04:56:09.777930 [info ]: Finished scheduling [  0.00s]
04:56:09.777958 [debug]: Incremental compilation - 1 nodes selected: {"model.aws_dbt_snowflake_project.fact"}
04:56:09.778936 [info ]: Started deferring state
04:56:09.778965 [info ]: Finished deferring state [  0.00s]
04:56:09.779639 [info ]: Started downloading schemas
04:56:09.779703 [debug]:    Started downloading relations
04:56:09.779744 [debug]:   Finished [  0.00s] downloading relations
04:56:09.779771 [info ]: Finished downloading schemas [  0.00s]
04:56:09.985264 [info ]: Started building task graph
04:56:09.985327 [info ]: Finished building task graph [  0.00s]
04:56:09.985531 [info ]: Started rendering (1 nodes)
04:56:09.985547 [info ]: Started model gold.fact
04:56:09.985557 [debug]: Started rendering model gold.fact
04:56:09.988200 [debug]: Compiled SQL for node model.aws_dbt_snowflake_project.fact at target\.lsp\compiled\models\gold\ephemeral\fact.sql
04:56:09.988300 [info ]: Started analyzing (1 nodes)
04:56:09.988316 [debug]: Started analyzing model gold.fact
04:56:09.988942 [debug]: Finished rendering [  0.00s] model gold.fact [success]
04:56:09.988960 [info ]: Finished rendering [  0.00s] (1 nodes, 0 skipped, 0 errors)
04:56:10.001333 [info ]:  Succeeded [  0.01s] model gold.fact (ephemeral)
04:56:10.001380 [debug]: Finished analyzing [  0.01s] model gold.fact [success]
04:56:10.001392 [info ]: Finished analyzing [  0.01s] (1 nodes, 0 skipped, 0 errors)
04:56:10.010312 [info ]: Cached model count updated: 11 models (accurate)
04:59:12.037070 [info ]: Started loading project
04:59:12.038275 [info ]: Loading profiles.yml
04:59:12.048866 [info ]: Started parsing
04:59:12.090498 [info ]: Finished loading project [  0.05s]
04:59:12.095627 [debug]: Finished parsing models\gold\ephemeral\fact.sql [  0.00s]
04:59:12.096156 [info ]: Finished parsing [  0.05s]
04:59:12.098382 [info ]: Cached model count updated: 11 models (estimate)
04:59:12.098402 [info ]: Cached model count updated: 11 models (accurate)
04:59:12.098463 [info ]: Started scheduling
04:59:12.098599 [info ]: Finished scheduling [  0.00s]
04:59:12.098615 [debug]: Incremental compilation - 1 nodes selected: {"model.aws_dbt_snowflake_project.fact"}
04:59:12.099276 [info ]: Started deferring state
04:59:12.099294 [info ]: Finished deferring state [  0.00s]
04:59:12.099802 [info ]: Started downloading schemas
04:59:12.099841 [debug]:    Started downloading relations
04:59:12.099871 [debug]:   Finished [  0.00s] downloading relations
04:59:12.099888 [info ]: Finished downloading schemas [  0.00s]
04:59:12.320096 [info ]: Started building task graph
04:59:12.320185 [info ]: Finished building task graph [  0.00s]
04:59:12.325637 [info ]: Cached model count updated: 11 models (accurate)
04:59:12.378432 [info ]: Started loading project
04:59:12.379966 [info ]: Loading profiles.yml
04:59:12.394225 [info ]: Started parsing
04:59:12.442352 [info ]: Finished loading project [  0.06s]
04:59:12.451114 [debug]: Finished parsing models\gold\ephemeral\fact.sql [  0.00s]
04:59:12.452438 [info ]: Finished parsing [  0.06s]
04:59:12.456036 [info ]: Cached model count updated: 11 models (estimate)
04:59:12.456063 [info ]: Cached model count updated: 11 models (accurate)
04:59:12.456161 [info ]: Started scheduling
04:59:12.456374 [info ]: Finished scheduling [  0.00s]
04:59:12.456400 [debug]: Incremental compilation - 1 nodes selected: {"model.aws_dbt_snowflake_project.fact"}
04:59:12.457440 [info ]: Started deferring state
04:59:12.457468 [info ]: Finished deferring state [  0.00s]
04:59:12.458179 [info ]: Started downloading schemas
04:59:12.458243 [debug]:    Started downloading relations
04:59:12.458280 [debug]:   Finished [  0.00s] downloading relations
04:59:12.458305 [info ]: Finished downloading schemas [  0.00s]
04:59:12.728788 [info ]: Started building task graph
04:59:12.728853 [info ]: Finished building task graph [  0.00s]
04:59:12.729024 [info ]: Started rendering (1 nodes)
04:59:12.729043 [info ]: Started model gold.fact
04:59:12.729054 [debug]: Started rendering model gold.fact
04:59:12.731643 [debug]: Compiled SQL for node model.aws_dbt_snowflake_project.fact at target\.lsp\compiled\models\gold\ephemeral\fact.sql
04:59:12.731741 [info ]: Started analyzing (1 nodes)
04:59:12.731743 [debug]: Finished rendering [  0.00s] model gold.fact [success]
04:59:12.731758 [debug]: Started analyzing model gold.fact
04:59:12.731763 [info ]: Finished rendering [  0.00s] (1 nodes, 0 skipped, 0 errors)
04:59:12.753895 [error]: dbt0227: No column DIM_LISTINGS.LISTING_ID found. Available are GOLD_LISTINGS.LISTING_ID, GOLD_OBT.LISTING_ID, GOLD_OBT.BOOKING_ID, GOLD_LISTINGS.HOST_ID, GOLD_OBT.HOST_ID, GOLD_LISTINGS.DBT_SCD_ID, GOLD_OBT.HOST_NAME ..(and 31 more)
  --> models\gold\ephemeral\fact.sql:28:5
04:59:12.754101 [info ]:     Failed [  0.02s] model gold.fact (ephemeral)
04:59:12.754154 [debug]: Finished analyzing [  0.02s] model gold.fact [error]
04:59:12.754193 [info ]: Finished analyzing [  0.02s] (1 nodes, 0 skipped, 1 errors)
04:59:12.763052 [info ]: Cached model count updated: 11 models (accurate)
04:59:48.970605 [info ]: Started loading project
04:59:48.971711 [info ]: Loading profiles.yml
04:59:48.982780 [info ]: Started parsing
04:59:49.017653 [info ]: Finished loading project [  0.05s]
04:59:49.026326 [debug]: Finished parsing models\gold\ephemeral\fact.sql [  0.00s]
04:59:49.027316 [info ]: Finished parsing [  0.04s]
04:59:49.031077 [info ]: Cached model count updated: 11 models (estimate)
04:59:49.031112 [info ]: Cached model count updated: 11 models (accurate)
04:59:49.031233 [info ]: Started scheduling
04:59:49.031480 [info ]: Finished scheduling [  0.00s]
04:59:49.031509 [debug]: Incremental compilation - 1 nodes selected: {"model.aws_dbt_snowflake_project.fact"}
04:59:49.032619 [info ]: Started deferring state
04:59:49.032650 [info ]: Finished deferring state [  0.00s]
04:59:49.033378 [info ]: Started downloading schemas
04:59:49.033455 [debug]:    Started downloading relations
04:59:49.033498 [debug]:   Finished [  0.00s] downloading relations
04:59:49.033526 [info ]: Finished downloading schemas [  0.00s]
04:59:49.421654 [info ]: Started building task graph
04:59:49.421806 [info ]: Finished building task graph [  0.00s]
04:59:49.430156 [info ]: Cached model count updated: 11 models (accurate)
04:59:49.522249 [info ]: Started loading project
04:59:49.523245 [info ]: Loading profiles.yml
04:59:49.532205 [info ]: Started parsing
04:59:49.557924 [info ]: Finished loading project [  0.04s]
04:59:49.562740 [debug]: Finished parsing models\gold\ephemeral\fact.sql [  0.00s]
04:59:49.563351 [info ]: Finished parsing [  0.03s]
04:59:49.565467 [info ]: Cached model count updated: 11 models (estimate)
04:59:49.565486 [info ]: Cached model count updated: 11 models (accurate)
04:59:49.565546 [info ]: Started scheduling
04:59:49.565658 [info ]: Finished scheduling [  0.00s]
04:59:49.565674 [debug]: Incremental compilation - 1 nodes selected: {"model.aws_dbt_snowflake_project.fact"}
04:59:49.566279 [info ]: Started deferring state
04:59:49.566295 [info ]: Finished deferring state [  0.00s]
04:59:49.566748 [info ]: Started downloading schemas
04:59:49.566789 [debug]:    Started downloading relations
04:59:49.566815 [debug]:   Finished [  0.00s] downloading relations
04:59:49.566833 [info ]: Finished downloading schemas [  0.00s]
04:59:49.714567 [info ]: Started building task graph
04:59:49.714651 [info ]: Finished building task graph [  0.00s]
04:59:49.714907 [info ]: Started rendering (1 nodes)
04:59:49.714927 [info ]: Started model gold.fact
04:59:49.714940 [debug]: Started rendering model gold.fact
04:59:49.717269 [debug]: Compiled SQL for node model.aws_dbt_snowflake_project.fact at target\.lsp\compiled\models\gold\ephemeral\fact.sql
04:59:49.717362 [info ]: Started analyzing (1 nodes)
04:59:49.717369 [debug]: Finished rendering [  0.00s] model gold.fact [success]
04:59:49.717387 [debug]: Started analyzing model gold.fact
04:59:49.717397 [info ]: Finished rendering [  0.00s] (1 nodes, 0 skipped, 0 errors)
04:59:49.732859 [error]: dbt0227: No column DIM_LISTINGS.LISTING_ID found. Available are GOLD_LISTINGS.LISTING_ID, GOLD_OBT.LISTING_ID, GOLD_OBT.BOOKING_ID, GOLD_LISTINGS.HOST_ID, GOLD_OBT.HOST_ID, GOLD_LISTINGS.DBT_SCD_ID, GOLD_OBT.HOST_NAME ..(and 31 more)
  --> models\gold\ephemeral\fact.sql:28:5
04:59:49.732987 [info ]:     Failed [  0.02s] model gold.fact (ephemeral)
04:59:49.733062 [debug]: Finished analyzing [  0.02s] model gold.fact [error]
04:59:49.733081 [info ]: Finished analyzing [  0.02s] (1 nodes, 0 skipped, 1 errors)
04:59:49.738920 [info ]: Cached model count updated: 11 models (accurate)
05:00:10.079083 [info ]: Started loading project
05:00:10.079947 [info ]: Loading profiles.yml
05:00:10.086694 [info ]: Started parsing
05:00:10.104791 [info ]: Finished loading project [  0.03s]
05:00:10.109341 [debug]: Finished parsing models\gold\ephemeral\fact.sql [  0.00s]
05:00:10.109849 [info ]: Finished parsing [  0.02s]
05:00:10.111621 [info ]: Cached model count updated: 11 models (estimate)
05:00:10.111634 [info ]: Cached model count updated: 11 models (accurate)
05:00:10.111676 [info ]: Started scheduling
05:00:10.111754 [info ]: Finished scheduling [  0.00s]
05:00:10.111782 [debug]: Incremental compilation - 1 nodes selected: {"model.aws_dbt_snowflake_project.fact"}
05:00:10.112233 [info ]: Started deferring state
05:00:10.112244 [info ]: Finished deferring state [  0.00s]
05:00:10.112565 [info ]: Started downloading schemas
05:00:10.112592 [debug]:    Started downloading relations
05:00:10.112610 [debug]:   Finished [  0.00s] downloading relations
05:00:10.112619 [info ]: Finished downloading schemas [  0.00s]
05:00:10.241542 [info ]: Started building task graph
05:00:10.241616 [info ]: Finished building task graph [  0.00s]
05:00:10.241773 [info ]: Started rendering (1 nodes)
05:00:10.241791 [info ]: Started model gold.fact
05:00:10.241804 [debug]: Started rendering model gold.fact
05:00:10.243935 [debug]: Compiled SQL for node model.aws_dbt_snowflake_project.fact at target\.lsp\compiled\models\gold\ephemeral\fact.sql
05:00:10.244028 [info ]: Started analyzing (1 nodes)
05:00:10.244043 [debug]: Started analyzing model gold.fact
05:00:10.244137 [debug]: Finished rendering [  0.00s] model gold.fact [success]
05:00:10.244167 [info ]: Finished rendering [  0.00s] (1 nodes, 0 skipped, 0 errors)
05:00:10.254591 [error]: dbt0227: No column DIM_LISTINGS.LISTING_ID found. Available are GOLD_LISTINGS.LISTING_ID, GOLD_OBT.LISTING_ID, GOLD_OBT.BOOKING_ID, GOLD_LISTINGS.HOST_ID, GOLD_OBT.HOST_ID, GOLD_LISTINGS.DBT_SCD_ID, GOLD_OBT.HOST_NAME ..(and 31 more)
  --> models\gold\ephemeral\fact.sql:28:5
05:00:10.254709 [info ]:     Failed [  0.01s] model gold.fact (ephemeral)
05:00:10.254757 [debug]: Finished analyzing [  0.01s] model gold.fact [error]
05:00:10.254767 [info ]: Finished analyzing [  0.01s] (1 nodes, 0 skipped, 1 errors)
05:00:10.261840 [info ]: Cached model count updated: 11 models (accurate)
05:00:10.424678 [info ]: Started loading project
05:00:10.426537 [info ]: Loading profiles.yml
05:00:10.436854 [info ]: Started parsing
05:00:10.467292 [info ]: Finished loading project [  0.04s]
05:00:10.472383 [info ]: Finished parsing [  0.04s]
05:00:10.474649 [info ]: Cached model count updated: 11 models (estimate)
05:00:10.474673 [info ]: Cached model count updated: 11 models (accurate)
05:00:10.474753 [info ]: Started scheduling
05:00:10.474828 [info ]: Finished scheduling [  0.00s]
05:00:10.474846 [debug]: Incremental compilation - 0 nodes selected: {}
05:00:10.474869 [warn ]: dbt1600: The selection criterion '' does not match any enabled nodes
05:00:10.474882 [warn ]: dbt1601: Nothing to do. Try checking your model configs and model specification args
05:00:10.475639 [info ]: Started deferring state
05:00:10.475665 [info ]: Finished deferring state [  0.00s]
05:00:10.476523 [info ]: Started downloading schemas
05:00:10.476593 [debug]:    Started downloading relations
05:00:10.476641 [debug]:   Finished [  0.00s] downloading relations
05:00:10.476668 [info ]: Finished downloading schemas [  0.00s]
05:00:10.673253 [info ]: Started building task graph
05:00:10.673302 [info ]: Finished building task graph [  0.00s]
05:00:10.678114 [info ]: Cached model count updated: 11 models (accurate)
05:00:16.126571 [info ]: Started loading project
05:00:16.127677 [info ]: Loading profiles.yml
05:00:16.140650 [info ]: Started parsing
05:00:16.173333 [info ]: Finished loading project [  0.05s]
05:00:16.178924 [debug]: Finished parsing models\gold\ephemeral\fact.sql [  0.00s]
05:00:16.179530 [info ]: Finished parsing [  0.04s]
05:00:16.182052 [info ]: Cached model count updated: 11 models (estimate)
05:00:16.182071 [info ]: Cached model count updated: 11 models (accurate)
05:00:16.182142 [info ]: Started scheduling
05:00:16.182291 [info ]: Finished scheduling [  0.00s]
05:00:16.182308 [debug]: Incremental compilation - 1 nodes selected: {"model.aws_dbt_snowflake_project.fact"}
05:00:16.182995 [info ]: Started deferring state
05:00:16.183014 [info ]: Finished deferring state [  0.00s]
05:00:16.183502 [info ]: Started downloading schemas
05:00:16.183547 [debug]:    Started downloading relations
05:00:16.183574 [debug]:   Finished [  0.00s] downloading relations
05:00:16.183592 [info ]: Finished downloading schemas [  0.00s]
05:00:16.539798 [info ]: Started building task graph
05:00:16.539934 [info ]: Finished building task graph [  0.00s]
05:00:16.551249 [info ]: Cached model count updated: 11 models (accurate)
05:00:16.653948 [info ]: Started loading project
05:00:16.655153 [info ]: Loading profiles.yml
05:00:16.669821 [info ]: Started parsing
05:00:16.706307 [info ]: Finished loading project [  0.05s]
05:00:16.711476 [debug]: Finished parsing models\gold\ephemeral\fact.sql [  0.00s]
05:00:16.712070 [info ]: Finished parsing [  0.04s]
05:00:16.713969 [info ]: Cached model count updated: 11 models (estimate)
05:00:16.713986 [info ]: Cached model count updated: 11 models (accurate)
05:00:16.714072 [info ]: Started scheduling
05:00:16.714245 [info ]: Finished scheduling [  0.00s]
05:00:16.714267 [debug]: Incremental compilation - 1 nodes selected: {"model.aws_dbt_snowflake_project.fact"}
05:00:16.714906 [info ]: Started deferring state
05:00:16.714940 [info ]: Finished deferring state [  0.00s]
05:00:16.715339 [info ]: Started downloading schemas
05:00:16.715375 [debug]:    Started downloading relations
05:00:16.715410 [debug]:   Finished [  0.00s] downloading relations
05:00:16.715423 [info ]: Finished downloading schemas [  0.00s]
05:00:16.885914 [info ]: Started building task graph
05:00:16.885975 [info ]: Finished building task graph [  0.00s]
05:00:16.886114 [info ]: Started rendering (1 nodes)
05:00:16.886129 [info ]: Started model gold.fact
05:00:16.886139 [debug]: Started rendering model gold.fact
05:00:16.890395 [debug]: Compiled SQL for node model.aws_dbt_snowflake_project.fact at target\.lsp\compiled\models\gold\ephemeral\fact.sql
05:00:16.890511 [debug]: Finished rendering [  0.00s] model gold.fact [success]
05:00:16.890536 [info ]: Finished rendering [  0.00s] (1 nodes, 0 skipped, 0 errors)
05:00:16.890594 [info ]: Started analyzing (1 nodes)
05:00:16.890612 [debug]: Started analyzing model gold.fact
05:00:16.906056 [error]: dbt0227: No column DIM_LISTINGS.LISTING_ID found. Available are GOLD_LISTINGS.LISTING_ID, GOLD_OBT.LISTING_ID, GOLD_OBT.BOOKING_ID, GOLD_LISTINGS.HOST_ID, GOLD_OBT.HOST_ID, GOLD_LISTINGS.DBT_SCD_ID, GOLD_OBT.HOST_NAME ..(and 31 more)
  --> models\gold\ephemeral\fact.sql:28:5
05:00:16.906174 [info ]:     Failed [  0.02s] model gold.fact (ephemeral)
05:00:16.906206 [debug]: Finished analyzing [  0.02s] model gold.fact [error]
05:00:16.906218 [info ]: Finished analyzing [  0.02s] (1 nodes, 0 skipped, 1 errors)
05:00:16.912286 [info ]: Cached model count updated: 11 models (accurate)
05:00:23.500395 [info ]: Started loading project
05:00:23.501957 [info ]: Loading profiles.yml
05:00:23.518786 [info ]: Started parsing
05:00:23.553524 [info ]: Finished loading project [  0.05s]
05:00:23.558793 [debug]: Finished parsing models\gold\ephemeral\fact.sql [  0.00s]
05:00:23.559342 [info ]: Finished parsing [  0.04s]
05:00:23.561388 [info ]: Cached model count updated: 11 models (estimate)
05:00:23.561405 [info ]: Cached model count updated: 11 models (accurate)
05:00:23.561464 [info ]: Started scheduling
05:00:23.561577 [info ]: Finished scheduling [  0.00s]
05:00:23.561593 [debug]: Incremental compilation - 1 nodes selected: {"model.aws_dbt_snowflake_project.fact"}
05:00:23.562211 [info ]: Started deferring state
05:00:23.562229 [info ]: Finished deferring state [  0.00s]
05:00:23.562676 [info ]: Started downloading schemas
05:00:23.562718 [debug]:    Started downloading relations
05:00:23.562746 [debug]:   Finished [  0.00s] downloading relations
05:00:23.562762 [info ]: Finished downloading schemas [  0.00s]
05:00:23.790238 [info ]: Started building task graph
05:00:23.790338 [info ]: Finished building task graph [  0.00s]
05:00:23.796550 [info ]: Cached model count updated: 11 models (accurate)
05:00:23.858498 [info ]: Started loading project
05:00:23.859352 [info ]: Loading profiles.yml
05:00:23.871876 [info ]: Started parsing
05:00:23.907062 [info ]: Finished loading project [  0.05s]
05:00:23.914107 [debug]: Finished parsing models\gold\ephemeral\fact.sql [  0.00s]
05:00:23.915205 [info ]: Finished parsing [  0.04s]
05:00:23.917394 [info ]: Cached model count updated: 11 models (estimate)
05:00:23.917411 [info ]: Cached model count updated: 11 models (accurate)
05:00:23.917472 [info ]: Started scheduling
05:00:23.917590 [info ]: Finished scheduling [  0.00s]
05:00:23.917606 [debug]: Incremental compilation - 1 nodes selected: {"model.aws_dbt_snowflake_project.fact"}
05:00:23.918227 [info ]: Started deferring state
05:00:23.918245 [info ]: Finished deferring state [  0.00s]
05:00:23.918661 [info ]: Started downloading schemas
05:00:23.918700 [debug]:    Started downloading relations
05:00:23.918724 [debug]:   Finished [  0.00s] downloading relations
05:00:23.918739 [info ]: Finished downloading schemas [  0.00s]
05:00:24.134287 [info ]: Started building task graph
05:00:24.134355 [info ]: Finished building task graph [  0.00s]
05:00:24.134524 [info ]: Started rendering (1 nodes)
05:00:24.134540 [info ]: Started model gold.fact
05:00:24.134549 [debug]: Started rendering model gold.fact
05:00:24.138285 [debug]: Compiled SQL for node model.aws_dbt_snowflake_project.fact at target\.lsp\compiled\models\gold\ephemeral\fact.sql
05:00:24.138368 [info ]: Started analyzing (1 nodes)
05:00:24.138382 [debug]: Started analyzing model gold.fact
05:00:24.138999 [debug]: Finished rendering [  0.00s] model gold.fact [success]
05:00:24.139028 [info ]: Finished rendering [  0.00s] (1 nodes, 0 skipped, 0 errors)
05:00:24.147050 [error]: dbt0227: No column DIM_LISTINGS.LISTING_ID found. Available are GOLD_LISTINGS.LISTING_ID, GOLD_OBT.LISTING_ID, GOLD_OBT.BOOKING_ID, GOLD_LISTINGS.HOST_ID, GOLD_OBT.HOST_ID, GOLD_LISTINGS.DBT_SCD_ID, GOLD_OBT.HOST_NAME ..(and 31 more)
  --> models\gold\ephemeral\fact.sql:28:5
05:00:24.147133 [info ]:     Failed [  0.01s] model gold.fact (ephemeral)
05:00:24.147202 [debug]: Finished analyzing [  0.01s] model gold.fact [error]
05:00:24.147223 [info ]: Finished analyzing [  0.01s] (1 nodes, 0 skipped, 1 errors)
05:00:24.151942 [info ]: Cached model count updated: 11 models (accurate)
05:01:27.563395 [info ]: Started loading project
05:01:27.564363 [info ]: Loading profiles.yml
05:01:27.570845 [info ]: Started parsing
05:01:27.588176 [info ]: Finished loading project [  0.02s]
05:01:27.592963 [debug]: Finished parsing models\gold\ephemeral\fact.sql [  0.00s]
05:01:27.593440 [info ]: Finished parsing [  0.02s]
05:01:27.595288 [info ]: Cached model count updated: 11 models (estimate)
05:01:27.595307 [info ]: Cached model count updated: 11 models (accurate)
05:01:27.595357 [info ]: Started scheduling
05:01:27.595462 [info ]: Finished scheduling [  0.00s]
05:01:27.595475 [debug]: Incremental compilation - 1 nodes selected: {"model.aws_dbt_snowflake_project.fact"}
05:01:27.595989 [info ]: Started deferring state
05:01:27.596003 [info ]: Finished deferring state [  0.00s]
05:01:27.596350 [info ]: Started downloading schemas
05:01:27.596382 [debug]:    Started downloading relations
05:01:27.596402 [debug]:   Finished [  0.00s] downloading relations
05:01:27.596413 [info ]: Finished downloading schemas [  0.00s]
05:01:27.733205 [info ]: Started building task graph
05:01:27.733278 [info ]: Finished building task graph [  0.00s]
05:01:27.733455 [info ]: Started rendering (1 nodes)
05:01:27.733470 [info ]: Started model gold.fact
05:01:27.733481 [debug]: Started rendering model gold.fact
05:01:27.735803 [debug]: Compiled SQL for node model.aws_dbt_snowflake_project.fact at target\.lsp\compiled\models\gold\ephemeral\fact.sql
05:01:27.735886 [info ]: Started analyzing (1 nodes)
05:01:27.735886 [debug]: Finished rendering [  0.00s] model gold.fact [success]
05:01:27.735902 [debug]: Started analyzing model gold.fact
05:01:27.735913 [info ]: Finished rendering [  0.00s] (1 nodes, 0 skipped, 0 errors)
05:01:27.763441 [info ]:  Succeeded [  0.03s] model gold.fact (ephemeral)
05:01:27.763505 [debug]: Finished analyzing [  0.03s] model gold.fact [success]
05:01:27.763537 [info ]: Finished analyzing [  0.03s] (1 nodes, 0 skipped, 0 errors)
05:01:27.771716 [info ]: Cached model count updated: 11 models (accurate)
05:01:27.863203 [info ]: Started loading project
05:01:27.865310 [info ]: Loading profiles.yml
05:01:27.881448 [info ]: Started parsing
05:01:27.944423 [info ]: Finished loading project [  0.08s]
05:01:27.950779 [info ]: Finished parsing [  0.07s]
05:01:27.954580 [info ]: Cached model count updated: 11 models (estimate)
05:01:27.954617 [info ]: Cached model count updated: 11 models (accurate)
05:01:27.954760 [info ]: Started scheduling
05:01:27.954874 [info ]: Finished scheduling [  0.00s]
05:01:27.954897 [debug]: Incremental compilation - 0 nodes selected: {}
05:01:27.954919 [warn ]: dbt1600: The selection criterion '' does not match any enabled nodes
05:01:27.954930 [warn ]: dbt1601: Nothing to do. Try checking your model configs and model specification args
05:01:27.955928 [info ]: Started deferring state
05:01:27.955956 [info ]: Finished deferring state [  0.00s]
05:01:27.956811 [info ]: Started downloading schemas
05:01:27.956939 [debug]:    Started downloading relations
05:01:27.957007 [debug]:   Finished [  0.00s] downloading relations
05:01:27.957041 [info ]: Finished downloading schemas [  0.00s]
05:01:28.215026 [info ]: Started building task graph
05:01:28.215084 [info ]: Finished building task graph [  0.00s]
05:01:28.219909 [info ]: Cached model count updated: 11 models (accurate)
05:02:06.842927 [info ]: Started loading project
05:02:06.843645 [info ]: Loading profiles.yml
05:02:06.859266 [info ]: Started parsing
05:02:06.875492 [info ]: Finished loading project [  0.03s]
05:02:06.879037 [debug]: Finished parsing models\gold\ephemeral\fact.sql [  0.00s]
05:02:06.879453 [info ]: Finished parsing [  0.02s]
05:02:06.881016 [info ]: Cached model count updated: 11 models (estimate)
05:02:06.881030 [info ]: Cached model count updated: 11 models (accurate)
05:02:06.881086 [info ]: Started scheduling
05:02:06.881192 [info ]: Finished scheduling [  0.00s]
05:02:06.881203 [debug]: Incremental compilation - 1 nodes selected: {"model.aws_dbt_snowflake_project.fact"}
05:02:06.881701 [info ]: Started deferring state
05:02:06.881715 [info ]: Finished deferring state [  0.00s]
05:02:06.882118 [info ]: Started downloading schemas
05:02:06.882154 [debug]:    Started downloading relations
05:02:06.882233 [debug]:   Finished [  0.00s] downloading relations
05:02:06.882249 [info ]: Finished downloading schemas [  0.00s]
05:02:07.079683 [info ]: Started building task graph
05:02:07.079757 [info ]: Finished building task graph [  0.00s]
05:02:07.079962 [info ]: Started rendering (1 nodes)
05:02:07.079978 [info ]: Started model gold.fact
05:02:07.079989 [debug]: Started rendering model gold.fact
05:02:07.082519 [debug]: Compiled SQL for node model.aws_dbt_snowflake_project.fact at target\.lsp\compiled\models\gold\ephemeral\fact.sql
05:02:07.082620 [info ]: Started analyzing (1 nodes)
05:02:07.082636 [debug]: Started analyzing model gold.fact
05:02:07.082990 [debug]: Finished rendering [  0.00s] model gold.fact [success]
05:02:07.083022 [info ]: Finished rendering [  0.00s] (1 nodes, 0 skipped, 0 errors)
05:02:07.098892 [error]: dbt0227: No column GOLD.OBT.CLEANING_FEE found. Available are DIM_LISTINGS.LISTING_ID, GOLD_OBT.LISTING_ID, GOLD_OBT.BOOKING_DATE, GOLD_OBT.BOOKING_ID, GOLD_OBT.CREATED_AT, DIM_LISTINGS.CITY, GOLD_OBT.CITY ..(and 41 more)
  --> models\gold\ephemeral\fact.sql:24:8
05:02:07.099153 [info ]:     Failed [  0.02s] model gold.fact (ephemeral)
05:02:07.099204 [debug]: Finished analyzing [  0.02s] model gold.fact [error]
05:02:07.099221 [info ]: Finished analyzing [  0.02s] (1 nodes, 0 skipped, 1 errors)
05:02:07.106409 [info ]: Cached model count updated: 11 models (accurate)
05:02:07.146583 [info ]: Started loading project
05:02:07.147316 [info ]: Loading profiles.yml
05:02:07.153028 [info ]: Started parsing
05:02:07.167618 [info ]: Finished loading project [  0.02s]
05:02:07.170168 [info ]: Finished parsing [  0.02s]
05:02:07.171583 [info ]: Cached model count updated: 11 models (estimate)
05:02:07.171595 [info ]: Cached model count updated: 11 models (accurate)
05:02:07.171630 [info ]: Started scheduling
05:02:07.171670 [info ]: Finished scheduling [  0.00s]
05:02:07.171677 [debug]: Incremental compilation - 0 nodes selected: {}
05:02:07.171688 [warn ]: dbt1600: The selection criterion '' does not match any enabled nodes
05:02:07.171694 [warn ]: dbt1601: Nothing to do. Try checking your model configs and model specification args
05:02:07.172118 [info ]: Started deferring state
05:02:07.172128 [info ]: Finished deferring state [  0.00s]
05:02:07.172404 [info ]: Started downloading schemas
05:02:07.172428 [debug]:    Started downloading relations
05:02:07.172444 [debug]:   Finished [  0.00s] downloading relations
05:02:07.172453 [info ]: Finished downloading schemas [  0.00s]
05:02:07.315237 [info ]: Started building task graph
05:02:07.315282 [info ]: Finished building task graph [  0.00s]
05:02:07.320671 [info ]: Cached model count updated: 11 models (accurate)
05:02:14.373307 [info ]: Started loading project
05:02:14.374198 [info ]: Loading profiles.yml
05:02:14.383490 [info ]: Started parsing
05:02:14.403653 [info ]: Finished loading project [  0.03s]
05:02:14.407415 [debug]: Finished parsing models\gold\ephemeral\fact.sql [  0.00s]
05:02:14.407893 [info ]: Finished parsing [  0.02s]
05:02:14.409690 [info ]: Cached model count updated: 11 models (estimate)
05:02:14.409707 [info ]: Cached model count updated: 11 models (accurate)
05:02:14.409759 [info ]: Started scheduling
05:02:14.409859 [info ]: Finished scheduling [  0.00s]
05:02:14.409873 [debug]: Incremental compilation - 1 nodes selected: {"model.aws_dbt_snowflake_project.fact"}
05:02:14.410433 [info ]: Started deferring state
05:02:14.410451 [info ]: Finished deferring state [  0.00s]
05:02:14.410839 [info ]: Started downloading schemas
05:02:14.410876 [debug]:    Started downloading relations
05:02:14.410899 [debug]:   Finished [  0.00s] downloading relations
05:02:14.410915 [info ]: Finished downloading schemas [  0.00s]
05:02:14.583698 [info ]: Started building task graph
05:02:14.583766 [info ]: Finished building task graph [  0.00s]
05:02:14.583943 [info ]: Started rendering (1 nodes)
05:02:14.583960 [info ]: Started model gold.fact
05:02:14.583971 [debug]: Started rendering model gold.fact
05:02:14.586317 [debug]: Compiled SQL for node model.aws_dbt_snowflake_project.fact at target\.lsp\compiled\models\gold\ephemeral\fact.sql
05:02:14.586420 [info ]: Started analyzing (1 nodes)
05:02:14.586437 [debug]: Started analyzing model gold.fact
05:02:14.586493 [debug]: Finished rendering [  0.00s] model gold.fact [success]
05:02:14.586521 [info ]: Finished rendering [  0.00s] (1 nodes, 0 skipped, 0 errors)
05:02:14.595554 [info ]:  Succeeded [  0.01s] model gold.fact (ephemeral)
05:02:14.595584 [debug]: Finished analyzing [  0.01s] model gold.fact [success]
05:02:14.595592 [info ]: Finished analyzing [  0.01s] (1 nodes, 0 skipped, 0 errors)
05:02:14.600919 [info ]: Cached model count updated: 11 models (accurate)
05:02:14.640665 [info ]: Started loading project
05:02:14.641539 [info ]: Loading profiles.yml
05:02:14.646625 [info ]: Started parsing
05:02:14.663259 [info ]: Finished loading project [  0.02s]
05:02:14.666681 [info ]: Finished parsing [  0.02s]
05:02:14.668234 [info ]: Cached model count updated: 11 models (estimate)
05:02:14.668247 [info ]: Cached model count updated: 11 models (accurate)
05:02:14.668285 [info ]: Started scheduling
05:02:14.668330 [info ]: Finished scheduling [  0.00s]
05:02:14.668340 [debug]: Incremental compilation - 0 nodes selected: {}
05:02:14.668351 [warn ]: dbt1600: The selection criterion '' does not match any enabled nodes
05:02:14.668355 [warn ]: dbt1601: Nothing to do. Try checking your model configs and model specification args
05:02:14.668799 [info ]: Started deferring state
05:02:14.668812 [info ]: Finished deferring state [  0.00s]
05:02:14.669115 [info ]: Started downloading schemas
05:02:14.669142 [debug]:    Started downloading relations
05:02:14.669162 [debug]:   Finished [  0.00s] downloading relations
05:02:14.669174 [info ]: Finished downloading schemas [  0.00s]
05:02:14.797328 [info ]: Started building task graph
05:02:14.797398 [info ]: Finished building task graph [  0.00s]
05:02:14.802352 [info ]: Cached model count updated: 11 models (accurate)
05:03:01.128061 [info ]: Started loading project
05:03:01.129109 [info ]: Loading profiles.yml
05:03:01.136501 [info ]: Started parsing
05:03:01.152657 [info ]: Finished loading project [  0.02s]
05:03:01.157756 [debug]: Finished parsing analyses\explore.sql [  0.00s]
05:03:01.158442 [info ]: Finished parsing [  0.02s]
05:03:01.160701 [info ]: Cached model count updated: 11 models (estimate)
05:03:01.160715 [info ]: Cached model count updated: 11 models (accurate)
05:03:01.160776 [info ]: Started scheduling
05:03:01.160862 [info ]: Finished scheduling [  0.00s]
05:03:01.160871 [debug]: Incremental compilation - 1 nodes selected: {"analysis.aws_dbt_snowflake_project.explore"}
05:03:01.161309 [info ]: Started deferring state
05:03:01.161322 [info ]: Finished deferring state [  0.00s]
05:03:01.161645 [info ]: Started downloading schemas
05:03:01.161698 [debug]:    Started downloading relations
05:03:01.161716 [debug]:   Finished [  0.00s] downloading relations
05:03:01.161727 [info ]: Finished downloading schemas [  0.00s]
05:03:01.362993 [info ]: Started building task graph
05:03:01.363124 [info ]: Finished building task graph [  0.00s]
05:03:01.363476 [info ]: Started rendering (1 nodes)
05:03:01.363510 [info ]: Started analysis DBT_SCHEMA.explore
05:03:01.363532 [debug]: Started rendering analysis DBT_SCHEMA.explore
05:03:01.365582 [debug]: Compiled SQL for node analysis.aws_dbt_snowflake_project.explore at target\.lsp\compiled\analyses\explore.sql
05:03:01.365665 [debug]: Finished rendering [  0.00s] analysis DBT_SCHEMA.explore [success]
05:03:01.365685 [info ]: Finished rendering [  0.00s] (1 nodes, 0 skipped, 0 errors)
05:03:01.365723 [info ]: Started analyzing (1 nodes)
05:03:01.365738 [debug]: Started analyzing analysis DBT_SCHEMA.explore
05:03:01.367827 [info ]:  Succeeded [  0.00s] analysis DBT_SCHEMA.explore (analysis)
05:03:01.367884 [debug]: Finished analyzing [  0.00s] analysis DBT_SCHEMA.explore [success]
05:03:01.367899 [info ]: Finished analyzing [  0.00s] (1 nodes, 0 skipped, 0 errors)
05:03:01.375758 [info ]: Cached model count updated: 11 models (accurate)
05:03:01.446904 [info ]: Started loading project
05:03:01.447954 [info ]: Loading profiles.yml
05:03:01.455401 [info ]: Started parsing
05:03:01.478010 [info ]: Finished loading project [  0.03s]
05:03:01.481254 [info ]: Finished parsing [  0.03s]
05:03:01.483427 [info ]: Cached model count updated: 11 models (estimate)
05:03:01.483444 [info ]: Cached model count updated: 11 models (accurate)
05:03:01.483498 [info ]: Started scheduling
05:03:01.483558 [info ]: Finished scheduling [  0.00s]
05:03:01.483569 [debug]: Incremental compilation - 0 nodes selected: {}
05:03:01.483587 [warn ]: dbt1600: The selection criterion '' does not match any enabled nodes
05:03:01.483594 [warn ]: dbt1601: Nothing to do. Try checking your model configs and model specification args
05:03:01.484255 [info ]: Started deferring state
05:03:01.484272 [info ]: Finished deferring state [  0.00s]
05:03:01.484720 [info ]: Started downloading schemas
05:03:01.484757 [debug]:    Started downloading relations
05:03:01.484781 [debug]:   Finished [  0.00s] downloading relations
05:03:01.484795 [info ]: Finished downloading schemas [  0.00s]
05:03:01.647837 [info ]: Started building task graph
05:03:01.647893 [info ]: Finished building task graph [  0.00s]
05:03:01.653749 [info ]: Cached model count updated: 11 models (accurate)
05:05:03.559389 [info ]: Started loading project
05:05:03.560547 [info ]: Loading profiles.yml
05:05:03.572720 [info ]: Started parsing
05:05:03.604152 [info ]: Finished loading project [  0.04s]
05:05:03.609656 [debug]: Finished parsing models\silver\silver_bookings.sql [  0.00s]
05:05:03.610327 [info ]: Finished parsing [  0.04s]
05:05:03.612812 [info ]: Cached model count updated: 11 models (estimate)
05:05:03.612833 [info ]: Cached model count updated: 11 models (accurate)
05:05:03.612904 [info ]: Started scheduling
05:05:03.613055 [info ]: Finished scheduling [  0.00s]
05:05:03.613074 [debug]: Incremental compilation - 2 nodes selected: {"analysis.aws_dbt_snowflake_project.explore", "model.aws_dbt_snowflake_project.silver_bookings"}
05:05:03.613802 [info ]: Started deferring state
05:05:03.613830 [info ]: Finished deferring state [  0.00s]
05:05:03.614788 [info ]: Started downloading schemas
05:05:03.614883 [debug]:    Started downloading relations
05:05:03.614951 [debug]:   Finished [  0.00s] downloading relations
05:05:03.614978 [info ]: Finished downloading schemas [  0.00s]
05:05:03.907238 [info ]: Started building task graph
05:05:03.907363 [info ]: Finished building task graph [  0.00s]
05:05:03.912287 [info ]: Cached model count updated: 11 models (accurate)
05:05:03.970004 [info ]: Started loading project
05:05:03.971393 [info ]: Loading profiles.yml
05:05:03.980174 [info ]: Started parsing
05:05:04.006753 [info ]: Finished loading project [  0.04s]
05:05:04.011795 [debug]: Finished parsing models\silver\silver_bookings.sql [  0.00s]
05:05:04.012568 [info ]: Finished parsing [  0.03s]
05:05:04.015425 [info ]: Cached model count updated: 11 models (estimate)
05:05:04.015447 [info ]: Cached model count updated: 11 models (accurate)
05:05:04.015519 [info ]: Started scheduling
05:05:04.015671 [info ]: Finished scheduling [  0.00s]
05:05:04.015690 [debug]: Incremental compilation - 2 nodes selected: {"analysis.aws_dbt_snowflake_project.explore", "model.aws_dbt_snowflake_project.silver_bookings"}
05:05:04.016409 [info ]: Started deferring state
05:05:04.016428 [info ]: Finished deferring state [  0.00s]
05:05:04.016881 [info ]: Started downloading schemas
05:05:04.016932 [debug]:    Started downloading relations
05:05:04.016957 [debug]:   Finished [  0.00s] downloading relations
05:05:04.016972 [info ]: Finished downloading schemas [  0.00s]
05:05:04.257546 [info ]: Started building task graph
05:05:04.257652 [info ]: Finished building task graph [  0.00s]
05:05:04.257866 [info ]: Started rendering (2 nodes)
05:05:04.257892 [info ]: Started analysis DBT_SCHEMA.explore
05:05:04.257908 [debug]: Started rendering analysis DBT_SCHEMA.explore
05:05:04.257937 [info ]: Started model silver.silver_bookings
05:05:04.257947 [debug]: Started rendering model silver.silver_bookings
05:05:04.260702 [debug]: Compiled SQL for node model.aws_dbt_snowflake_project.silver_bookings at target\.lsp\compiled\models\silver\silver_bookings.sql
05:05:04.260824 [info ]: Started analyzing (2 nodes)
05:05:04.260848 [debug]: Started analyzing model silver.silver_bookings
05:05:04.260951 [debug]: Finished rendering [  0.00s] model silver.silver_bookings [success]
05:05:04.261963 [debug]: Compiled SQL for node analysis.aws_dbt_snowflake_project.explore at target\.lsp\compiled\analyses\explore.sql
05:05:04.262058 [debug]: Finished rendering [  0.00s] analysis DBT_SCHEMA.explore [success]
05:05:04.262079 [info ]: Finished rendering [  0.00s] (2 nodes, 0 skipped, 0 errors)
05:05:04.265477 [info ]:  Succeeded [  0.01s] model silver.silver_bookings (incremental)
05:05:04.265535 [debug]: Finished analyzing [  0.00s] model silver.silver_bookings [success]
05:05:04.265573 [debug]: Started analyzing analysis DBT_SCHEMA.explore
05:05:04.268480 [info ]:  Succeeded [  0.01s] analysis DBT_SCHEMA.explore (analysis)
05:05:04.268528 [debug]: Finished analyzing [  0.00s] analysis DBT_SCHEMA.explore [success]
05:05:04.268544 [info ]: Finished analyzing [  0.01s] (2 nodes, 0 skipped, 0 errors)
05:05:04.276329 [info ]: Cached model count updated: 11 models (accurate)
05:06:00.794421 [info ]: Started loading project
05:06:00.795931 [info ]: Loading profiles.yml
05:06:00.805816 [info ]: Started parsing
05:06:00.834859 [info ]: Finished loading project [  0.04s]
05:06:00.841074 [debug]: Finished parsing models\gold\obt.sql [  0.00s]
05:06:00.841674 [info ]: Finished parsing [  0.04s]
05:06:00.843291 [info ]: Cached model count updated: 11 models (estimate)
05:06:00.843302 [info ]: Cached model count updated: 11 models (accurate)
05:06:00.843349 [info ]: Started scheduling
05:06:00.843486 [info ]: Finished scheduling [  0.00s]
05:06:00.843498 [debug]: Incremental compilation - 7 nodes selected: {"model.aws_dbt_snowflake_project.bookings", "model.aws_dbt_snowflake_project.hosts", "model.aws_dbt_snowflake_project.listings", "model.aws_dbt_snowflake_project.obt", "snapshot.aws_dbt_snowflake_project.dim_bookings", "snapshot.aws_dbt_snowflake_project.dim_hosts", "snapshot.aws_dbt_snowflake_project.dim_listings"}
05:06:00.843945 [info ]: Started deferring state
05:06:00.843957 [info ]: Finished deferring state [  0.00s]
05:06:00.844280 [info ]: Started downloading schemas
05:06:00.844335 [debug]:    Started downloading relations
05:06:00.844353 [debug]:   Finished [  0.00s] downloading relations
05:06:00.844364 [info ]: Finished downloading schemas [  0.00s]
05:06:00.980166 [info ]: Started building task graph
05:06:00.980329 [info ]: Finished building task graph [  0.00s]
05:06:00.980505 [info ]: Started rendering (7 nodes)
05:06:00.980523 [info ]: Started model gold.obt
05:06:00.980538 [debug]: Started rendering model gold.obt
05:06:00.982179 [debug]: Compiled SQL for node model.aws_dbt_snowflake_project.obt at target\.lsp\compiled\models\gold\obt.sql
05:06:00.982249 [info ]: Started analyzing (7 nodes)
05:06:00.982263 [debug]: Started analyzing model gold.obt
05:06:00.982419 [debug]: Finished rendering [  0.00s] model gold.obt [success]
05:06:00.993997 [info ]:  Succeeded [  0.01s] model gold.obt (table)
05:06:00.994029 [debug]: Finished analyzing [  0.01s] model gold.obt [success]
05:06:00.994055 [info ]: Started model gold.listings
05:06:00.994077 [debug]: Started rendering model gold.listings
05:06:00.994101 [info ]: Started model gold.bookings
05:06:00.994129 [debug]: Started rendering model gold.bookings
05:06:00.994143 [info ]: Started model gold.hosts
05:06:00.994150 [debug]: Started rendering model gold.hosts
05:06:00.994992 [debug]: Compiled SQL for node model.aws_dbt_snowflake_project.listings at target\.lsp\compiled\models\gold\ephemeral\listings.sql
05:06:00.995065 [debug]: Started analyzing model gold.listings
05:06:00.995094 [debug]: Finished rendering [  0.00s] model gold.listings [success]
05:06:00.995281 [debug]: Compiled SQL for node model.aws_dbt_snowflake_project.bookings at target\.lsp\compiled\models\gold\ephemeral\bookings.sql
05:06:00.995365 [debug]: Finished rendering [  0.00s] model gold.bookings [success]
05:06:00.995393 [debug]: Started analyzing model gold.bookings
05:06:00.997298 [info ]:  Succeeded [  0.00s] model gold.listings (ephemeral)
05:06:00.997336 [debug]: Finished analyzing [  0.00s] model gold.listings [success]
05:06:00.997373 [info ]: Started snapshot gold.dim_listings
05:06:00.997389 [debug]: Started rendering snapshot gold.dim_listings
05:06:00.997680 [info ]:  Succeeded [  0.00s] model gold.bookings (ephemeral)
05:06:00.997714 [debug]: Finished analyzing [  0.00s] model gold.bookings [success]
05:06:00.997749 [info ]: Started snapshot gold.dim_bookings
05:06:00.997765 [debug]: Started rendering snapshot gold.dim_bookings
05:06:01.000013 [debug]: Compiled SQL for node snapshot.aws_dbt_snowflake_project.dim_bookings at target\.lsp\compiled\snapshots\dim_bookings.sql
05:06:01.000113 [debug]: Started analyzing snapshot gold.dim_bookings
05:06:01.000199 [debug]: Finished rendering [  0.00s] snapshot gold.dim_bookings [success]
05:06:01.000291 [debug]: Compiled SQL for node snapshot.aws_dbt_snowflake_project.dim_listings at target\.lsp\compiled\snapshots\dim_listings.sql
05:06:01.000385 [debug]: Started analyzing snapshot gold.dim_listings
05:06:01.001270 [debug]: Finished rendering [  0.00s] snapshot gold.dim_listings [success]
05:06:01.003483 [info ]:  Succeeded [  0.01s] snapshot gold.dim_bookings (table)
05:06:01.003536 [debug]: Finished analyzing [  0.00s] snapshot gold.dim_bookings [success]
05:06:01.005868 [info ]:  Succeeded [  0.01s] snapshot gold.dim_listings (table)
05:06:01.005917 [debug]: Finished analyzing [  0.01s] snapshot gold.dim_listings [success]
05:06:01.024809 [debug]: Compiled SQL for node model.aws_dbt_snowflake_project.hosts at target\.lsp\compiled\models\gold\ephemeral\hosts.sql
05:06:01.024893 [debug]: Started analyzing model gold.hosts
05:06:01.024980 [debug]: Finished rendering [  0.03s] model gold.hosts [success]
05:06:01.026810 [info ]:  Succeeded [  0.03s] model gold.hosts (ephemeral)
05:06:01.026833 [debug]: Finished analyzing [  0.00s] model gold.hosts [success]
05:06:01.026860 [info ]: Started snapshot gold.dim_hosts
05:06:01.026889 [debug]: Started rendering snapshot gold.dim_hosts
05:06:01.060736 [debug]: Compiled SQL for node snapshot.aws_dbt_snowflake_project.dim_hosts at target\.lsp\compiled\snapshots\dim_hosts.sql
05:06:01.060829 [debug]: Finished rendering [  0.03s] snapshot gold.dim_hosts [success]
05:06:01.060849 [info ]: Finished rendering [  0.08s] (7 nodes, 0 skipped, 0 errors)
05:06:01.060877 [debug]: Started analyzing snapshot gold.dim_hosts
05:06:01.064390 [info ]:  Succeeded [  0.04s] snapshot gold.dim_hosts (table)
05:06:01.064459 [debug]: Finished analyzing [  0.00s] snapshot gold.dim_hosts [success]
05:06:01.064471 [info ]: Finished analyzing [  0.08s] (7 nodes, 0 skipped, 0 errors)
05:06:01.071411 [info ]: Cached model count updated: 11 models (accurate)
05:06:01.106756 [info ]: Started loading project
05:06:01.107580 [info ]: Loading profiles.yml
05:06:01.114821 [info ]: Started parsing
05:06:01.135968 [info ]: Finished loading project [  0.03s]
05:06:01.139570 [info ]: Finished parsing [  0.02s]
05:06:01.142286 [info ]: Cached model count updated: 11 models (estimate)
05:06:01.142313 [info ]: Cached model count updated: 11 models (accurate)
05:06:01.142386 [info ]: Started scheduling
05:06:01.142496 [info ]: Finished scheduling [  0.00s]
05:06:01.142529 [debug]: Incremental compilation - 0 nodes selected: {}
05:06:01.142552 [warn ]: dbt1600: The selection criterion '' does not match any enabled nodes
05:06:01.142563 [warn ]: dbt1601: Nothing to do. Try checking your model configs and model specification args
05:06:01.143249 [info ]: Started deferring state
05:06:01.143271 [info ]: Finished deferring state [  0.00s]
05:06:01.143815 [info ]: Started downloading schemas
05:06:01.143869 [debug]:    Started downloading relations
05:06:01.143925 [debug]:   Finished [  0.00s] downloading relations
05:06:01.143943 [info ]: Finished downloading schemas [  0.00s]
05:06:01.302043 [info ]: Started building task graph
05:06:01.302091 [info ]: Finished building task graph [  0.00s]
05:06:01.306253 [info ]: Cached model count updated: 11 models (accurate)
05:07:07.055241 [info ]: Started loading project
05:07:07.056366 [info ]: Loading profiles.yml
05:07:07.067012 [info ]: Started parsing
05:07:07.095448 [info ]: Finished loading project [  0.04s]
05:07:07.098850 [debug]: Finished parsing models\gold\ephemeral\fact.sql [  0.00s]
05:07:07.099257 [info ]: Finished parsing [  0.03s]
05:07:07.100761 [info ]: Cached model count updated: 11 models (estimate)
05:07:07.100772 [info ]: Cached model count updated: 11 models (accurate)
05:07:07.100812 [info ]: Started scheduling
05:07:07.100887 [info ]: Finished scheduling [  0.00s]
05:07:07.100895 [debug]: Incremental compilation - 1 nodes selected: {"model.aws_dbt_snowflake_project.fact"}
05:07:07.101307 [info ]: Started deferring state
05:07:07.101319 [info ]: Finished deferring state [  0.00s]
05:07:07.101601 [info ]: Started downloading schemas
05:07:07.101627 [debug]:    Started downloading relations
05:07:07.101642 [debug]:   Finished [  0.00s] downloading relations
05:07:07.101652 [info ]: Finished downloading schemas [  0.00s]
05:07:07.235921 [info ]: Started building task graph
05:07:07.235986 [info ]: Finished building task graph [  0.00s]
05:07:07.236174 [info ]: Started rendering (1 nodes)
05:07:07.236191 [info ]: Started model gold.fact
05:07:07.236200 [debug]: Started rendering model gold.fact
05:07:07.239070 [debug]: Compiled SQL for node model.aws_dbt_snowflake_project.fact at target\.lsp\compiled\models\gold\ephemeral\fact.sql
05:07:07.239403 [info ]: Started analyzing (1 nodes)
05:07:07.239463 [debug]: Started analyzing model gold.fact
05:07:07.239456 [debug]: Finished rendering [  0.00s] model gold.fact [success]
05:07:07.239558 [info ]: Finished rendering [  0.00s] (1 nodes, 0 skipped, 0 errors)
05:07:07.250070 [error]: dbt0227: No column GOLD.OBT.CLEANING_FEE found. Available are GOLD_OBT.CLEANING_FEE, GOLD_OBT.SERVICE_FEE, DIM_LISTINGS.LISTING_ID, GOLD_OBT.LISTING_ID, GOLD_OBT.BOOKING_DATE, GOLD_OBT.BOOKING_ID, GOLD_OBT.CREATED_AT ..(and 43 more)
  --> models\gold\ephemeral\fact.sql:24:8
05:07:07.250178 [info ]:     Failed [  0.01s] model gold.fact (ephemeral)
05:07:07.250206 [debug]: Finished analyzing [  0.01s] model gold.fact [error]
05:07:07.250217 [info ]: Finished analyzing [  0.01s] (1 nodes, 0 skipped, 1 errors)
05:07:07.255402 [info ]: Cached model count updated: 11 models (accurate)
05:07:07.327590 [info ]: Started loading project
05:07:07.328540 [info ]: Loading profiles.yml
05:07:07.336189 [info ]: Started parsing
05:07:07.352022 [info ]: Finished loading project [  0.02s]
05:07:07.355064 [info ]: Finished parsing [  0.02s]
05:07:07.356914 [info ]: Cached model count updated: 11 models (estimate)
05:07:07.356931 [info ]: Cached model count updated: 11 models (accurate)
05:07:07.356985 [info ]: Started scheduling
05:07:07.357043 [info ]: Finished scheduling [  0.00s]
05:07:07.357056 [debug]: Incremental compilation - 0 nodes selected: {}
05:07:07.357070 [warn ]: dbt1600: The selection criterion '' does not match any enabled nodes
05:07:07.357078 [warn ]: dbt1601: Nothing to do. Try checking your model configs and model specification args
05:07:07.357718 [info ]: Started deferring state
05:07:07.357734 [info ]: Finished deferring state [  0.00s]
05:07:07.358081 [info ]: Started downloading schemas
05:07:07.358113 [debug]:    Started downloading relations
05:07:07.358149 [debug]:   Finished [  0.00s] downloading relations
05:07:07.358161 [info ]: Finished downloading schemas [  0.00s]
05:07:07.488641 [info ]: Started building task graph
05:07:07.488691 [info ]: Finished building task graph [  0.00s]
05:07:07.494356 [info ]: Cached model count updated: 11 models (accurate)
05:07:32.953993 [info ]: Started loading project
05:07:32.954939 [info ]: Loading profiles.yml
05:07:32.963799 [info ]: Started parsing
05:07:32.991086 [info ]: Finished loading project [  0.04s]
05:07:32.995871 [debug]: Finished parsing models\silver\silver_bookings.sql [  0.00s]
05:07:32.996387 [info ]: Finished parsing [  0.03s]
05:07:32.999659 [info ]: Cached model count updated: 11 models (estimate)
05:07:32.999681 [info ]: Cached model count updated: 11 models (accurate)
05:07:32.999753 [info ]: Started scheduling
05:07:32.999893 [info ]: Finished scheduling [  0.00s]
05:07:32.999913 [debug]: Incremental compilation - 2 nodes selected: {"analysis.aws_dbt_snowflake_project.explore", "model.aws_dbt_snowflake_project.silver_bookings"}
05:07:33.000612 [info ]: Started deferring state
05:07:33.000632 [info ]: Finished deferring state [  0.00s]
05:07:33.001102 [info ]: Started downloading schemas
05:07:33.001157 [debug]:    Started downloading relations
05:07:33.001184 [debug]:   Finished [  0.00s] downloading relations
05:07:33.001201 [info ]: Finished downloading schemas [  0.00s]
05:07:33.172765 [info ]: Started building task graph
05:07:33.172841 [info ]: Finished building task graph [  0.00s]
05:07:33.173021 [info ]: Started rendering (2 nodes)
05:07:33.173036 [info ]: Started analysis DBT_SCHEMA.explore
05:07:33.173045 [debug]: Started rendering analysis DBT_SCHEMA.explore
05:07:33.173061 [info ]: Started model silver.silver_bookings
05:07:33.173066 [debug]: Started rendering model silver.silver_bookings
05:07:33.173687 [debug]: Compiled SQL for node analysis.aws_dbt_snowflake_project.explore at target\.lsp\compiled\analyses\explore.sql
05:07:33.173772 [debug]: Finished rendering [  0.00s] analysis DBT_SCHEMA.explore [success]
05:07:33.175038 [debug]: Compiled SQL for node model.aws_dbt_snowflake_project.silver_bookings at target\.lsp\compiled\models\silver\silver_bookings.sql
05:07:33.175138 [info ]: Started analyzing (2 nodes)
05:07:33.175158 [debug]: Started analyzing model silver.silver_bookings
05:07:33.175167 [debug]: Finished rendering [  0.00s] model silver.silver_bookings [success]
05:07:33.175219 [info ]: Finished rendering [  0.00s] (2 nodes, 0 skipped, 0 errors)
05:07:33.178022 [info ]:  Succeeded [  0.00s] model silver.silver_bookings (incremental)
05:07:33.178069 [debug]: Finished analyzing [  0.00s] model silver.silver_bookings [success]
05:07:33.178097 [debug]: Started analyzing analysis DBT_SCHEMA.explore
05:07:33.179863 [info ]:  Succeeded [  0.00s] analysis DBT_SCHEMA.explore (analysis)
05:07:33.179904 [debug]: Finished analyzing [  0.00s] analysis DBT_SCHEMA.explore [success]
05:07:33.179917 [info ]: Finished analyzing [  0.00s] (2 nodes, 0 skipped, 0 errors)
05:07:33.186194 [info ]: Cached model count updated: 11 models (accurate)
05:07:33.293524 [info ]: Started loading project
05:07:33.294364 [info ]: Loading profiles.yml
05:07:33.301936 [info ]: Started parsing
05:07:33.322291 [info ]: Finished loading project [  0.03s]
05:07:33.326986 [info ]: Finished parsing [  0.03s]
05:07:33.328536 [info ]: Cached model count updated: 11 models (estimate)
05:07:33.328548 [info ]: Cached model count updated: 11 models (accurate)
05:07:33.328585 [info ]: Started scheduling
05:07:33.328625 [info ]: Finished scheduling [  0.00s]
05:07:33.328633 [debug]: Incremental compilation - 0 nodes selected: {}
05:07:33.328643 [warn ]: dbt1600: The selection criterion '' does not match any enabled nodes
05:07:33.328647 [warn ]: dbt1601: Nothing to do. Try checking your model configs and model specification args
05:07:33.329070 [info ]: Started deferring state
05:07:33.329080 [info ]: Finished deferring state [  0.00s]
05:07:33.329360 [info ]: Started downloading schemas
05:07:33.329385 [debug]:    Started downloading relations
05:07:33.329402 [debug]:   Finished [  0.00s] downloading relations
05:07:33.329411 [info ]: Finished downloading schemas [  0.00s]
05:07:33.476907 [info ]: Started building task graph
05:07:33.476949 [info ]: Finished building task graph [  0.00s]
05:07:33.480991 [info ]: Cached model count updated: 11 models (accurate)
05:09:09.999348 [info ]: Started loading project
05:09:10.000874 [info ]: Loading profiles.yml
05:09:10.011859 [info ]: Started parsing
05:09:10.036929 [info ]: Finished loading project [  0.04s]
05:09:10.041176 [debug]: Finished parsing models\gold\obt.sql [  0.00s]
05:09:10.041715 [info ]: Finished parsing [  0.03s]
05:09:10.043502 [info ]: Cached model count updated: 11 models (estimate)
05:09:10.043517 [info ]: Cached model count updated: 11 models (accurate)
05:09:10.043567 [info ]: Started scheduling
05:09:10.043720 [info ]: Finished scheduling [  0.00s]
05:09:10.043733 [debug]: Incremental compilation - 7 nodes selected: {"model.aws_dbt_snowflake_project.bookings", "model.aws_dbt_snowflake_project.hosts", "model.aws_dbt_snowflake_project.listings", "model.aws_dbt_snowflake_project.obt", "snapshot.aws_dbt_snowflake_project.dim_bookings", "snapshot.aws_dbt_snowflake_project.dim_hosts", "snapshot.aws_dbt_snowflake_project.dim_listings"}
05:09:10.044245 [info ]: Started deferring state
05:09:10.044259 [info ]: Finished deferring state [  0.00s]
05:09:10.044623 [info ]: Started downloading schemas
05:09:10.044679 [debug]:    Started downloading relations
05:09:10.044699 [debug]:   Finished [  0.00s] downloading relations
05:09:10.044721 [info ]: Finished downloading schemas [  0.00s]
05:09:10.174139 [info ]: Started building task graph
05:09:10.174252 [info ]: Finished building task graph [  0.00s]
05:09:10.174434 [info ]: Started rendering (7 nodes)
05:09:10.174451 [info ]: Started model gold.obt
05:09:10.174461 [debug]: Started rendering model gold.obt
05:09:10.177137 [debug]: Compiled SQL for node model.aws_dbt_snowflake_project.obt at target\.lsp\compiled\models\gold\obt.sql
05:09:10.177234 [info ]: Started analyzing (7 nodes)
05:09:10.177252 [debug]: Started analyzing model gold.obt
05:09:10.177319 [debug]: Finished rendering [  0.00s] model gold.obt [success]
05:09:10.192185 [info ]:  Succeeded [  0.02s] model gold.obt (table)
05:09:10.192232 [debug]: Finished analyzing [  0.01s] model gold.obt [success]
05:09:10.192285 [info ]: Started model gold.listings
05:09:10.192321 [debug]: Started rendering model gold.listings
05:09:10.192360 [info ]: Started model gold.bookings
05:09:10.192391 [debug]: Started rendering model gold.bookings
05:09:10.192410 [info ]: Started model gold.hosts
05:09:10.192422 [debug]: Started rendering model gold.hosts
05:09:10.192996 [debug]: Compiled SQL for node model.aws_dbt_snowflake_project.listings at target\.lsp\compiled\models\gold\ephemeral\listings.sql
05:09:10.193041 [debug]: Started analyzing model gold.listings
05:09:10.193159 [debug]: Compiled SQL for node model.aws_dbt_snowflake_project.bookings at target\.lsp\compiled\models\gold\ephemeral\bookings.sql
05:09:10.193225 [debug]: Finished rendering [  0.00s] model gold.bookings [success]
05:09:10.193248 [debug]: Finished rendering [  0.00s] model gold.listings [success]
05:09:10.193207 [debug]: Started analyzing model gold.bookings
05:09:10.193691 [debug]: Compiled SQL for node model.aws_dbt_snowflake_project.hosts at target\.lsp\compiled\models\gold\ephemeral\hosts.sql
05:09:10.194053 [debug]: Finished rendering [  0.00s] model gold.hosts [success]
05:09:10.194101 [debug]: Started analyzing model gold.hosts
05:09:10.194945 [info ]:  Succeeded [  0.00s] model gold.listings (ephemeral)
05:09:10.194970 [debug]: Finished analyzing [  0.00s] model gold.listings [success]
05:09:10.194997 [info ]: Started snapshot gold.dim_listings
05:09:10.195007 [debug]: Started rendering snapshot gold.dim_listings
05:09:10.195749 [info ]:  Succeeded [  0.00s] model gold.bookings (ephemeral)
05:09:10.195784 [debug]: Finished analyzing [  0.00s] model gold.bookings [success]
05:09:10.195821 [info ]: Started snapshot gold.dim_bookings
05:09:10.195838 [debug]: Started rendering snapshot gold.dim_bookings
05:09:10.198611 [info ]:  Succeeded [  0.01s] model gold.hosts (ephemeral)
05:09:10.198686 [debug]: Finished analyzing [  0.00s] model gold.hosts [success]
05:09:10.198765 [info ]: Started snapshot gold.dim_hosts
05:09:10.198803 [debug]: Started rendering snapshot gold.dim_hosts
05:09:10.198871 [debug]: Compiled SQL for node snapshot.aws_dbt_snowflake_project.dim_listings at target\.lsp\compiled\snapshots\dim_listings.sql
05:09:10.198963 [debug]: Started analyzing snapshot gold.dim_listings
05:09:10.198959 [debug]: Finished rendering [  0.00s] snapshot gold.dim_listings [success]
05:09:10.201472 [debug]: Compiled SQL for node snapshot.aws_dbt_snowflake_project.dim_bookings at target\.lsp\compiled\snapshots\dim_bookings.sql
05:09:10.201602 [debug]: Started analyzing snapshot gold.dim_bookings
05:09:10.201690 [debug]: Finished rendering [  0.01s] snapshot gold.dim_bookings [success]
05:09:10.203137 [debug]: Compiled SQL for node snapshot.aws_dbt_snowflake_project.dim_hosts at target\.lsp\compiled\snapshots\dim_hosts.sql
05:09:10.203210 [debug]: Started analyzing snapshot gold.dim_hosts
05:09:10.203727 [debug]: Finished rendering [  0.00s] snapshot gold.dim_hosts [success]
05:09:10.203750 [info ]: Finished rendering [  0.03s] (7 nodes, 0 skipped, 0 errors)
05:09:10.204674 [info ]:  Succeeded [  0.01s] snapshot gold.dim_bookings (table)
05:09:10.204710 [debug]: Finished analyzing [  0.00s] snapshot gold.dim_bookings [success]
05:09:10.206293 [info ]:  Succeeded [  0.01s] snapshot gold.dim_hosts (table)
05:09:10.206332 [debug]: Finished analyzing [  0.00s] snapshot gold.dim_hosts [success]
05:09:10.206470 [info ]:  Succeeded [  0.01s] snapshot gold.dim_listings (table)
05:09:10.206505 [debug]: Finished analyzing [  0.01s] snapshot gold.dim_listings [success]
05:09:10.206516 [info ]: Finished analyzing [  0.03s] (7 nodes, 0 skipped, 0 errors)
05:09:10.212057 [info ]: Cached model count updated: 11 models (accurate)
05:09:10.346478 [info ]: Started loading project
05:09:10.347853 [info ]: Loading profiles.yml
05:09:10.359138 [info ]: Started parsing
05:09:10.388196 [info ]: Finished loading project [  0.04s]
05:09:10.390857 [info ]: Finished parsing [  0.03s]
05:09:10.392144 [info ]: Cached model count updated: 11 models (estimate)
05:09:10.392156 [info ]: Cached model count updated: 11 models (accurate)
05:09:10.392191 [info ]: Started scheduling
05:09:10.392232 [info ]: Finished scheduling [  0.00s]
05:09:10.392239 [debug]: Incremental compilation - 0 nodes selected: {}
05:09:10.392249 [warn ]: dbt1600: The selection criterion '' does not match any enabled nodes
05:09:10.392254 [warn ]: dbt1601: Nothing to do. Try checking your model configs and model specification args
05:09:10.392639 [info ]: Started deferring state
05:09:10.392650 [info ]: Finished deferring state [  0.00s]
05:09:10.392922 [info ]: Started downloading schemas
05:09:10.392946 [debug]:    Started downloading relations
05:09:10.392962 [debug]:   Finished [  0.00s] downloading relations
05:09:10.392971 [info ]: Finished downloading schemas [  0.00s]
05:09:10.540290 [info ]: Started building task graph
05:09:10.540331 [info ]: Finished building task graph [  0.00s]
05:09:10.545900 [info ]: Cached model count updated: 11 models (accurate)
05:14:50.136600 [info ]: Started loading project
05:14:50.137795 [info ]: Loading profiles.yml
05:14:50.149328 [info ]: Started parsing
05:14:50.168353 [info ]: Finished loading project [  0.03s]
05:14:50.172396 [debug]: Finished parsing models\gold\ephemeral\fact.sql [  0.00s]
05:14:50.172833 [info ]: Finished parsing [  0.02s]
05:14:50.174250 [info ]: Cached model count updated: 11 models (estimate)
05:14:50.174262 [info ]: Cached model count updated: 11 models (accurate)
05:14:50.174309 [info ]: Started scheduling
05:14:50.174400 [info ]: Finished scheduling [  0.00s]
05:14:50.174410 [debug]: Incremental compilation - 1 nodes selected: {"model.aws_dbt_snowflake_project.fact"}
05:14:50.174821 [info ]: Started deferring state
05:14:50.174832 [info ]: Finished deferring state [  0.00s]
05:14:50.175208 [info ]: Started downloading schemas
05:14:50.175240 [debug]:    Started downloading relations
05:14:50.175262 [debug]:   Finished [  0.00s] downloading relations
05:14:50.175272 [info ]: Finished downloading schemas [  0.00s]
05:14:50.409456 [info ]: Started building task graph
05:14:50.409535 [info ]: Finished building task graph [  0.00s]
05:14:50.409731 [info ]: Started rendering (1 nodes)
05:14:50.409748 [info ]: Started model gold.fact
05:14:50.409760 [debug]: Started rendering model gold.fact
05:14:50.412702 [debug]: Compiled SQL for node model.aws_dbt_snowflake_project.fact at target\.lsp\compiled\models\gold\ephemeral\fact.sql
05:14:50.412795 [debug]: Finished rendering [  0.00s] model gold.fact [success]
05:14:50.412815 [info ]: Finished rendering [  0.00s] (1 nodes, 0 skipped, 0 errors)
05:14:50.412842 [info ]: Started analyzing (1 nodes)
05:14:50.412854 [debug]: Started analyzing model gold.fact
05:14:50.425398 [error]: dbt0227: No column GOLD.OBT.CLEANING_FEE found. Available are GOLD_OBT.CLEANING_FEE, GOLD_OBT.SERVICE_FEE, DIM_LISTINGS.LISTING_ID, GOLD_OBT.LISTING_ID, GOLD_OBT.BOOKING_DATE, GOLD_OBT.BOOKING_ID, GOLD_OBT.CREATED_AT ..(and 43 more)
  --> models\gold\ephemeral\fact.sql:24:8
05:14:50.425519 [info ]:     Failed [  0.01s] model gold.fact (ephemeral)
05:14:50.425597 [debug]: Finished analyzing [  0.01s] model gold.fact [error]
05:14:50.425613 [info ]: Finished analyzing [  0.01s] (1 nodes, 0 skipped, 1 errors)
05:14:50.430986 [info ]: Cached model count updated: 11 models (accurate)
05:14:50.500782 [info ]: Started loading project
05:14:50.502303 [info ]: Loading profiles.yml
05:14:50.515238 [info ]: Started parsing
05:14:50.536236 [info ]: Finished loading project [  0.04s]
05:14:50.539531 [debug]: Finished parsing models\gold\ephemeral\fact.sql [  0.00s]
05:14:50.539984 [info ]: Finished parsing [  0.02s]
05:14:50.541380 [info ]: Cached model count updated: 11 models (estimate)
05:14:50.541390 [info ]: Cached model count updated: 11 models (accurate)
05:14:50.541428 [info ]: Started scheduling
05:14:50.541503 [info ]: Finished scheduling [  0.00s]
05:14:50.541510 [debug]: Incremental compilation - 1 nodes selected: {"model.aws_dbt_snowflake_project.fact"}
05:14:50.541911 [info ]: Started deferring state
05:14:50.541922 [info ]: Finished deferring state [  0.00s]
05:14:50.542214 [info ]: Started downloading schemas
05:14:50.542239 [debug]:    Started downloading relations
05:14:50.542255 [debug]:   Finished [  0.00s] downloading relations
05:14:50.542264 [info ]: Finished downloading schemas [  0.00s]
05:14:50.667908 [info ]: Started building task graph
05:14:50.667997 [info ]: Finished building task graph [  0.00s]
05:14:50.668183 [info ]: Started rendering (1 nodes)
05:14:50.668206 [info ]: Started model gold.fact
05:14:50.668223 [debug]: Started rendering model gold.fact
05:14:50.671227 [debug]: Compiled SQL for node model.aws_dbt_snowflake_project.fact at target\.lsp\compiled\models\gold\ephemeral\fact.sql
05:14:50.671323 [info ]: Started analyzing (1 nodes)
05:14:50.671339 [debug]: Started analyzing model gold.fact
05:14:50.671344 [debug]: Finished rendering [  0.00s] model gold.fact [success]
05:14:50.671360 [info ]: Finished rendering [  0.00s] (1 nodes, 0 skipped, 0 errors)
05:14:50.680859 [error]: dbt0227: No column GOLD.OBT.CLEANING_FEE found. Available are GOLD_OBT.CLEANING_FEE, GOLD_OBT.SERVICE_FEE, DIM_LISTINGS.LISTING_ID, GOLD_OBT.LISTING_ID, GOLD_OBT.BOOKING_DATE, GOLD_OBT.BOOKING_ID, GOLD_OBT.CREATED_AT ..(and 43 more)
  --> models\gold\ephemeral\fact.sql:24:8
05:14:50.680993 [info ]:     Failed [  0.01s] model gold.fact (ephemeral)
05:14:50.681033 [debug]: Finished analyzing [  0.01s] model gold.fact [error]
05:14:50.681042 [info ]: Finished analyzing [  0.01s] (1 nodes, 0 skipped, 1 errors)
05:14:50.688682 [info ]: Cached model count updated: 11 models (accurate)
05:14:55.057959 [info ]: Started loading project
05:14:55.059576 [info ]: Loading profiles.yml
05:14:55.075973 [info ]: Started parsing
05:14:55.113644 [info ]: Finished loading project [  0.06s]
05:14:55.119153 [debug]: Finished parsing models\gold\ephemeral\bookings.sql [  0.00s]
05:14:55.119706 [info ]: Finished parsing [  0.04s]
05:14:55.122018 [info ]: Cached model count updated: 11 models (estimate)
05:14:55.122037 [info ]: Cached model count updated: 11 models (accurate)
05:14:55.122104 [info ]: Started scheduling
05:14:55.122265 [info ]: Finished scheduling [  0.00s]
05:14:55.122283 [debug]: Incremental compilation - 2 nodes selected: {"model.aws_dbt_snowflake_project.bookings", "snapshot.aws_dbt_snowflake_project.dim_bookings"}
05:14:55.122919 [info ]: Started deferring state
05:14:55.122938 [info ]: Finished deferring state [  0.00s]
05:14:55.123379 [info ]: Started downloading schemas
05:14:55.123457 [debug]:    Started downloading relations
05:14:55.123482 [debug]:   Finished [  0.00s] downloading relations
05:14:55.123501 [info ]: Finished downloading schemas [  0.00s]
05:14:55.318710 [info ]: Started building task graph
05:14:55.318828 [info ]: Finished building task graph [  0.00s]
05:14:55.319025 [info ]: Started rendering (2 nodes)
05:14:55.319049 [info ]: Started model gold.bookings
05:14:55.319064 [debug]: Started rendering model gold.bookings
05:14:55.322346 [debug]: Compiled SQL for node model.aws_dbt_snowflake_project.bookings at target\.lsp\compiled\models\gold\ephemeral\bookings.sql
05:14:55.322440 [info ]: Started analyzing (2 nodes)
05:14:55.322459 [debug]: Started analyzing model gold.bookings
05:14:55.323571 [debug]: Finished rendering [  0.00s] model gold.bookings [success]
05:14:55.325515 [info ]:  Succeeded [  0.01s] model gold.bookings (ephemeral)
05:14:55.325554 [debug]: Finished analyzing [  0.00s] model gold.bookings [success]
05:14:55.325594 [info ]: Started snapshot gold.dim_bookings
05:14:55.325611 [debug]: Started rendering snapshot gold.dim_bookings
05:14:55.327955 [debug]: Compiled SQL for node snapshot.aws_dbt_snowflake_project.dim_bookings at target\.lsp\compiled\snapshots\dim_bookings.sql
05:14:55.328042 [debug]: Started analyzing snapshot gold.dim_bookings
05:14:55.328806 [debug]: Finished rendering [  0.00s] snapshot gold.dim_bookings [success]
05:14:55.328831 [info ]: Finished rendering [  0.01s] (2 nodes, 0 skipped, 0 errors)
05:14:55.330921 [info ]:  Succeeded [  0.00s] snapshot gold.dim_bookings (table)
05:14:55.330956 [debug]: Finished analyzing [  0.00s] snapshot gold.dim_bookings [success]
05:14:55.330967 [info ]: Finished analyzing [  0.01s] (2 nodes, 0 skipped, 0 errors)
05:14:55.335495 [info ]: Cached model count updated: 11 models (accurate)
05:14:55.382911 [info ]: Started loading project
05:14:55.383869 [info ]: Loading profiles.yml
05:14:55.392515 [info ]: Started parsing
05:14:55.418154 [info ]: Finished loading project [  0.04s]
05:14:55.421978 [info ]: Finished parsing [  0.03s]
05:14:55.424053 [info ]: Cached model count updated: 11 models (estimate)
05:14:55.424071 [info ]: Cached model count updated: 11 models (accurate)
05:14:55.424123 [info ]: Started scheduling
05:14:55.424181 [info ]: Finished scheduling [  0.00s]
05:14:55.424193 [debug]: Incremental compilation - 0 nodes selected: {}
05:14:55.424207 [warn ]: dbt1600: The selection criterion '' does not match any enabled nodes
05:14:55.424214 [warn ]: dbt1601: Nothing to do. Try checking your model configs and model specification args
05:14:55.424832 [info ]: Started deferring state
05:14:55.424850 [info ]: Finished deferring state [  0.00s]
05:14:55.425286 [info ]: Started downloading schemas
05:14:55.425324 [debug]:    Started downloading relations
05:14:55.425347 [debug]:   Finished [  0.00s] downloading relations
05:14:55.425362 [info ]: Finished downloading schemas [  0.00s]
05:14:55.680478 [info ]: Started building task graph
05:14:55.680538 [info ]: Finished building task graph [  0.00s]
05:14:55.688215 [info ]: Cached model count updated: 11 models (accurate)
05:14:59.078526 [info ]: Started loading project
05:14:59.079281 [info ]: Loading profiles.yml
05:14:59.090049 [info ]: Started parsing
05:14:59.109786 [info ]: Finished loading project [  0.03s]
05:14:59.113826 [debug]: Finished parsing models\silver\silver_bookings.sql [  0.00s]
05:14:59.114746 [info ]: Finished parsing [  0.02s]
05:14:59.116703 [info ]: Cached model count updated: 11 models (estimate)
05:14:59.116719 [info ]: Cached model count updated: 11 models (accurate)
05:14:59.116773 [info ]: Started scheduling
05:14:59.116890 [info ]: Finished scheduling [  0.00s]
05:14:59.116904 [debug]: Incremental compilation - 2 nodes selected: {"analysis.aws_dbt_snowflake_project.explore", "model.aws_dbt_snowflake_project.silver_bookings"}
05:14:59.117434 [info ]: Started deferring state
05:14:59.117449 [info ]: Finished deferring state [  0.00s]
05:14:59.117805 [info ]: Started downloading schemas
05:14:59.117847 [debug]:    Started downloading relations
05:14:59.117868 [debug]:   Finished [  0.00s] downloading relations
05:14:59.117881 [info ]: Finished downloading schemas [  0.00s]
05:14:59.249852 [info ]: Started building task graph
05:14:59.249932 [info ]: Finished building task graph [  0.00s]
05:14:59.250100 [info ]: Started rendering (2 nodes)
05:14:59.250115 [info ]: Started analysis DBT_SCHEMA.explore
05:14:59.250133 [debug]: Started rendering analysis DBT_SCHEMA.explore
05:14:59.250150 [info ]: Started model silver.silver_bookings
05:14:59.250158 [debug]: Started rendering model silver.silver_bookings
05:14:59.250723 [debug]: Compiled SQL for node analysis.aws_dbt_snowflake_project.explore at target\.lsp\compiled\analyses\explore.sql
05:14:59.251735 [debug]: Compiled SQL for node model.aws_dbt_snowflake_project.silver_bookings at target\.lsp\compiled\models\silver\silver_bookings.sql
05:14:59.252694 [debug]: Finished rendering [  0.00s] analysis DBT_SCHEMA.explore [success]
05:14:59.252744 [debug]: Finished rendering [  0.00s] model silver.silver_bookings [success]
05:14:59.252754 [info ]: Finished rendering [  0.00s] (2 nodes, 0 skipped, 0 errors)
05:14:59.252777 [info ]: Started analyzing (2 nodes)
05:14:59.252789 [debug]: Started analyzing model silver.silver_bookings
05:14:59.255061 [info ]:  Succeeded [  0.00s] model silver.silver_bookings (incremental)
05:14:59.255089 [debug]: Finished analyzing [  0.00s] model silver.silver_bookings [success]
05:14:59.255109 [debug]: Started analyzing analysis DBT_SCHEMA.explore
05:14:59.256263 [info ]:  Succeeded [  0.00s] analysis DBT_SCHEMA.explore (analysis)
05:14:59.256295 [debug]: Finished analyzing [  0.00s] analysis DBT_SCHEMA.explore [success]
05:14:59.256304 [info ]: Finished analyzing [  0.00s] (2 nodes, 0 skipped, 0 errors)
05:14:59.260470 [info ]: Cached model count updated: 11 models (accurate)
05:14:59.405839 [info ]: Started loading project
05:14:59.407285 [info ]: Loading profiles.yml
05:14:59.423453 [info ]: Started parsing
05:14:59.465704 [info ]: Finished loading project [  0.06s]
05:14:59.470015 [info ]: Finished parsing [  0.05s]
05:14:59.472105 [info ]: Cached model count updated: 11 models (estimate)
05:14:59.472124 [info ]: Cached model count updated: 11 models (accurate)
05:14:59.472200 [info ]: Started scheduling
05:14:59.472274 [info ]: Finished scheduling [  0.00s]
05:14:59.472290 [debug]: Incremental compilation - 0 nodes selected: {}
05:14:59.472309 [warn ]: dbt1600: The selection criterion '' does not match any enabled nodes
05:14:59.472322 [warn ]: dbt1601: Nothing to do. Try checking your model configs and model specification args
05:14:59.472942 [info ]: Started deferring state
05:14:59.472967 [info ]: Finished deferring state [  0.00s]
05:14:59.473448 [info ]: Started downloading schemas
05:14:59.473499 [debug]:    Started downloading relations
05:14:59.473534 [debug]:   Finished [  0.00s] downloading relations
05:14:59.473559 [info ]: Finished downloading schemas [  0.00s]
05:14:59.595207 [info ]: Started building task graph
05:14:59.595265 [info ]: Finished building task graph [  0.00s]
05:14:59.599355 [info ]: Cached model count updated: 11 models (accurate)
05:15:49.123624 [info ]: Started loading project
05:15:49.124712 [info ]: Loading profiles.yml
05:15:49.134569 [info ]: Started parsing
05:15:49.158909 [info ]: Finished loading project [  0.04s]
05:15:49.162967 [debug]: Finished parsing models\gold\ephemeral\fact.sql [  0.00s]
05:15:49.163461 [info ]: Finished parsing [  0.03s]
05:15:49.165456 [info ]: Cached model count updated: 11 models (estimate)
05:15:49.165472 [info ]: Cached model count updated: 11 models (accurate)
05:15:49.165522 [info ]: Started scheduling
05:15:49.165639 [info ]: Finished scheduling [  0.00s]
05:15:49.165652 [debug]: Incremental compilation - 1 nodes selected: {"model.aws_dbt_snowflake_project.fact"}
05:15:49.166181 [info ]: Started deferring state
05:15:49.166196 [info ]: Finished deferring state [  0.00s]
05:15:49.166635 [info ]: Started downloading schemas
05:15:49.166669 [debug]:    Started downloading relations
05:15:49.166695 [debug]:   Finished [  0.00s] downloading relations
05:15:49.166708 [info ]: Finished downloading schemas [  0.00s]
05:15:49.364847 [info ]: Started building task graph
05:15:49.364902 [info ]: Finished building task graph [  0.00s]
05:15:49.365021 [info ]: Started rendering (1 nodes)
05:15:49.365035 [info ]: Started model gold.fact
05:15:49.365045 [debug]: Started rendering model gold.fact
05:15:49.368059 [debug]: Compiled SQL for node model.aws_dbt_snowflake_project.fact at target\.lsp\compiled\models\gold\ephemeral\fact.sql
05:15:49.368153 [debug]: Finished rendering [  0.00s] model gold.fact [success]
05:15:49.368176 [info ]: Finished rendering [  0.00s] (1 nodes, 0 skipped, 0 errors)
05:15:49.368207 [info ]: Started analyzing (1 nodes)
05:15:49.368220 [debug]: Started analyzing model gold.fact
05:15:49.378895 [info ]:  Succeeded [  0.01s] model gold.fact (ephemeral)
05:15:49.378950 [debug]: Finished analyzing [  0.01s] model gold.fact [success]
05:15:49.378957 [info ]: Finished analyzing [  0.01s] (1 nodes, 0 skipped, 0 errors)
05:15:49.383376 [info ]: Cached model count updated: 11 models (accurate)
05:15:49.419259 [info ]: Started loading project
05:15:49.420418 [info ]: Loading profiles.yml
05:15:49.426160 [info ]: Started parsing
05:15:49.442487 [info ]: Finished loading project [  0.02s]
05:15:49.445601 [info ]: Finished parsing [  0.02s]
05:15:49.447682 [info ]: Cached model count updated: 11 models (estimate)
05:15:49.447697 [info ]: Cached model count updated: 11 models (accurate)
05:15:49.447744 [info ]: Started scheduling
05:15:49.447797 [info ]: Finished scheduling [  0.00s]
05:15:49.447808 [debug]: Incremental compilation - 0 nodes selected: {}
05:15:49.447821 [warn ]: dbt1600: The selection criterion '' does not match any enabled nodes
05:15:49.447827 [warn ]: dbt1601: Nothing to do. Try checking your model configs and model specification args
05:15:49.448356 [info ]: Started deferring state
05:15:49.448373 [info ]: Finished deferring state [  0.00s]
05:15:49.448747 [info ]: Started downloading schemas
05:15:49.448777 [debug]:    Started downloading relations
05:15:49.448798 [debug]:   Finished [  0.00s] downloading relations
05:15:49.448810 [info ]: Finished downloading schemas [  0.00s]
05:15:49.587981 [info ]: Started building task graph
05:15:49.588035 [info ]: Finished building task graph [  0.00s]
05:15:49.591572 [info ]: Cached model count updated: 11 models (accurate)
05:28:10.766169 [info ]: Started loading project
05:28:10.778599 [info ]: Loading profiles.yml
05:28:10.806927 [info ]: Started parsing
05:28:10.849096 [info ]: Finished loading project [  0.08s]
05:28:10.863210 [debug]: Finished parsing models\gold\ephemeral\fact.sql [  0.01s]
05:28:10.864266 [info ]: Finished parsing [  0.06s]
05:28:10.866628 [info ]: Cached model count updated: 11 models (estimate)
05:28:10.866642 [info ]: Cached model count updated: 11 models (accurate)
05:28:10.866707 [info ]: Started scheduling
05:28:10.866828 [info ]: Finished scheduling [  0.00s]
05:28:10.866839 [debug]: Incremental compilation - 1 nodes selected: {"model.aws_dbt_snowflake_project.fact"}
05:28:10.870528 [info ]: Started deferring state
05:28:10.870546 [info ]: Finished deferring state [  0.00s]
05:28:10.875428 [info ]: Started downloading schemas
05:28:10.876081 [debug]:    Started downloading relations
05:28:10.876121 [debug]:   Finished [  0.00s] downloading relations
05:28:10.876153 [info ]: Finished downloading schemas [  0.00s]
05:28:11.718768 [info ]: Started building task graph
05:28:11.718857 [info ]: Finished building task graph [  0.00s]
05:28:11.879202 [info ]: Cached model count updated: 11 models (accurate)
05:28:12.349807 [info ]: Started loading project
05:28:12.373898 [info ]: Loading profiles.yml
05:28:12.579695 [info ]: Started parsing
05:28:12.629103 [info ]: Finished loading project [  0.28s]
05:28:13.135327 [debug]: Finished parsing models\gold\ephemeral\fact.sql [  0.00s]
05:28:13.135956 [info ]: Finished parsing [  0.56s]
05:28:13.138229 [info ]: Cached model count updated: 11 models (estimate)
05:28:13.138245 [info ]: Cached model count updated: 11 models (accurate)
05:28:13.138311 [info ]: Started scheduling
05:28:13.138405 [info ]: Finished scheduling [  0.00s]
05:28:13.138418 [debug]: Incremental compilation - 1 nodes selected: {"model.aws_dbt_snowflake_project.fact"}
05:28:13.138917 [info ]: Started deferring state
05:28:13.138936 [info ]: Finished deferring state [  0.00s]
05:28:13.419813 [info ]: Started downloading schemas
05:28:13.437007 [debug]:    Started downloading relations
05:28:13.437134 [debug]:   Finished [  0.00s] downloading relations
05:28:13.437203 [info ]: Finished downloading schemas [  0.02s]
05:28:14.256802 [info ]: Started building task graph
05:28:14.256903 [info ]: Finished building task graph [  0.00s]
05:28:14.257191 [info ]: Started rendering (1 nodes)
05:28:14.257232 [info ]: Started model gold.fact
05:28:14.257259 [debug]: Started rendering model gold.fact
05:28:14.263407 [debug]: Compiled SQL for node model.aws_dbt_snowflake_project.fact at target\.lsp\compiled\models\gold\ephemeral\fact.sql
05:28:14.263539 [info ]: Started analyzing (1 nodes)
05:28:14.263558 [debug]: Started analyzing model gold.fact
05:28:14.263622 [debug]: Finished rendering [  0.01s] model gold.fact [success]
05:28:14.263649 [info ]: Finished rendering [  0.01s] (1 nodes, 0 skipped, 0 errors)
05:28:14.301387 [info ]:  Succeeded [  0.04s] model gold.fact (ephemeral)
05:28:14.301430 [debug]: Finished analyzing [  0.04s] model gold.fact [success]
05:28:14.301441 [info ]: Finished analyzing [  0.04s] (1 nodes, 0 skipped, 0 errors)
05:28:14.308648 [info ]: Cached model count updated: 11 models (accurate)
05:30:40.761802 [info ]: Started loading project
05:30:40.765281 [info ]: Loading profiles.yml
05:30:40.780387 [info ]: Started loading project
05:30:40.781027 [info ]: Loading profiles.yml
05:30:40.781163 [info ]: Finished loading project [  0.02s]
05:30:40.822388 [debug]:    Started loading packages
05:30:40.833355 [debug]:     Loaded [  0.01s] packages
05:30:40.851001 [info ]: Started parsing
05:30:40.942301 [info ]: Finished loading project [  0.16s]
05:30:40.961961 [debug]: Finished parsing models\sources\sources.yml [  0.01s]
05:30:40.964207 [debug]: Finished parsing snapshots\dim_bookings.yml [  0.00s]
05:30:40.965392 [debug]: Finished parsing snapshots\dim_hosts.yml [  0.00s]
05:30:40.966123 [debug]: Finished parsing snapshots\dim_listings.yml [  0.00s]
05:30:40.991459 [debug]: Finished parsing target\snapshots\dim_bookings.sql [  0.01s]
05:30:40.992672 [debug]: Finished parsing target\snapshots\dim_hosts.sql [  0.00s]
05:30:40.999320 [debug]: Finished parsing target\snapshots\dim_listings.sql [  0.01s]
05:30:41.003449 [debug]: Finished parsing models\bronze\bronze_bookings.sql [  0.00s]
05:30:41.005741 [debug]: Finished parsing models\bronze\bronze_hosts.sql [  0.00s]
05:30:41.007991 [debug]: Finished parsing models\bronze\bronze_listings.sql [  0.00s]
05:30:41.011076 [debug]: Finished parsing models\gold\ephemeral\bookings.sql [  0.00s]
05:30:41.011132 [debug]: Finished parsing models\gold\ephemeral\fact.sql [  0.00s]
05:30:41.011146 [debug]: Finished parsing models\gold\ephemeral\hosts.sql [  0.00s]
05:30:41.011931 [debug]: Finished parsing models\gold\ephemeral\listings.sql [  0.00s]
05:30:41.012939 [debug]: Finished parsing models\gold\obt.sql [  0.00s]
05:30:41.014446 [debug]: Finished parsing models\silver\silver_bookings.sql [  0.00s]
05:30:41.015197 [debug]: Finished parsing models\silver\silver_hosts.sql [  0.00s]
05:30:41.028228 [debug]: Finished parsing models\silver\silver_listings.sql [  0.01s]
05:30:41.037747 [info ]: Finished parsing [  0.19s]
05:30:41.112515 [info ]: Started loading project
05:30:41.113100 [info ]: Loading profiles.yml
05:30:41.116708 [debug]:    Started loading packages
05:30:41.123146 [debug]:     Loaded [  0.01s] packages
05:30:41.124072 [info ]: Started parsing
05:30:41.150691 [info ]: Finished loading project [  0.04s]
05:30:41.152844 [debug]: Finished parsing models\sources\sources.yml [  0.00s]
05:30:41.154001 [debug]: Finished parsing snapshots\dim_bookings.yml [  0.00s]
05:30:41.154983 [debug]: Finished parsing snapshots\dim_hosts.yml [  0.00s]
05:30:41.155576 [debug]: Finished parsing snapshots\dim_listings.yml [  0.00s]
05:30:41.166852 [debug]: Finished parsing target\snapshots\dim_bookings.sql [  0.00s]
05:30:41.168518 [debug]: Finished parsing target\snapshots\dim_hosts.sql [  0.00s]
05:30:41.173362 [debug]: Finished parsing target\snapshots\dim_listings.sql [  0.01s]
05:30:41.176545 [debug]: Finished parsing models\bronze\bronze_bookings.sql [  0.00s]
05:30:41.178411 [debug]: Finished parsing models\bronze\bronze_hosts.sql [  0.00s]
05:30:41.180145 [debug]: Finished parsing models\bronze\bronze_listings.sql [  0.00s]
05:30:41.182506 [debug]: Finished parsing models\gold\ephemeral\bookings.sql [  0.00s]
05:30:41.184103 [debug]: Finished parsing models\gold\ephemeral\fact.sql [  0.00s]
05:30:41.185476 [debug]: Finished parsing models\gold\ephemeral\hosts.sql [  0.00s]
05:30:41.187027 [debug]: Finished parsing models\gold\ephemeral\listings.sql [  0.00s]
05:30:41.188636 [debug]: Finished parsing models\gold\obt.sql [  0.00s]
05:30:41.190532 [debug]: Finished parsing models\silver\silver_bookings.sql [  0.00s]
05:30:41.191954 [debug]: Finished parsing models\silver\silver_hosts.sql [  0.00s]
05:30:41.207978 [debug]: Finished parsing models\silver\silver_listings.sql [  0.02s]
05:30:41.215226 [debug]: Finished parsing analyses\If_else.sql [  0.00s]
05:30:41.216505 [debug]: Finished parsing analyses\explore.sql [  0.00s]
05:30:41.223600 [debug]: Finished parsing analyses\for_loop.sql [  0.01s]
05:30:41.231570 [info ]: Finished parsing [  0.11s]
05:30:41.233555 [info ]: Cached model count updated: 11 models (estimate)
05:30:41.233588 [info ]: Cached model count updated: 11 models (accurate)
05:30:41.233693 [info ]: Started scheduling
05:30:41.238311 [info ]: Finished scheduling [  0.00s]
05:30:41.238391 [info ]: Started scheduling
05:30:41.238873 [info ]: Finished scheduling [  0.00s]
05:30:41.242330 [debug]: Initializing schema store with entry: Selected("snapshot.aws_dbt_snowflake_project.dim_listings") and interval: None
05:30:41.242947 [debug]: Initializing schema store with entry: Selected("snapshot.aws_dbt_snowflake_project.dim_bookings") and interval: None
05:30:41.243244 [debug]: Initializing schema store with entry: Selected("snapshot.aws_dbt_snowflake_project.dim_hosts") and interval: None
05:30:41.244464 [debug]: Initializing schema store with entry: Frontier(CanonicalFqn { catalog: "AIRBNB", schema: "STAGING", table: "HOSTS" }) and interval: None
05:30:41.244674 [debug]: Initializing schema store with entry: Frontier(CanonicalFqn { catalog: "AIRBNB", schema: "STAGING", table: "LISTINGS" }) and interval: None
05:30:41.244848 [debug]: Initializing schema store with entry: Frontier(CanonicalFqn { catalog: "AIRBNB", schema: "STAGING", table: "BOOKINGS" }) and interval: None
05:30:41.246910 [info ]: Started deferring state
05:30:41.247388 [info ]: Finished deferring state [  0.00s]
05:30:41.249568 [info ]: Started downloading schemas
05:30:41.249824 [debug]:    Started downloading relations
05:30:41.564157 [info ]: Loading profiles.yml
05:30:42.978710 [debug]: Query executed on node unknown:
SHOW OBJECTS IN SCHEMA "AIRBNB"."BRONZE" LIMIT 10000
05:30:43.508862 [debug]:   Finished [  2.26s] downloading relations
05:30:44.761483 [debug]: Query executed on node unknown:
describe table "AIRBNB"."BRONZE"."BRONZE_BOOKINGS"
05:30:44.763112 [debug]: Query executed on node unknown:
describe table "AIRBNB"."BRONZE"."BRONZE_HOSTS"
05:30:44.957343 [debug]: Query executed on node unknown:
describe table "AIRBNB"."SILVER"."SILVER_BOOKINGS"
05:30:44.966312 [debug]: Query executed on node unknown:
describe table "AIRBNB"."BRONZE"."BRONZE_LISTINGS"
05:30:45.267275 [debug]: Query executed on node unknown:
describe table "AIRBNB"."SILVER"."SILVER_HOSTS"
05:30:45.272846 [debug]: Query executed on node unknown:
describe table "AIRBNB"."SILVER"."SILVER_LISTINGS"
05:30:45.558865 [info ]: Downloaded AIRBNB.bronze.bronze_bookings (schema)
05:30:45.565606 [info ]: Downloaded AIRBNB.bronze.bronze_hosts (schema)
05:30:45.567619 [info ]: Downloaded AIRBNB.bronze.bronze_listings (schema)
05:30:45.569547 [info ]: Downloaded AIRBNB.silver.silver_bookings (schema)
05:30:45.571564 [info ]: Downloaded AIRBNB.silver.silver_hosts (schema)
05:30:45.573403 [info ]: Downloaded AIRBNB.silver.silver_listings (schema)
05:30:45.967243 [info ]: Started building task graph
05:30:45.969682 [info ]: Finished building task graph [  0.00s]
05:30:45.972692 [info ]: Started rendering (17 nodes)
05:30:45.972772 [info ]: Started model gold.fact
05:30:45.972815 [debug]: Started rendering model gold.fact
05:30:45.972893 [info ]: Started model bronze.bronze_listings
05:30:45.972941 [debug]: Started rendering model bronze.bronze_listings
05:30:45.972978 [info ]: Started model bronze.bronze_hosts
05:30:45.972980 [info ]: Finished downloading schemas [  4.72s]
05:30:45.973000 [debug]: Started rendering model bronze.bronze_hosts
05:30:45.973033 [info ]: Started model gold.obt
05:30:45.973055 [debug]: Started rendering model gold.obt
05:30:45.974048 [info ]: Started analysis DBT_SCHEMA.for_loop
05:30:45.974098 [debug]: Started rendering analysis DBT_SCHEMA.for_loop
05:30:45.974147 [info ]: Started analysis DBT_SCHEMA.explore
05:30:45.974172 [debug]: Started rendering analysis DBT_SCHEMA.explore
05:30:45.974231 [info ]: Started analysis DBT_SCHEMA.If_else
05:30:45.974284 [debug]: Started rendering analysis DBT_SCHEMA.If_else
05:30:45.974330 [info ]: Started model bronze.bronze_bookings
05:30:45.974357 [debug]: Started rendering model bronze.bronze_bookings
05:30:45.984712 [debug]: Compiled SQL for node model.aws_dbt_snowflake_project.fact at target\.lsp\compiled\models\gold\ephemeral\fact.sql
05:30:45.984901 [info ]: Started analyzing (17 nodes)
05:30:45.984936 [debug]: Started analyzing model gold.fact
05:30:45.986509 [debug]: Compiled SQL for node model.aws_dbt_snowflake_project.obt at target\.lsp\compiled\models\gold\obt.sql
05:30:45.986815 [debug]: Started analyzing model gold.obt
05:30:45.987064 [debug]: Finished rendering [  0.01s] model gold.fact [success]
05:30:45.987137 [debug]: Finished rendering [  0.01s] model gold.obt [success]
05:30:45.988586 [debug]: Compiled SQL for node analysis.aws_dbt_snowflake_project.explore at target\.lsp\compiled\analyses\explore.sql
05:30:45.988767 [debug]: Finished rendering [  0.01s] analysis DBT_SCHEMA.explore [success]
05:30:45.990532 [debug]: Compiled SQL for node analysis.aws_dbt_snowflake_project.for_loop at target\.lsp\compiled\analyses\for_loop.sql
05:30:45.990676 [debug]: Finished rendering [  0.02s] analysis DBT_SCHEMA.for_loop [success]
05:30:45.990741 [debug]: Compiled SQL for node analysis.aws_dbt_snowflake_project.If_else at target\.lsp\compiled\analyses\If_else.sql
05:30:45.990793 [debug]: Finished rendering [  0.02s] analysis DBT_SCHEMA.If_else [success]
05:30:46.006170 [debug]: Compiled SQL for node model.aws_dbt_snowflake_project.bronze_listings at target\.lsp\compiled\models\bronze\bronze_listings.sql
05:30:46.006336 [debug]: Started analyzing model bronze.bronze_listings
05:30:46.007431 [debug]: Finished rendering [  0.03s] model bronze.bronze_listings [success]
05:30:46.008101 [debug]: Compiled SQL for node model.aws_dbt_snowflake_project.bronze_hosts at target\.lsp\compiled\models\bronze\bronze_hosts.sql
05:30:46.008273 [debug]: Started analyzing model bronze.bronze_hosts
05:30:46.008335 [debug]: Compiled SQL for node model.aws_dbt_snowflake_project.bronze_bookings at target\.lsp\compiled\models\bronze\bronze_bookings.sql
05:30:46.008342 [debug]: Finished rendering [  0.04s] model bronze.bronze_hosts [success]
05:30:46.008974 [debug]: Finished rendering [  0.03s] model bronze.bronze_bookings [success]
05:30:46.009098 [debug]: Started analyzing model bronze.bronze_bookings
05:30:46.029621 [info ]:  Succeeded [  0.06s] model gold.obt (table)
05:30:46.029668 [debug]: Finished analyzing [  0.04s] model gold.obt [success]
05:30:46.029701 [info ]: Started model gold.listings
05:30:46.029719 [debug]: Started rendering model gold.listings
05:30:46.029762 [info ]: Started model gold.bookings
05:30:46.029783 [debug]: Started rendering model gold.bookings
05:30:46.029865 [info ]: Started model gold.hosts
05:30:46.029884 [debug]: Started rendering model gold.hosts
05:30:46.034975 [debug]: Compiled SQL for node model.aws_dbt_snowflake_project.hosts at target\.lsp\compiled\models\gold\ephemeral\hosts.sql
05:30:46.035102 [debug]: Started analyzing model gold.hosts
05:30:46.035119 [debug]: Finished rendering [  0.01s] model gold.hosts [success]
05:30:46.036903 [debug]: Compiled SQL for node model.aws_dbt_snowflake_project.listings at target\.lsp\compiled\models\gold\ephemeral\listings.sql
05:30:46.037028 [debug]: Started analyzing model gold.listings
05:30:46.037172 [debug]: Compiled SQL for node model.aws_dbt_snowflake_project.bookings at target\.lsp\compiled\models\gold\ephemeral\bookings.sql
05:30:46.037433 [debug]: Finished rendering [  0.01s] model gold.listings [success]
05:30:46.037599 [debug]: Finished rendering [  0.01s] model gold.bookings [success]
05:30:46.037675 [debug]: Started analyzing model gold.bookings
05:30:46.044579 [info ]:  Succeeded [  0.01s] model gold.listings (ephemeral)
05:30:46.044642 [debug]: Finished analyzing [  0.01s] model gold.listings [success]
05:30:46.044702 [info ]: Started snapshot gold.dim_listings
05:30:46.044731 [debug]: Started rendering snapshot gold.dim_listings
05:30:46.044777 [info ]:  Succeeded [  0.01s] model gold.bookings (ephemeral)
05:30:46.044804 [debug]: Finished analyzing [  0.01s] model gold.bookings [success]
05:30:46.044833 [info ]: Started snapshot gold.dim_bookings
05:30:46.044849 [debug]: Started rendering snapshot gold.dim_bookings
05:30:46.044876 [info ]:  Succeeded [  0.01s] model gold.hosts (ephemeral)
05:30:46.044899 [debug]: Finished analyzing [  0.01s] model gold.hosts [success]
05:30:46.044927 [info ]: Started snapshot gold.dim_hosts
05:30:46.044942 [debug]: Started rendering snapshot gold.dim_hosts
05:30:46.048935 [debug]: Compiled SQL for node snapshot.aws_dbt_snowflake_project.dim_hosts at target\.lsp\compiled\snapshots\dim_hosts.sql
05:30:46.048940 [debug]: Compiled SQL for node snapshot.aws_dbt_snowflake_project.dim_bookings at target\.lsp\compiled\snapshots\dim_bookings.sql
05:30:46.049052 [debug]: Compiled SQL for node snapshot.aws_dbt_snowflake_project.dim_listings at target\.lsp\compiled\snapshots\dim_listings.sql
05:30:46.049099 [debug]: Started analyzing snapshot gold.dim_hosts
05:30:46.049136 [debug]: Finished rendering [  0.00s] snapshot gold.dim_hosts [success]
05:30:46.049158 [debug]: Finished rendering [  0.00s] snapshot gold.dim_bookings [success]
05:30:46.049197 [debug]: Started analyzing snapshot gold.dim_bookings
05:30:46.049232 [debug]: Finished rendering [  0.00s] snapshot gold.dim_listings [success]
05:30:46.049254 [debug]: Started analyzing snapshot gold.dim_listings
05:30:46.054204 [info ]:  Succeeded [  0.01s] snapshot gold.dim_hosts (table)
05:30:46.054262 [debug]: Finished analyzing [  0.01s] snapshot gold.dim_hosts [success]
05:30:46.055507 [info ]:  Succeeded [  0.01s] snapshot gold.dim_listings (table)
05:30:46.055544 [debug]: Finished analyzing [  0.01s] snapshot gold.dim_listings [success]
05:30:46.060754 [info ]:  Succeeded [  0.01s] snapshot gold.dim_bookings (table)
05:30:46.060801 [debug]: Finished analyzing [  0.01s] snapshot gold.dim_bookings [success]
05:30:46.062356 [info ]:  Succeeded [  0.09s] model bronze.bronze_bookings (incremental)
05:30:46.062400 [debug]: Finished analyzing [  0.05s] model bronze.bronze_bookings [success]
05:30:46.062437 [debug]: Started analyzing analysis DBT_SCHEMA.for_loop
05:30:46.062478 [debug]: Started analyzing analysis DBT_SCHEMA.If_else
05:30:46.062511 [info ]: Started model silver.silver_bookings
05:30:46.062539 [debug]: Started rendering model silver.silver_bookings
05:30:46.062574 [info ]:  Succeeded [  0.09s] model bronze.bronze_hosts (incremental)
05:30:46.062601 [debug]: Finished analyzing [  0.05s] model bronze.bronze_hosts [success]
05:30:46.062626 [info ]: Started model silver.silver_hosts
05:30:46.062642 [debug]: Started rendering model silver.silver_hosts
05:30:46.063195 [info ]:  Succeeded [  0.09s] model bronze.bronze_listings (incremental)
05:30:46.063249 [debug]: Finished analyzing [  0.06s] model bronze.bronze_listings [success]
05:30:46.063292 [info ]: Started model silver.silver_listings
05:30:46.063316 [debug]: Started rendering model silver.silver_listings
05:30:46.066439 [info ]:  Succeeded [  0.02s] analysis DBT_SCHEMA.for_loop (analysis)
05:30:46.066497 [debug]: Finished analyzing [  0.00s] analysis DBT_SCHEMA.for_loop [success]
05:30:46.066940 [info ]:  Succeeded [  0.02s] analysis DBT_SCHEMA.If_else (analysis)
05:30:46.067398 [debug]: Compiled SQL for node model.aws_dbt_snowflake_project.silver_hosts at target\.lsp\compiled\models\silver\silver_hosts.sql
05:30:46.066984 [debug]: Finished analyzing [  0.00s] analysis DBT_SCHEMA.If_else [success]
05:30:46.068372 [debug]: Finished rendering [  0.01s] model silver.silver_hosts [success]
05:30:46.066427 [debug]: Compiled SQL for node model.aws_dbt_snowflake_project.silver_bookings at target\.lsp\compiled\models\silver\silver_bookings.sql
05:30:46.068417 [debug]: Started analyzing model silver.silver_hosts
05:30:46.068458 [debug]: Started analyzing model silver.silver_bookings
05:30:46.068477 [debug]: Finished rendering [  0.01s] model silver.silver_bookings [success]
05:30:46.070003 [debug]: Compiled SQL for node model.aws_dbt_snowflake_project.silver_listings at target\.lsp\compiled\models\silver\silver_listings.sql
05:30:46.070135 [debug]: Started analyzing model silver.silver_listings
05:30:46.070540 [debug]: Finished rendering [  0.01s] model silver.silver_listings [success]
05:30:46.070573 [info ]: Finished rendering [  0.10s] (17 nodes, 0 skipped, 0 errors)
05:30:46.073879 [info ]:  Succeeded [  0.01s] model silver.silver_bookings (incremental)
05:30:46.073943 [debug]: Finished analyzing [  0.01s] model silver.silver_bookings [success]
05:30:46.073985 [debug]: Started analyzing analysis DBT_SCHEMA.explore
05:30:46.077868 [info ]:  Succeeded [  0.02s] analysis DBT_SCHEMA.explore (analysis)
05:30:46.077930 [debug]: Finished analyzing [  0.00s] analysis DBT_SCHEMA.explore [success]
05:30:46.084933 [info ]:  Succeeded [  0.02s] model silver.silver_listings (incremental)
05:30:46.084978 [debug]: Finished analyzing [  0.01s] model silver.silver_listings [success]
05:30:46.085750 [info ]:  Succeeded [  0.02s] model silver.silver_hosts (incremental)
05:30:46.085792 [debug]: Finished analyzing [  0.02s] model silver.silver_hosts [success]
05:30:47.825930 [debug]: Query executed on node model.aws_dbt_snowflake_project.fact:
describe table "AIRBNB"."GOLD"."OBT"
05:30:47.974254 [debug]: Schema hydration: registering 1 schemas from db_runner
05:30:47.974305 [debug]: Schema hydration: parsing FQN string '"AIRBNB"."GOLD"."OBT"'
05:30:47.975771 [debug]: Schema hydration: registering cfqn=AIRBNB.GOLD.OBT (catalog='AIRBNB', schema='GOLD', table='OBT')
05:30:47.977742 [debug]: Schema hydration: registration succeeded for AIRBNB.GOLD.OBT, exists_check=true
05:30:47.993189 [info ]:  Succeeded [  2.02s] model gold.fact (ephemeral)
05:30:47.993281 [debug]: Finished analyzing [  2.01s] model gold.fact [success]
05:30:47.993300 [info ]: Finished analyzing [  2.01s] (17 nodes, 0 skipped, 0 errors)
05:30:48.004246 [info ]: Cached model count updated: 11 models (accurate)
05:32:04.833861 [info ]: Started loading project
05:32:04.834780 [info ]: Loading profiles.yml
05:32:04.841886 [info ]: Started loading project
05:32:04.842565 [info ]: Loading profiles.yml
05:32:04.842600 [info ]: Finished loading project [  0.01s]
05:32:04.847858 [debug]:    Started loading packages
05:32:04.852683 [debug]:     Loaded [  0.00s] packages
05:32:04.853538 [info ]: Started parsing
05:32:04.891783 [info ]: Finished loading project [  0.05s]
05:32:04.893821 [debug]: Finished parsing models\sources\sources.yml [  0.00s]
05:32:04.894765 [debug]: Finished parsing snapshots\dim_bookings.yml [  0.00s]
05:32:04.895120 [debug]: Finished parsing snapshots\dim_hosts.yml [  0.00s]
05:32:04.895385 [debug]: Finished parsing snapshots\dim_listings.yml [  0.00s]
05:32:04.900847 [debug]: Finished parsing target\snapshots\dim_bookings.sql [  0.00s]
05:32:04.903459 [debug]: Finished parsing target\snapshots\dim_hosts.sql [  0.00s]
05:32:04.905840 [debug]: Finished parsing target\snapshots\dim_listings.sql [  0.00s]
05:32:04.907493 [debug]: Finished parsing models\bronze\bronze_bookings.sql [  0.00s]
05:32:04.908365 [debug]: Finished parsing models\bronze\bronze_hosts.sql [  0.00s]
05:32:04.909199 [debug]: Finished parsing models\bronze\bronze_listings.sql [  0.00s]
05:32:04.909845 [debug]: Finished parsing models\gold\ephemeral\bookings.sql [  0.00s]
05:32:04.911355 [debug]: Finished parsing models\gold\ephemeral\hosts.sql [  0.00s]
05:32:04.912502 [debug]: Finished parsing models\gold\ephemeral\listings.sql [  0.00s]
05:32:04.913871 [debug]: Finished parsing models\gold\fact.sql [  0.00s]
05:32:04.915021 [debug]: Finished parsing models\gold\obt.sql [  0.00s]
05:32:04.915850 [debug]: Finished parsing models\silver\silver_bookings.sql [  0.00s]
05:32:04.916780 [debug]: Finished parsing models\silver\silver_hosts.sql [  0.00s]
05:32:04.920769 [debug]: Finished parsing models\silver\silver_listings.sql [  0.00s]
05:32:04.922456 [debug]: Finished parsing analyses\If_else.sql [  0.00s]
05:32:04.923007 [debug]: Finished parsing analyses\explore.sql [  0.00s]
05:32:04.925634 [debug]: Finished parsing analyses\for_loop.sql [  0.00s]
05:32:04.926339 [info ]: Finished parsing [  0.07s]
05:32:04.927915 [info ]: Cached model count updated: 11 models (estimate)
05:32:04.927943 [info ]: Cached model count updated: 11 models (accurate)
05:32:04.928008 [info ]: Started scheduling
05:32:04.928185 [info ]: Finished scheduling [  0.00s]
05:32:04.928206 [info ]: Started scheduling
05:32:04.928308 [info ]: Finished scheduling [  0.00s]
05:32:04.928376 [debug]: Initializing schema store with entry: Selected("snapshot.aws_dbt_snowflake_project.dim_hosts") and interval: None
05:32:04.928447 [debug]: Initializing schema store with entry: Selected("snapshot.aws_dbt_snowflake_project.dim_bookings") and interval: None
05:32:04.928487 [debug]: Initializing schema store with entry: Selected("snapshot.aws_dbt_snowflake_project.dim_listings") and interval: None
05:32:04.928526 [debug]: Initializing schema store with entry: Frontier(CanonicalFqn { catalog: "AIRBNB", schema: "STAGING", table: "LISTINGS" }) and interval: None
05:32:04.928565 [debug]: Initializing schema store with entry: Frontier(CanonicalFqn { catalog: "AIRBNB", schema: "STAGING", table: "BOOKINGS" }) and interval: None
05:32:04.928599 [debug]: Initializing schema store with entry: Frontier(CanonicalFqn { catalog: "AIRBNB", schema: "STAGING", table: "HOSTS" }) and interval: None
05:32:04.929268 [info ]: Started deferring state
05:32:04.929287 [info ]: Finished deferring state [  0.00s]
05:32:04.930372 [info ]: Started downloading schemas
05:32:04.930506 [debug]:    Started downloading relations
05:32:06.144589 [debug]: Query executed on node unknown:
SHOW OBJECTS IN SCHEMA "AIRBNB"."BRONZE" LIMIT 10000
05:32:06.951275 [debug]:   Finished [  2.02s] downloading relations
05:32:07.954765 [debug]: Query executed on node unknown:
describe table "AIRBNB"."BRONZE"."BRONZE_BOOKINGS"
05:32:07.957064 [debug]: Query executed on node unknown:
describe table "AIRBNB"."BRONZE"."BRONZE_HOSTS"
05:32:08.113448 [debug]: Query executed on node unknown:
describe table "AIRBNB"."SILVER"."SILVER_BOOKINGS"
05:32:08.119275 [debug]: Query executed on node unknown:
describe table "AIRBNB"."BRONZE"."BRONZE_LISTINGS"
05:32:08.825494 [debug]: Query executed on node unknown:
describe table "AIRBNB"."SILVER"."SILVER_LISTINGS"
05:32:08.829091 [debug]: Query executed on node unknown:
describe table "AIRBNB"."SILVER"."SILVER_HOSTS"
05:32:09.129102 [info ]: Finished downloading schemas [  4.20s]
05:32:09.224927 [info ]: Started loading project
05:32:09.227509 [info ]: Loading profiles.yml
05:32:09.241376 [debug]:    Started loading packages
05:32:09.241871 [debug]:     Failed [  0.00s] packages (error: Operation cancelled)
05:32:09.242270 [info ]: Finished loading project [  0.02s]
05:32:09.330839 [info ]: Started loading project
05:32:09.332331 [info ]: Loading profiles.yml
05:32:09.344173 [debug]:    Started loading packages
05:32:09.354618 [debug]:     Loaded [  0.01s] packages
05:32:09.356566 [info ]: Started parsing
05:32:09.384830 [info ]: Finished loading project [  0.05s]
05:32:09.386412 [debug]: Finished parsing models\sources\sources.yml [  0.00s]
05:32:09.386644 [debug]: Finished parsing snapshots\dim_bookings.yml [  0.00s]
05:32:09.386827 [debug]: Finished parsing snapshots\dim_hosts.yml [  0.00s]
05:32:09.387043 [debug]: Finished parsing snapshots\dim_listings.yml [  0.00s]
05:32:09.391377 [debug]: Finished parsing target\snapshots\dim_bookings.sql [  0.00s]
05:32:09.394178 [debug]: Finished parsing target\snapshots\dim_hosts.sql [  0.00s]
05:32:09.395978 [debug]: Finished parsing target\snapshots\dim_listings.sql [  0.00s]
05:32:09.397733 [debug]: Finished parsing models\bronze\bronze_bookings.sql [  0.00s]
05:32:09.398560 [debug]: Finished parsing models\bronze\bronze_hosts.sql [  0.00s]
05:32:09.399204 [debug]: Finished parsing models\bronze\bronze_listings.sql [  0.00s]
05:32:09.399799 [debug]: Finished parsing models\gold\ephemeral\bookings.sql [  0.00s]
05:32:09.400624 [debug]: Finished parsing models\gold\ephemeral\hosts.sql [  0.00s]
05:32:09.401342 [debug]: Finished parsing models\gold\ephemeral\listings.sql [  0.00s]
05:32:09.402147 [debug]: Finished parsing models\gold\fact.sql [  0.00s]
05:32:09.403003 [debug]: Finished parsing models\gold\obt.sql [  0.00s]
05:32:09.403770 [debug]: Finished parsing models\silver\silver_bookings.sql [  0.00s]
05:32:09.404520 [debug]: Finished parsing models\silver\silver_hosts.sql [  0.00s]
05:32:09.407982 [debug]: Finished parsing models\silver\silver_listings.sql [  0.00s]
05:32:09.410368 [debug]: Finished parsing analyses\If_else.sql [  0.00s]
05:32:09.410838 [debug]: Finished parsing analyses\explore.sql [  0.00s]
05:32:09.413182 [debug]: Finished parsing analyses\for_loop.sql [  0.00s]
05:32:09.414589 [info ]: Finished parsing [  0.06s]
05:32:09.415282 [info ]: Cached model count updated: 11 models (estimate)
05:32:09.415292 [info ]: Cached model count updated: 11 models (accurate)
05:32:09.415328 [info ]: Started scheduling
05:32:09.415457 [info ]: Finished scheduling [  0.00s]
05:32:09.415469 [info ]: Started scheduling
05:32:09.415559 [info ]: Finished scheduling [  0.00s]
05:32:09.415612 [debug]: Initializing schema store with entry: Selected("snapshot.aws_dbt_snowflake_project.dim_bookings") and interval: None
05:32:09.415666 [debug]: Initializing schema store with entry: Selected("snapshot.aws_dbt_snowflake_project.dim_listings") and interval: None
05:32:09.415699 [debug]: Initializing schema store with entry: Selected("snapshot.aws_dbt_snowflake_project.dim_hosts") and interval: None
05:32:09.415729 [debug]: Initializing schema store with entry: Frontier(CanonicalFqn { catalog: "AIRBNB", schema: "STAGING", table: "HOSTS" }) and interval: None
05:32:09.415814 [debug]: Initializing schema store with entry: Frontier(CanonicalFqn { catalog: "AIRBNB", schema: "STAGING", table: "LISTINGS" }) and interval: None
05:32:09.415847 [debug]: Initializing schema store with entry: Frontier(CanonicalFqn { catalog: "AIRBNB", schema: "STAGING", table: "BOOKINGS" }) and interval: None
05:32:09.416371 [info ]: Started deferring state
05:32:09.416384 [info ]: Finished deferring state [  0.00s]
05:32:09.416678 [info ]: Started downloading schemas
05:32:09.416752 [debug]:    Started downloading relations
05:32:10.667649 [debug]: Query executed on node unknown:
SHOW OBJECTS IN SCHEMA "AIRBNB"."BRONZE" LIMIT 10000
05:32:11.110940 [debug]:   Finished [  1.69s] downloading relations
05:32:12.412334 [debug]: Query executed on node unknown:
describe table "AIRBNB"."BRONZE"."BRONZE_HOSTS"
05:32:12.418166 [debug]: Query executed on node unknown:
describe table "AIRBNB"."BRONZE"."BRONZE_BOOKINGS"
05:32:12.619287 [debug]: Query executed on node unknown:
describe table "AIRBNB"."SILVER"."SILVER_BOOKINGS"
05:32:12.624435 [debug]: Query executed on node unknown:
describe table "AIRBNB"."BRONZE"."BRONZE_LISTINGS"
05:32:12.920724 [debug]: Query executed on node unknown:
describe table "AIRBNB"."SILVER"."SILVER_HOSTS"
05:32:13.432025 [debug]: Query executed on node unknown:
describe table "AIRBNB"."SILVER"."SILVER_LISTINGS"
05:32:13.634629 [info ]: Downloaded AIRBNB.bronze.bronze_bookings (schema)
05:32:13.636797 [info ]: Downloaded AIRBNB.bronze.bronze_hosts (schema)
05:32:13.638635 [info ]: Downloaded AIRBNB.bronze.bronze_listings (schema)
05:32:13.640641 [info ]: Downloaded AIRBNB.silver.silver_bookings (schema)
05:32:13.644765 [info ]: Downloaded AIRBNB.silver.silver_hosts (schema)
05:32:13.647192 [info ]: Downloaded AIRBNB.silver.silver_listings (schema)
05:32:13.964825 [info ]: Started building task graph
05:32:13.965315 [info ]: Finished building task graph [  0.00s]
05:32:13.965724 [info ]: Started rendering (17 nodes)
05:32:13.965759 [info ]: Started model gold.fact
05:32:13.965783 [debug]: Started rendering model gold.fact
05:32:13.965829 [info ]: Started model bronze.bronze_listings
05:32:13.965845 [debug]: Started rendering model bronze.bronze_listings
05:32:13.965866 [info ]: Started model bronze.bronze_hosts
05:32:13.965880 [debug]: Started rendering model bronze.bronze_hosts
05:32:13.965902 [info ]: Started model gold.obt
05:32:13.965917 [debug]: Started rendering model gold.obt
05:32:13.965939 [info ]: Started analysis DBT_SCHEMA.for_loop
05:32:13.965931 [info ]: Finished downloading schemas [  4.55s]
05:32:13.965962 [debug]: Started rendering analysis DBT_SCHEMA.for_loop
05:32:13.965991 [info ]: Started analysis DBT_SCHEMA.explore
05:32:13.966007 [debug]: Started rendering analysis DBT_SCHEMA.explore
05:32:13.966075 [info ]: Started analysis DBT_SCHEMA.If_else
05:32:13.966092 [debug]: Started rendering analysis DBT_SCHEMA.If_else
05:32:13.966115 [info ]: Started model bronze.bronze_bookings
05:32:13.966134 [debug]: Started rendering model bronze.bronze_bookings
05:32:13.971784 [debug]: Compiled SQL for node analysis.aws_dbt_snowflake_project.for_loop at target\.lsp\compiled\analyses\for_loop.sql
05:32:13.971934 [debug]: Finished rendering [  0.01s] analysis DBT_SCHEMA.for_loop [success]
05:32:13.974482 [debug]: Compiled SQL for node model.aws_dbt_snowflake_project.bronze_hosts at target\.lsp\compiled\models\bronze\bronze_hosts.sql
05:32:13.974648 [info ]: Started analyzing (17 nodes)
05:32:13.974685 [debug]: Started analyzing model bronze.bronze_hosts
05:32:13.974957 [debug]: Compiled SQL for node model.aws_dbt_snowflake_project.fact at target\.lsp\compiled\models\gold\fact.sql
05:32:13.975347 [debug]: Started analyzing model gold.fact
05:32:13.977420 [debug]: Finished rendering [  0.01s] model gold.fact [success]
05:32:13.977506 [debug]: Finished rendering [  0.01s] model bronze.bronze_hosts [success]
05:32:13.981488 [debug]: Compiled SQL for node analysis.aws_dbt_snowflake_project.If_else at target\.lsp\compiled\analyses\If_else.sql
05:32:13.981637 [debug]: Finished rendering [  0.02s] analysis DBT_SCHEMA.If_else [success]
05:32:13.981706 [debug]: Compiled SQL for node analysis.aws_dbt_snowflake_project.explore at target\.lsp\compiled\analyses\explore.sql
05:32:13.981753 [debug]: Finished rendering [  0.02s] analysis DBT_SCHEMA.explore [success]
05:32:13.983688 [debug]: Compiled SQL for node model.aws_dbt_snowflake_project.obt at target\.lsp\compiled\models\gold\obt.sql
05:32:13.983838 [debug]: Started analyzing model gold.obt
05:32:13.983909 [debug]: Compiled SQL for node model.aws_dbt_snowflake_project.bronze_listings at target\.lsp\compiled\models\bronze\bronze_listings.sql
05:32:13.984049 [debug]: Started analyzing model bronze.bronze_listings
05:32:13.986224 [debug]: Compiled SQL for node model.aws_dbt_snowflake_project.bronze_bookings at target\.lsp\compiled\models\bronze\bronze_bookings.sql
05:32:13.986424 [debug]: Started analyzing model bronze.bronze_bookings
05:32:13.987493 [debug]: Finished rendering [  0.02s] model gold.obt [success]
05:32:13.987612 [debug]: Finished rendering [  0.02s] model bronze.bronze_bookings [success]
05:32:13.987684 [debug]: Finished rendering [  0.02s] model bronze.bronze_listings [success]
05:32:13.995117 [info ]:  Succeeded [  0.03s] model bronze.bronze_hosts (incremental)
05:32:13.995180 [debug]: Finished analyzing [  0.02s] model bronze.bronze_hosts [success]
05:32:13.995224 [info ]: Started model silver.silver_hosts
05:32:13.995249 [debug]: Started rendering model silver.silver_hosts
05:32:13.995393 [info ]:  Succeeded [  0.03s] model bronze.bronze_bookings (incremental)
05:32:13.995432 [debug]: Finished analyzing [  0.01s] model bronze.bronze_bookings [success]
05:32:13.995464 [debug]: Started analyzing analysis DBT_SCHEMA.for_loop
05:32:13.995500 [debug]: Started analyzing analysis DBT_SCHEMA.If_else
05:32:13.995528 [info ]: Started model silver.silver_bookings
05:32:13.995547 [debug]: Started rendering model silver.silver_bookings
05:32:13.995584 [info ]:  Succeeded [  0.03s] model bronze.bronze_listings (incremental)
05:32:13.995606 [debug]: Finished analyzing [  0.01s] model bronze.bronze_listings [success]
05:32:13.995629 [info ]: Started model silver.silver_listings
05:32:13.995644 [debug]: Started rendering model silver.silver_listings
05:32:13.999581 [info ]:  Succeeded [  0.01s] analysis DBT_SCHEMA.for_loop (analysis)
05:32:13.999643 [debug]: Finished analyzing [  0.00s] analysis DBT_SCHEMA.for_loop [success]
05:32:14.001233 [info ]:  Succeeded [  0.02s] analysis DBT_SCHEMA.If_else (analysis)
05:32:14.001292 [debug]: Finished analyzing [  0.01s] analysis DBT_SCHEMA.If_else [success]
05:32:14.001290 [debug]: Compiled SQL for node model.aws_dbt_snowflake_project.silver_hosts at target\.lsp\compiled\models\silver\silver_hosts.sql
05:32:14.001390 [debug]: Started analyzing model silver.silver_hosts
05:32:14.001677 [debug]: Finished rendering [  0.01s] model silver.silver_hosts [success]
05:32:14.002630 [debug]: Compiled SQL for node model.aws_dbt_snowflake_project.silver_bookings at target\.lsp\compiled\models\silver\silver_bookings.sql
05:32:14.003352 [debug]: Started analyzing model silver.silver_bookings
05:32:14.004632 [debug]: Compiled SQL for node model.aws_dbt_snowflake_project.silver_listings at target\.lsp\compiled\models\silver\silver_listings.sql
05:32:14.004721 [debug]: Started analyzing model silver.silver_listings
05:32:14.005352 [debug]: Finished rendering [  0.01s] model silver.silver_listings [success]
05:32:14.005416 [debug]: Finished rendering [  0.01s] model silver.silver_bookings [success]
05:32:14.009110 [info ]:  Succeeded [  0.01s] model silver.silver_hosts (incremental)
05:32:14.009174 [debug]: Finished analyzing [  0.01s] model silver.silver_hosts [success]
05:32:14.009224 [info ]:  Succeeded [  0.01s] model silver.silver_bookings (incremental)
05:32:14.009252 [debug]: Finished analyzing [  0.01s] model silver.silver_bookings [success]
05:32:14.009288 [debug]: Started analyzing analysis DBT_SCHEMA.explore
05:32:14.011331 [info ]:  Succeeded [  0.01s] model silver.silver_listings (incremental)
05:32:14.011429 [debug]: Finished analyzing [  0.01s] model silver.silver_listings [success]
05:32:14.011910 [info ]:  Succeeded [  0.02s] analysis DBT_SCHEMA.explore (analysis)
05:32:14.011953 [debug]: Finished analyzing [  0.00s] analysis DBT_SCHEMA.explore [success]
05:32:14.017855 [info ]:  Succeeded [  0.05s] model gold.obt (table)
05:32:14.017913 [debug]: Finished analyzing [  0.03s] model gold.obt [success]
05:32:14.017944 [info ]: Started model gold.bookings
05:32:14.017961 [debug]: Started rendering model gold.bookings
05:32:14.017990 [info ]: Started model gold.hosts
05:32:14.017999 [debug]: Started rendering model gold.hosts
05:32:14.018014 [info ]: Started model gold.listings
05:32:14.018023 [debug]: Started rendering model gold.listings
05:32:14.022306 [debug]: Compiled SQL for node model.aws_dbt_snowflake_project.listings at target\.lsp\compiled\models\gold\ephemeral\listings.sql
05:32:14.022424 [debug]: Started analyzing model gold.listings
05:32:14.022520 [debug]: Finished rendering [  0.00s] model gold.listings [success]
05:32:14.023061 [debug]: Compiled SQL for node model.aws_dbt_snowflake_project.hosts at target\.lsp\compiled\models\gold\ephemeral\hosts.sql
05:32:14.023137 [debug]: Started analyzing model gold.hosts
05:32:14.023199 [debug]: Compiled SQL for node model.aws_dbt_snowflake_project.bookings at target\.lsp\compiled\models\gold\ephemeral\bookings.sql
05:32:14.023281 [debug]: Finished rendering [  0.01s] model gold.hosts [success]
05:32:14.023298 [debug]: Started analyzing model gold.bookings
05:32:14.023314 [debug]: Finished rendering [  0.01s] model gold.bookings [success]
05:32:14.025573 [info ]:  Succeeded [  0.01s] model gold.bookings (ephemeral)
05:32:14.025628 [debug]: Finished analyzing [  0.00s] model gold.bookings [success]
05:32:14.025674 [info ]: Started snapshot gold.dim_bookings
05:32:14.025693 [debug]: Started rendering snapshot gold.dim_bookings
05:32:14.025725 [info ]:  Succeeded [  0.01s] model gold.listings (ephemeral)
05:32:14.025740 [debug]: Finished analyzing [  0.00s] model gold.listings [success]
05:32:14.025761 [info ]: Started snapshot gold.dim_listings
05:32:14.025814 [debug]: Started rendering snapshot gold.dim_listings
05:32:14.026992 [info ]:  Succeeded [  0.01s] model gold.hosts (ephemeral)
05:32:14.027040 [debug]: Finished analyzing [  0.00s] model gold.hosts [success]
05:32:14.027092 [info ]: Started snapshot gold.dim_hosts
05:32:14.027112 [debug]: Started rendering snapshot gold.dim_hosts
05:32:14.028815 [debug]: Compiled SQL for node snapshot.aws_dbt_snowflake_project.dim_listings at target\.lsp\compiled\snapshots\dim_listings.sql
05:32:14.028924 [debug]: Started analyzing snapshot gold.dim_listings
05:32:14.029197 [debug]: Compiled SQL for node snapshot.aws_dbt_snowflake_project.dim_bookings at target\.lsp\compiled\snapshots\dim_bookings.sql
05:32:14.029305 [debug]: Started analyzing snapshot gold.dim_bookings
05:32:14.029654 [debug]: Finished rendering [  0.00s] snapshot gold.dim_bookings [success]
05:32:14.029693 [debug]: Finished rendering [  0.00s] snapshot gold.dim_listings [success]
05:32:14.029962 [debug]: Compiled SQL for node snapshot.aws_dbt_snowflake_project.dim_hosts at target\.lsp\compiled\snapshots\dim_hosts.sql
05:32:14.030038 [debug]: Started analyzing snapshot gold.dim_hosts
05:32:14.030325 [debug]: Finished rendering [  0.00s] snapshot gold.dim_hosts [success]
05:32:14.030346 [info ]: Finished rendering [  0.06s] (17 nodes, 0 skipped, 0 errors)
05:32:14.032699 [info ]:  Succeeded [  0.01s] snapshot gold.dim_bookings (table)
05:32:14.032744 [debug]: Finished analyzing [  0.00s] snapshot gold.dim_bookings [success]
05:32:14.032846 [info ]:  Succeeded [  0.00s] snapshot gold.dim_hosts (table)
05:32:14.032869 [debug]: Finished analyzing [  0.00s] snapshot gold.dim_hosts [success]
05:32:14.033863 [info ]:  Succeeded [  0.01s] snapshot gold.dim_listings (table)
05:32:14.033923 [debug]: Finished analyzing [  0.00s] snapshot gold.dim_listings [success]
05:32:15.171113 [debug]: Query executed on node model.aws_dbt_snowflake_project.fact:
describe table "AIRBNB"."GOLD"."OBT"
05:32:15.923471 [debug]: Schema hydration: registering 1 schemas from db_runner
05:32:15.923547 [debug]: Schema hydration: parsing FQN string '"AIRBNB"."GOLD"."OBT"'
05:32:15.923570 [debug]: Schema hydration: registering cfqn=AIRBNB.GOLD.OBT (catalog='AIRBNB', schema='GOLD', table='OBT')
05:32:15.926803 [debug]: Schema hydration: registration succeeded for AIRBNB.GOLD.OBT, exists_check=true
05:32:15.960875 [info ]:  Succeeded [  1.99s] model gold.fact (table)
05:32:15.961039 [debug]: Finished analyzing [  1.99s] model gold.fact [success]
05:32:15.961069 [info ]: Finished analyzing [  1.99s] (17 nodes, 0 skipped, 0 errors)
05:32:15.972478 [info ]: Cached model count updated: 11 models (accurate)
05:33:33.111319 [info ]: Started loading project
05:33:33.112668 [info ]: Loading profiles.yml
05:33:33.128906 [info ]: Started parsing
05:33:33.179511 [info ]: Finished loading project [  0.07s]
05:33:33.187322 [debug]: Finished parsing models\gold\fact.sql [  0.00s]
05:33:33.188285 [info ]: Finished parsing [  0.06s]
05:33:33.192788 [info ]: Cached model count updated: 11 models (estimate)
05:33:33.192821 [info ]: Cached model count updated: 11 models (accurate)
05:33:33.192927 [info ]: Started scheduling
05:33:33.193174 [info ]: Finished scheduling [  0.00s]
05:33:33.193259 [debug]: Incremental compilation - 1 nodes selected: {"model.aws_dbt_snowflake_project.fact"}
05:33:33.194990 [info ]: Started deferring state
05:33:33.195039 [info ]: Finished deferring state [  0.00s]
05:33:33.197347 [info ]: Started downloading schemas
05:33:33.197439 [debug]:    Started downloading relations
05:33:33.197482 [debug]:   Finished [  0.00s] downloading relations
05:33:33.197512 [info ]: Finished downloading schemas [  0.00s]
05:33:33.425478 [info ]: Started building task graph
05:33:33.425635 [info ]: Finished building task graph [  0.00s]
05:33:33.432480 [info ]: Cached model count updated: 11 models (accurate)
05:33:33.503525 [info ]: Started loading project
05:33:33.504792 [info ]: Loading profiles.yml
05:33:33.517461 [info ]: Started parsing
05:33:33.553908 [info ]: Finished loading project [  0.05s]
05:33:33.563214 [debug]: Finished parsing models\gold\fact.sql [  0.00s]
05:33:33.564242 [info ]: Finished parsing [  0.05s]
05:33:33.568518 [info ]: Cached model count updated: 11 models (estimate)
05:33:33.568541 [info ]: Cached model count updated: 11 models (accurate)
05:33:33.568617 [info ]: Started scheduling
05:33:33.568779 [info ]: Finished scheduling [  0.00s]
05:33:33.568802 [debug]: Incremental compilation - 1 nodes selected: {"model.aws_dbt_snowflake_project.fact"}
05:33:33.569697 [info ]: Started deferring state
05:33:33.569722 [info ]: Finished deferring state [  0.00s]
05:33:33.570258 [info ]: Started downloading schemas
05:33:33.570306 [debug]:    Started downloading relations
05:33:33.570335 [debug]:   Finished [  0.00s] downloading relations
05:33:33.570354 [info ]: Finished downloading schemas [  0.00s]
05:33:33.764689 [info ]: Started building task graph
05:33:33.764781 [info ]: Finished building task graph [  0.00s]
05:33:33.764919 [info ]: Started rendering (1 nodes)
05:33:33.764938 [info ]: Started model gold.fact
05:33:33.764952 [debug]: Started rendering model gold.fact
05:33:33.768632 [debug]: Compiled SQL for node model.aws_dbt_snowflake_project.fact at target\.lsp\compiled\models\gold\fact.sql
05:33:33.768734 [info ]: Started analyzing (1 nodes)
05:33:33.768757 [debug]: Started analyzing model gold.fact
05:33:33.768764 [debug]: Finished rendering [  0.00s] model gold.fact [success]
05:33:33.768938 [info ]: Finished rendering [  0.00s] (1 nodes, 0 skipped, 0 errors)
05:33:33.781128 [error]: dbt0227: No column GOLD_OBT.CLEANING_FEE found. Available are DIM_LISTINGS.LISTING_ID, GOLD_OBT.LISTING_ID, GOLD_OBT.BOOKING_DATE, GOLD_OBT.BOOKING_ID, GOLD_OBT.CREATED_AT, DIM_LISTINGS.CITY, GOLD_OBT.CITY ..(and 41 more)
  --> models\gold\fact.sql:24:8
05:33:33.781225 [info ]:     Failed [  0.01s] model gold.fact (table)
05:33:33.781337 [debug]: Finished analyzing [  0.01s] model gold.fact [error]
05:33:33.781358 [info ]: Finished analyzing [  0.01s] (1 nodes, 0 skipped, 1 errors)
05:33:33.788016 [info ]: Cached model count updated: 11 models (accurate)
05:33:43.654315 [info ]: Started loading project
05:33:43.655445 [info ]: Loading profiles.yml
05:33:43.677957 [info ]: Started parsing
05:33:43.708410 [info ]: Finished loading project [  0.05s]
05:33:43.713423 [debug]: Finished parsing models\gold\fact.sql [  0.00s]
05:33:43.714057 [info ]: Finished parsing [  0.04s]
05:33:43.715808 [info ]: Cached model count updated: 11 models (estimate)
05:33:43.715827 [info ]: Cached model count updated: 11 models (accurate)
05:33:43.715879 [info ]: Started scheduling
05:33:43.715973 [info ]: Finished scheduling [  0.00s]
05:33:43.715987 [debug]: Incremental compilation - 1 nodes selected: {"model.aws_dbt_snowflake_project.fact"}
05:33:43.716572 [info ]: Started deferring state
05:33:43.716590 [info ]: Finished deferring state [  0.00s]
05:33:43.716938 [info ]: Started downloading schemas
05:33:43.716973 [debug]:    Started downloading relations
05:33:43.716996 [debug]:   Finished [  0.00s] downloading relations
05:33:43.717012 [info ]: Finished downloading schemas [  0.00s]
05:33:43.861605 [info ]: Started building task graph
05:33:43.861678 [info ]: Finished building task graph [  0.00s]
05:33:43.861838 [info ]: Started rendering (1 nodes)
05:33:43.861857 [info ]: Started model gold.fact
05:33:43.861870 [debug]: Started rendering model gold.fact
05:33:43.863818 [debug]: Compiled SQL for node model.aws_dbt_snowflake_project.fact at target\.lsp\compiled\models\gold\fact.sql
05:33:43.863922 [info ]: Started analyzing (1 nodes)
05:33:43.863939 [debug]: Started analyzing model gold.fact
05:33:43.863996 [debug]: Finished rendering [  0.00s] model gold.fact [success]
05:33:43.864012 [info ]: Finished rendering [  0.00s] (1 nodes, 0 skipped, 0 errors)
05:33:43.879724 [info ]:  Succeeded [  0.02s] model gold.fact (table)
05:33:43.879778 [debug]: Finished analyzing [  0.02s] model gold.fact [success]
05:33:43.879791 [info ]: Finished analyzing [  0.02s] (1 nodes, 0 skipped, 0 errors)
05:33:43.884543 [info ]: Cached model count updated: 11 models (accurate)
05:33:43.979644 [info ]: Started loading project
05:33:43.980257 [info ]: Loading profiles.yml
05:33:43.985750 [info ]: Started parsing
05:33:44.001336 [info ]: Finished loading project [  0.02s]
05:33:44.004198 [info ]: Finished parsing [  0.02s]
05:33:44.008638 [info ]: Cached model count updated: 11 models (estimate)
05:33:44.008661 [info ]: Cached model count updated: 11 models (accurate)
05:33:44.008728 [info ]: Started scheduling
05:33:44.008795 [info ]: Finished scheduling [  0.00s]
05:33:44.008811 [debug]: Incremental compilation - 0 nodes selected: {}
05:33:44.008829 [warn ]: dbt1600: The selection criterion '' does not match any enabled nodes
05:33:44.008840 [warn ]: dbt1601: Nothing to do. Try checking your model configs and model specification args
05:33:44.009483 [info ]: Started deferring state
05:33:44.009504 [info ]: Finished deferring state [  0.00s]
05:33:44.009897 [info ]: Started downloading schemas
05:33:44.009949 [debug]:    Started downloading relations
05:33:44.009976 [debug]:   Finished [  0.00s] downloading relations
05:33:44.009995 [info ]: Finished downloading schemas [  0.00s]
05:33:44.150956 [info ]: Started building task graph
05:33:44.150996 [info ]: Finished building task graph [  0.00s]
05:33:44.154547 [info ]: Cached model count updated: 11 models (accurate)
05:43:17.849304 [info ]: Started loading project
05:43:17.850238 [info ]: Loading profiles.yml
05:43:17.857190 [info ]: Started loading project
05:43:17.857838 [info ]: Loading profiles.yml
05:43:17.857891 [info ]: Finished loading project [  0.01s]
05:43:17.863862 [debug]:    Started loading packages
05:43:17.868114 [debug]:     Loaded [  0.00s] packages
05:43:17.868933 [info ]: Started parsing
05:43:17.899866 [info ]: Finished loading project [  0.04s]
05:43:17.902244 [debug]: Finished parsing models\sources\sources.yml [  0.00s]
05:43:17.902520 [debug]: Finished parsing snapshots\dim_bookings.yml [  0.00s]
05:43:17.902731 [debug]: Finished parsing snapshots\dim_hosts.yml [  0.00s]
05:43:17.902928 [debug]: Finished parsing snapshots\dim_listings.yml [  0.00s]
05:43:17.907160 [debug]: Finished parsing target\snapshots\dim_bookings.sql [  0.00s]
05:43:17.907863 [debug]: Finished parsing target\snapshots\dim_hosts.sql [  0.00s]
05:43:17.909400 [debug]: Finished parsing target\snapshots\dim_listings.sql [  0.00s]
05:43:17.911215 [debug]: Finished parsing models\bronze\bronze_bookings.sql [  0.00s]
05:43:17.912913 [debug]: Finished parsing models\bronze\bronze_hosts.sql [  0.00s]
05:43:17.913787 [debug]: Finished parsing models\bronze\bronze_listings.sql [  0.00s]
05:43:17.914387 [debug]: Finished parsing models\gold\ephemeral\bookings.sql [  0.00s]
05:43:17.914960 [debug]: Finished parsing models\gold\ephemeral\hosts.sql [  0.00s]
05:43:17.915459 [debug]: Finished parsing models\gold\ephemeral\listings.sql [  0.00s]
05:43:17.916103 [debug]: Finished parsing models\gold\fact.sql [  0.00s]
05:43:17.916731 [debug]: Finished parsing models\gold\obt.sql [  0.00s]
05:43:17.917284 [debug]: Finished parsing models\silver\silver_bookings.sql [  0.00s]
05:43:17.917769 [debug]: Finished parsing models\silver\silver_hosts.sql [  0.00s]
05:43:17.921693 [debug]: Finished parsing models\silver\silver_listings.sql [  0.00s]
05:43:17.923236 [debug]: Finished parsing analyses\If_else.sql [  0.00s]
05:43:17.923660 [debug]: Finished parsing analyses\explore.sql [  0.00s]
05:43:17.926094 [debug]: Finished parsing analyses\for_loop.sql [  0.00s]
05:43:17.931699 [debug]: Finished parsing tests\source_tests.sql [  0.01s]
05:43:17.932537 [info ]: Finished parsing [  0.06s]
05:43:17.933669 [info ]: Cached model count updated: 11 models (estimate)
05:43:17.933689 [info ]: Cached model count updated: 11 models (accurate)
05:43:17.934057 [info ]: Started scheduling
05:43:17.935028 [info ]: Finished scheduling [  0.00s]
05:43:17.935078 [info ]: Started scheduling
05:43:17.935249 [info ]: Finished scheduling [  0.00s]
05:43:17.935350 [debug]: Initializing schema store with entry: Selected("snapshot.aws_dbt_snowflake_project.dim_bookings") and interval: None
05:43:17.935465 [debug]: Initializing schema store with entry: Selected("snapshot.aws_dbt_snowflake_project.dim_hosts") and interval: None
05:43:17.935519 [debug]: Initializing schema store with entry: Selected("snapshot.aws_dbt_snowflake_project.dim_listings") and interval: None
05:43:17.935569 [debug]: Initializing schema store with entry: Frontier(CanonicalFqn { catalog: "AIRBNB", schema: "STAGING", table: "HOSTS" }) and interval: None
05:43:17.935623 [debug]: Initializing schema store with entry: Frontier(CanonicalFqn { catalog: "AIRBNB", schema: "STAGING", table: "BOOKINGS" }) and interval: None
05:43:17.935671 [debug]: Initializing schema store with entry: Frontier(CanonicalFqn { catalog: "AIRBNB", schema: "STAGING", table: "LISTINGS" }) and interval: None
05:43:17.936506 [info ]: Started deferring state
05:43:17.936531 [info ]: Finished deferring state [  0.00s]
05:43:17.937135 [info ]: Started downloading schemas
05:43:17.937281 [debug]:    Started downloading relations
05:43:19.238677 [debug]: Query executed on node unknown:
SHOW OBJECTS IN SCHEMA "AIRBNB"."BRONZE" LIMIT 10000
05:43:20.041303 [debug]:   Finished [  2.10s] downloading relations
05:43:21.290565 [debug]: Query executed on node unknown:
describe table "AIRBNB"."BRONZE"."BRONZE_HOSTS"
05:43:21.293179 [debug]: Query executed on node unknown:
describe table "AIRBNB"."BRONZE"."BRONZE_BOOKINGS"
05:43:21.496593 [debug]: Query executed on node unknown:
describe table "AIRBNB"."BRONZE"."BRONZE_LISTINGS"
05:43:21.500848 [debug]: Query executed on node unknown:
describe table "AIRBNB"."SILVER"."SILVER_BOOKINGS"
05:43:21.695197 [debug]: Query executed on node unknown:
describe table "AIRBNB"."SILVER"."SILVER_LISTINGS"
05:43:21.696768 [debug]: Query executed on node unknown:
describe table "AIRBNB"."SILVER"."SILVER_HOSTS"
05:43:21.926934 [info ]: Downloaded AIRBNB.bronze.bronze_bookings (schema)
05:43:21.929389 [info ]: Downloaded AIRBNB.bronze.bronze_hosts (schema)
05:43:21.931509 [info ]: Downloaded AIRBNB.bronze.bronze_listings (schema)
05:43:21.933312 [info ]: Downloaded AIRBNB.silver.silver_bookings (schema)
05:43:21.934913 [info ]: Downloaded AIRBNB.silver.silver_hosts (schema)
05:43:21.936556 [info ]: Downloaded AIRBNB.silver.silver_listings (schema)
05:43:22.106695 [info ]: Started building task graph
05:43:22.106908 [info ]: Finished building task graph [  0.00s]
05:43:22.107091 [info ]: Started rendering (17 nodes)
05:43:22.107107 [info ]: Started model gold.fact
05:43:22.107118 [debug]: Started rendering model gold.fact
05:43:22.107138 [info ]: Started model bronze.bronze_listings
05:43:22.107143 [debug]: Started rendering model bronze.bronze_listings
05:43:22.107150 [info ]: Started model bronze.bronze_hosts
05:43:22.107163 [debug]: Started rendering model bronze.bronze_hosts
05:43:22.107172 [info ]: Started model gold.obt
05:43:22.107181 [debug]: Started rendering model gold.obt
05:43:22.107184 [info ]: Finished downloading schemas [  4.17s]
05:43:22.107194 [info ]: Started analysis DBT_SCHEMA.for_loop
05:43:22.107201 [debug]: Started rendering analysis DBT_SCHEMA.for_loop
05:43:22.107212 [info ]: Started analysis DBT_SCHEMA.explore
05:43:22.107219 [debug]: Started rendering analysis DBT_SCHEMA.explore
05:43:22.107229 [info ]: Started analysis DBT_SCHEMA.If_else
05:43:22.107239 [debug]: Started rendering analysis DBT_SCHEMA.If_else
05:43:22.107250 [info ]: Started model bronze.bronze_bookings
05:43:22.107260 [debug]: Started rendering model bronze.bronze_bookings
05:43:22.110987 [debug]: Compiled SQL for node analysis.aws_dbt_snowflake_project.explore at target\.lsp\compiled\analyses\explore.sql
05:43:22.111151 [debug]: Finished rendering [  0.00s] analysis DBT_SCHEMA.explore [success]
05:43:22.111713 [debug]: Compiled SQL for node analysis.aws_dbt_snowflake_project.for_loop at target\.lsp\compiled\analyses\for_loop.sql
05:43:22.111776 [debug]: Finished rendering [  0.00s] analysis DBT_SCHEMA.for_loop [success]
05:43:22.112604 [debug]: Compiled SQL for node model.aws_dbt_snowflake_project.obt at target\.lsp\compiled\models\gold\obt.sql
05:43:22.112669 [info ]: Started analyzing (17 nodes)
05:43:22.112686 [debug]: Started analyzing model gold.obt
05:43:22.112770 [debug]: Finished rendering [  0.01s] model gold.obt [success]
05:43:22.113938 [debug]: Compiled SQL for node model.aws_dbt_snowflake_project.fact at target\.lsp\compiled\models\gold\fact.sql
05:43:22.114650 [debug]: Compiled SQL for node analysis.aws_dbt_snowflake_project.If_else at target\.lsp\compiled\analyses\If_else.sql
05:43:22.114714 [debug]: Finished rendering [  0.01s] model gold.fact [success]
05:43:22.114830 [debug]: Compiled SQL for node model.aws_dbt_snowflake_project.bronze_bookings at target\.lsp\compiled\models\bronze\bronze_bookings.sql
05:43:22.114045 [debug]: Started analyzing model gold.fact
05:43:22.115289 [debug]: Finished rendering [  0.01s] analysis DBT_SCHEMA.If_else [success]
05:43:22.115339 [debug]: Finished rendering [  0.01s] model bronze.bronze_bookings [success]
05:43:22.115386 [debug]: Started analyzing model bronze.bronze_bookings
05:43:22.115708 [debug]: Compiled SQL for node model.aws_dbt_snowflake_project.bronze_hosts at target\.lsp\compiled\models\bronze\bronze_hosts.sql
05:43:22.115782 [debug]: Started analyzing model bronze.bronze_hosts
05:43:22.117058 [debug]: Finished rendering [  0.01s] model bronze.bronze_hosts [success]
05:43:22.120178 [info ]:  Succeeded [  0.01s] model bronze.bronze_hosts (incremental)
05:43:22.120211 [debug]: Finished analyzing [  0.00s] model bronze.bronze_hosts [success]
05:43:22.120239 [info ]: Started model silver.silver_hosts
05:43:22.120252 [debug]: Started rendering model silver.silver_hosts
05:43:22.120325 [debug]: Compiled SQL for node model.aws_dbt_snowflake_project.bronze_listings at target\.lsp\compiled\models\bronze\bronze_listings.sql
05:43:22.120358 [debug]: Started analyzing model bronze.bronze_listings
05:43:22.121130 [info ]:  Succeeded [  0.01s] model bronze.bronze_bookings (incremental)
05:43:22.121159 [debug]: Finished analyzing [  0.01s] model bronze.bronze_bookings [success]
05:43:22.121186 [debug]: Started analyzing analysis DBT_SCHEMA.If_else
05:43:22.121207 [info ]: Started model silver.silver_bookings
05:43:22.121311 [debug]: Started rendering model silver.silver_bookings
05:43:22.121329 [debug]: Started analyzing analysis DBT_SCHEMA.for_loop
05:43:22.122360 [debug]: Finished rendering [  0.02s] model bronze.bronze_listings [success]
05:43:22.123466 [info ]:  Succeeded [  0.01s] analysis DBT_SCHEMA.If_else (analysis)
05:43:22.123505 [debug]: Finished analyzing [  0.00s] analysis DBT_SCHEMA.If_else [success]
05:43:22.123528 [info ]:  Succeeded [  0.02s] model bronze.bronze_listings (incremental)
05:43:22.123541 [debug]: Finished analyzing [  0.00s] model bronze.bronze_listings [success]
05:43:22.123567 [info ]: Started model silver.silver_listings
05:43:22.123583 [debug]: Started rendering model silver.silver_listings
05:43:22.127399 [info ]:  Succeeded [  0.01s] analysis DBT_SCHEMA.for_loop (analysis)
05:43:22.127466 [debug]: Finished analyzing [  0.01s] analysis DBT_SCHEMA.for_loop [success]
05:43:22.129804 [debug]: Compiled SQL for node model.aws_dbt_snowflake_project.silver_bookings at target\.lsp\compiled\models\silver\silver_bookings.sql
05:43:22.129896 [debug]: Started analyzing model silver.silver_bookings
05:43:22.130075 [debug]: Finished rendering [  0.01s] model silver.silver_bookings [success]
05:43:22.130554 [debug]: Compiled SQL for node model.aws_dbt_snowflake_project.silver_listings at target\.lsp\compiled\models\silver\silver_listings.sql
05:43:22.130616 [debug]: Started analyzing model silver.silver_listings
05:43:22.130739 [debug]: Finished rendering [  0.01s] model silver.silver_listings [success]
05:43:22.132883 [debug]: Compiled SQL for node model.aws_dbt_snowflake_project.silver_hosts at target\.lsp\compiled\models\silver\silver_hosts.sql
05:43:22.132996 [debug]: Started analyzing model silver.silver_hosts
05:43:22.135320 [info ]:  Succeeded [  0.01s] model silver.silver_bookings (incremental)
05:43:22.135383 [debug]: Finished rendering [  0.02s] model silver.silver_hosts [success]
05:43:22.135383 [debug]: Finished analyzing [  0.01s] model silver.silver_bookings [success]
05:43:22.135451 [debug]: Started analyzing analysis DBT_SCHEMA.explore
05:43:22.135488 [info ]:  Succeeded [  0.01s] model silver.silver_listings (incremental)
05:43:22.135510 [debug]: Finished analyzing [  0.00s] model silver.silver_listings [success]
05:43:22.137606 [info ]:  Succeeded [  0.01s] analysis DBT_SCHEMA.explore (analysis)
05:43:22.137663 [debug]: Finished analyzing [  0.00s] analysis DBT_SCHEMA.explore [success]
05:43:22.137746 [info ]:  Succeeded [  0.02s] model silver.silver_hosts (incremental)
05:43:22.137776 [debug]: Finished analyzing [  0.00s] model silver.silver_hosts [success]
05:43:22.139603 [info ]:  Succeeded [  0.03s] model gold.obt (table)
05:43:22.139634 [debug]: Finished analyzing [  0.03s] model gold.obt [success]
05:43:22.139683 [info ]: Started model gold.listings
05:43:22.139700 [debug]: Started rendering model gold.listings
05:43:22.139741 [info ]: Started model gold.bookings
05:43:22.139750 [debug]: Started rendering model gold.bookings
05:43:22.139763 [info ]: Started model gold.hosts
05:43:22.139772 [debug]: Started rendering model gold.hosts
05:43:22.144789 [debug]: Compiled SQL for node model.aws_dbt_snowflake_project.listings at target\.lsp\compiled\models\gold\ephemeral\listings.sql
05:43:22.145338 [debug]: Compiled SQL for node model.aws_dbt_snowflake_project.bookings at target\.lsp\compiled\models\gold\ephemeral\bookings.sql
05:43:22.145412 [debug]: Compiled SQL for node model.aws_dbt_snowflake_project.hosts at target\.lsp\compiled\models\gold\ephemeral\hosts.sql
05:43:22.145778 [debug]: Finished rendering [  0.01s] model gold.listings [success]
05:43:22.145834 [debug]: Started analyzing model gold.listings
05:43:22.145864 [debug]: Finished rendering [  0.01s] model gold.bookings [success]
05:43:22.145876 [debug]: Started analyzing model gold.bookings
05:43:22.145895 [debug]: Finished rendering [  0.01s] model gold.hosts [success]
05:43:22.145906 [debug]: Started analyzing model gold.hosts
05:43:22.149080 [info ]:  Succeeded [  0.01s] model gold.hosts (ephemeral)
05:43:22.149135 [debug]: Finished analyzing [  0.00s] model gold.hosts [success]
05:43:22.149187 [info ]: Started snapshot gold.dim_hosts
05:43:22.149208 [debug]: Started rendering snapshot gold.dim_hosts
05:43:22.149243 [info ]:  Succeeded [  0.01s] model gold.listings (ephemeral)
05:43:22.149261 [debug]: Finished analyzing [  0.00s] model gold.listings [success]
05:43:22.149293 [info ]: Started snapshot gold.dim_listings
05:43:22.149312 [debug]: Started rendering snapshot gold.dim_listings
05:43:22.149330 [info ]:  Succeeded [  0.01s] model gold.bookings (ephemeral)
05:43:22.149342 [debug]: Finished analyzing [  0.00s] model gold.bookings [success]
05:43:22.149361 [info ]: Started snapshot gold.dim_bookings
05:43:22.149370 [debug]: Started rendering snapshot gold.dim_bookings
05:43:22.152202 [debug]: Compiled SQL for node snapshot.aws_dbt_snowflake_project.dim_listings at target\.lsp\compiled\snapshots\dim_listings.sql
05:43:22.152302 [debug]: Started analyzing snapshot gold.dim_listings
05:43:22.152371 [debug]: Compiled SQL for node snapshot.aws_dbt_snowflake_project.dim_hosts at target\.lsp\compiled\snapshots\dim_hosts.sql
05:43:22.152449 [debug]: Started analyzing snapshot gold.dim_hosts
05:43:22.154511 [debug]: Finished rendering [  0.01s] snapshot gold.dim_listings [success]
05:43:22.154556 [debug]: Finished rendering [  0.01s] snapshot gold.dim_hosts [success]
05:43:22.155783 [info ]:  Succeeded [  0.01s] snapshot gold.dim_hosts (table)
05:43:22.155831 [debug]: Finished analyzing [  0.00s] snapshot gold.dim_hosts [success]
05:43:22.155878 [debug]: Compiled SQL for node snapshot.aws_dbt_snowflake_project.dim_bookings at target\.lsp\compiled\snapshots\dim_bookings.sql
05:43:22.155877 [info ]:  Succeeded [  0.01s] snapshot gold.dim_listings (table)
05:43:22.155904 [debug]: Finished analyzing [  0.00s] snapshot gold.dim_listings [success]
05:43:22.155931 [debug]: Finished rendering [  0.01s] snapshot gold.dim_bookings [success]
05:43:22.155942 [info ]: Finished rendering [  0.05s] (17 nodes, 0 skipped, 0 errors)
05:43:22.155945 [debug]: Started analyzing snapshot gold.dim_bookings
05:43:22.159130 [info ]:  Succeeded [  0.01s] snapshot gold.dim_bookings (table)
05:43:22.159162 [debug]: Finished analyzing [  0.00s] snapshot gold.dim_bookings [success]
05:43:23.537584 [debug]: Query executed on node model.aws_dbt_snowflake_project.fact:
describe table "AIRBNB"."GOLD"."OBT"
05:43:24.333977 [debug]: Schema hydration: registering 1 schemas from db_runner
05:43:24.334047 [debug]: Schema hydration: parsing FQN string '"AIRBNB"."GOLD"."OBT"'
05:43:24.334082 [debug]: Schema hydration: registering cfqn=AIRBNB.GOLD.OBT (catalog='AIRBNB', schema='GOLD', table='OBT')
05:43:24.337298 [debug]: Schema hydration: registration succeeded for AIRBNB.GOLD.OBT, exists_check=true
05:43:24.357306 [info ]:  Succeeded [  2.25s] model gold.fact (table)
05:43:24.357377 [debug]: Finished analyzing [  2.24s] model gold.fact [success]
05:43:24.357397 [info ]: Finished analyzing [  2.24s] (17 nodes, 0 skipped, 0 errors)
05:43:24.370180 [info ]: Cached model count updated: 11 models (accurate)
05:46:55.533758 [info ]: Started loading project
05:46:55.535109 [info ]: Loading profiles.yml
05:46:55.543922 [info ]: Started loading project
05:46:55.544745 [info ]: Loading profiles.yml
05:46:55.544907 [info ]: Finished loading project [  0.01s]
05:46:55.551743 [debug]:    Started loading packages
05:46:55.557949 [debug]:     Loaded [  0.01s] packages
05:46:55.559160 [info ]: Started parsing
05:46:55.593349 [info ]: Finished loading project [  0.05s]
05:46:55.595194 [debug]: Finished parsing models\sources\sources.yml [  0.00s]
05:46:55.595422 [debug]: Finished parsing snapshots\dim_bookings.yml [  0.00s]
05:46:55.595652 [debug]: Finished parsing snapshots\dim_hosts.yml [  0.00s]
05:46:55.595964 [debug]: Finished parsing snapshots\dim_listings.yml [  0.00s]
05:46:55.600618 [debug]: Finished parsing target\snapshots\dim_bookings.sql [  0.00s]
05:46:55.601502 [debug]: Finished parsing target\snapshots\dim_hosts.sql [  0.00s]
05:46:55.614490 [debug]: Finished parsing target\snapshots\dim_listings.sql [  0.01s]
05:46:55.616215 [debug]: Finished parsing models\bronze\bronze_bookings.sql [  0.00s]
05:46:55.617255 [debug]: Finished parsing models\bronze\bronze_hosts.sql [  0.00s]
05:46:55.618877 [debug]: Finished parsing models\bronze\bronze_listings.sql [  0.00s]
05:46:55.619875 [debug]: Finished parsing models\gold\ephemeral\bookings.sql [  0.00s]
05:46:55.620645 [debug]: Finished parsing models\gold\ephemeral\hosts.sql [  0.00s]
05:46:55.621328 [debug]: Finished parsing models\gold\ephemeral\listings.sql [  0.00s]
05:46:55.622080 [debug]: Finished parsing models\gold\fact.sql [  0.00s]
05:46:55.623025 [debug]: Finished parsing models\gold\obt.sql [  0.00s]
05:46:55.623838 [debug]: Finished parsing models\silver\silver_bookings.sql [  0.00s]
05:46:55.624590 [debug]: Finished parsing models\silver\silver_hosts.sql [  0.00s]
05:46:55.629163 [debug]: Finished parsing models\silver\silver_listings.sql [  0.00s]
05:46:55.630845 [debug]: Finished parsing analyses\If_else.sql [  0.00s]
05:46:55.631423 [debug]: Finished parsing analyses\explore.sql [  0.00s]
05:46:55.633643 [debug]: Finished parsing analyses\for_loop.sql [  0.00s]
05:46:55.640442 [debug]: Finished parsing tests\source_tests.sql [  0.01s]
05:46:55.641585 [warn ]: dbt1005: Source 'stagging.bookings' not found in project. Searched for 'bookings'
  --> tests\source_tests.sql:7:7
05:46:55.642650 [info ]: Cached model count updated: 11 models (estimate)
05:46:55.642662 [info ]: Cached model count updated: 11 models (accurate)
05:46:55.642709 [info ]: Started scheduling
05:46:55.642924 [info ]: Finished scheduling [  0.00s]
05:46:55.642944 [info ]: Started scheduling
05:46:55.643063 [info ]: Finished scheduling [  0.00s]
05:46:55.643125 [debug]: Initializing schema store with entry: Selected("snapshot.aws_dbt_snowflake_project.dim_listings") and interval: None
05:46:55.643191 [debug]: Initializing schema store with entry: Selected("snapshot.aws_dbt_snowflake_project.dim_hosts") and interval: None
05:46:55.643231 [debug]: Initializing schema store with entry: Selected("snapshot.aws_dbt_snowflake_project.dim_bookings") and interval: None
05:46:55.643268 [debug]: Initializing schema store with entry: Frontier(CanonicalFqn { catalog: "AIRBNB", schema: "STAGING", table: "BOOKINGS" }) and interval: None
05:46:55.643315 [debug]: Initializing schema store with entry: Frontier(CanonicalFqn { catalog: "AIRBNB", schema: "STAGING", table: "HOSTS" }) and interval: None
05:46:55.643353 [debug]: Initializing schema store with entry: Frontier(CanonicalFqn { catalog: "AIRBNB", schema: "STAGING", table: "LISTINGS" }) and interval: None
05:46:55.643987 [info ]: Started deferring state
05:46:55.644004 [info ]: Finished deferring state [  0.00s]
05:46:55.644409 [info ]: Started downloading schemas
05:46:55.644507 [debug]:    Started downloading relations
05:46:55.644583 [info ]: Finished parsing [  0.09s]
05:46:56.837543 [debug]: Query executed on node unknown:
SHOW OBJECTS IN SCHEMA "AIRBNB"."BRONZE" LIMIT 10000
05:46:57.843850 [debug]:     Failed [  2.20s] downloading relations (error: Adapter operation was cancelled)
05:46:58.678819 [debug]: Query executed on node unknown:
describe table "AIRBNB"."BRONZE"."BRONZE_BOOKINGS"
05:46:58.679727 [debug]: Query executed on node unknown:
describe table "AIRBNB"."BRONZE"."BRONZE_HOSTS"
05:46:59.590201 [info ]: Started loading project
05:46:59.591264 [info ]: Loading profiles.yml
05:46:59.598373 [debug]:    Started loading packages
05:46:59.604865 [debug]:     Loaded [  0.01s] packages
05:46:59.606107 [info ]: Started parsing
05:46:59.660364 [info ]: Finished loading project [  0.07s]
05:46:59.664345 [debug]: Finished parsing models\sources\sources.yml [  0.00s]
05:46:59.665039 [debug]: Finished parsing snapshots\dim_bookings.yml [  0.00s]
05:46:59.665618 [debug]: Finished parsing snapshots\dim_hosts.yml [  0.00s]
05:46:59.666157 [debug]: Finished parsing snapshots\dim_listings.yml [  0.00s]
05:46:59.676394 [debug]: Finished parsing target\snapshots\dim_bookings.sql [  0.00s]
05:46:59.678156 [debug]: Finished parsing target\snapshots\dim_hosts.sql [  0.00s]
05:46:59.681433 [debug]: Finished parsing target\snapshots\dim_listings.sql [  0.00s]
05:46:59.683816 [debug]: Finished parsing models\bronze\bronze_bookings.sql [  0.00s]
05:46:59.685070 [debug]: Finished parsing models\bronze\bronze_hosts.sql [  0.00s]
05:46:59.686352 [debug]: Finished parsing models\bronze\bronze_listings.sql [  0.00s]
05:46:59.687315 [debug]: Finished parsing models\gold\ephemeral\bookings.sql [  0.00s]
05:46:59.688274 [debug]: Finished parsing models\gold\ephemeral\hosts.sql [  0.00s]
05:46:59.689418 [debug]: Finished parsing models\gold\ephemeral\listings.sql [  0.00s]
05:46:59.690606 [debug]: Finished parsing models\gold\fact.sql [  0.00s]
05:46:59.692068 [debug]: Finished parsing models\gold\obt.sql [  0.00s]
05:46:59.693384 [debug]: Finished parsing models\silver\silver_bookings.sql [  0.00s]
05:46:59.694449 [debug]: Finished parsing models\silver\silver_hosts.sql [  0.00s]
05:46:59.701029 [debug]: Finished parsing models\silver\silver_listings.sql [  0.01s]
05:46:59.703566 [debug]: Finished parsing analyses\If_else.sql [  0.00s]
05:46:59.704323 [debug]: Finished parsing analyses\explore.sql [  0.00s]
05:46:59.707121 [debug]: Finished parsing analyses\for_loop.sql [  0.00s]
05:46:59.709201 [debug]: Finished parsing tests\source_tests.sql [  0.00s]
05:46:59.710026 [warn ]: dbt1005: Source 'stagging.bookings' not found in project. Searched for 'bookings'
  --> tests\source_tests.sql:7:7
05:46:59.711333 [info ]: Cached model count updated: 11 models (estimate)
05:46:59.711348 [info ]: Cached model count updated: 11 models (accurate)
05:46:59.711409 [info ]: Started scheduling
05:46:59.711653 [info ]: Finished scheduling [  0.00s]
05:46:59.711677 [info ]: Started scheduling
05:46:59.711851 [info ]: Finished scheduling [  0.00s]
05:46:59.711932 [debug]: Initializing schema store with entry: Selected("snapshot.aws_dbt_snowflake_project.dim_bookings") and interval: None
05:46:59.712041 [debug]: Initializing schema store with entry: Selected("snapshot.aws_dbt_snowflake_project.dim_hosts") and interval: None
05:46:59.712101 [debug]: Initializing schema store with entry: Selected("snapshot.aws_dbt_snowflake_project.dim_listings") and interval: None
05:46:59.712165 [debug]: Initializing schema store with entry: Frontier(CanonicalFqn { catalog: "AIRBNB", schema: "STAGING", table: "LISTINGS" }) and interval: None
05:46:59.712219 [debug]: Initializing schema store with entry: Frontier(CanonicalFqn { catalog: "AIRBNB", schema: "STAGING", table: "BOOKINGS" }) and interval: None
05:46:59.712274 [debug]: Initializing schema store with entry: Frontier(CanonicalFqn { catalog: "AIRBNB", schema: "STAGING", table: "HOSTS" }) and interval: None
05:46:59.713096 [info ]: Started deferring state
05:46:59.713118 [info ]: Finished deferring state [  0.00s]
05:46:59.713590 [info ]: Started downloading schemas
05:46:59.713722 [debug]:    Started downloading relations
05:46:59.713814 [info ]: Finished parsing [  0.11s]
05:46:59.801821 [info ]: Finished downloading schemas [  4.16s]
05:47:00.737437 [debug]: Query executed on node unknown:
SHOW OBJECTS IN SCHEMA "AIRBNB"."BRONZE" LIMIT 10000
05:47:01.333898 [debug]:   Finished [  1.62s] downloading relations
05:47:02.494749 [debug]: Query executed on node unknown:
describe table "AIRBNB"."BRONZE"."BRONZE_HOSTS"
05:47:02.496992 [debug]: Query executed on node unknown:
describe table "AIRBNB"."BRONZE"."BRONZE_BOOKINGS"
05:47:02.691228 [debug]: Query executed on node unknown:
describe table "AIRBNB"."BRONZE"."BRONZE_LISTINGS"
05:47:02.706363 [debug]: Query executed on node unknown:
describe table "AIRBNB"."SILVER"."SILVER_BOOKINGS"
05:47:02.885831 [debug]: Query executed on node unknown:
describe table "AIRBNB"."SILVER"."SILVER_HOSTS"
05:47:02.888338 [debug]: Query executed on node unknown:
describe table "AIRBNB"."SILVER"."SILVER_LISTINGS"
05:47:03.196835 [info ]: Downloaded AIRBNB.bronze.bronze_bookings (schema)
05:47:03.197871 [info ]: Downloaded AIRBNB.bronze.bronze_hosts (schema)
05:47:03.199408 [info ]: Downloaded AIRBNB.bronze.bronze_listings (schema)
05:47:03.201555 [info ]: Downloaded AIRBNB.silver.silver_bookings (schema)
05:47:03.202667 [info ]: Downloaded AIRBNB.silver.silver_hosts (schema)
05:47:03.203753 [info ]: Downloaded AIRBNB.silver.silver_listings (schema)
05:47:03.333672 [info ]: Started building task graph
05:47:03.333923 [info ]: Finished building task graph [  0.00s]
05:47:03.334248 [info ]: Started rendering (17 nodes)
05:47:03.334277 [info ]: Started model gold.fact
05:47:03.334297 [debug]: Started rendering model gold.fact
05:47:03.334332 [info ]: Started model bronze.bronze_listings
05:47:03.334343 [debug]: Started rendering model bronze.bronze_listings
05:47:03.334360 [info ]: Started model bronze.bronze_hosts
05:47:03.334371 [debug]: Started rendering model bronze.bronze_hosts
05:47:03.334372 [info ]: Finished downloading schemas [  3.62s]
05:47:03.334386 [info ]: Started model gold.obt
05:47:03.334395 [debug]: Started rendering model gold.obt
05:47:03.334414 [info ]: Started analysis DBT_SCHEMA.for_loop
05:47:03.334423 [debug]: Started rendering analysis DBT_SCHEMA.for_loop
05:47:03.334545 [info ]: Started analysis DBT_SCHEMA.explore
05:47:03.334868 [debug]: Started rendering analysis DBT_SCHEMA.explore
05:47:03.334973 [info ]: Started analysis DBT_SCHEMA.If_else
05:47:03.334989 [debug]: Started rendering analysis DBT_SCHEMA.If_else
05:47:03.335301 [info ]: Started model bronze.bronze_bookings
05:47:03.335355 [debug]: Started rendering model bronze.bronze_bookings
05:47:03.338891 [debug]: Compiled SQL for node model.aws_dbt_snowflake_project.fact at target\.lsp\compiled\models\gold\fact.sql
05:47:03.339040 [info ]: Started analyzing (17 nodes)
05:47:03.339072 [debug]: Started analyzing model gold.fact
05:47:03.339731 [debug]: Compiled SQL for node model.aws_dbt_snowflake_project.obt at target\.lsp\compiled\models\gold\obt.sql
05:47:03.339793 [debug]: Started analyzing model gold.obt
05:47:03.339941 [debug]: Compiled SQL for node model.aws_dbt_snowflake_project.bronze_bookings at target\.lsp\compiled\models\bronze\bronze_bookings.sql
05:47:03.339989 [debug]: Started analyzing model bronze.bronze_bookings
05:47:03.341289 [debug]: Compiled SQL for node analysis.aws_dbt_snowflake_project.If_else at target\.lsp\compiled\analyses\If_else.sql
05:47:03.341359 [debug]: Finished rendering [  0.01s] analysis DBT_SCHEMA.If_else [success]
05:47:03.342513 [debug]: Compiled SQL for node analysis.aws_dbt_snowflake_project.explore at target\.lsp\compiled\analyses\explore.sql
05:47:03.342622 [debug]: Finished rendering [  0.01s] analysis DBT_SCHEMA.explore [success]
05:47:03.342665 [debug]: Finished rendering [  0.01s] model gold.obt [success]
05:47:03.342699 [debug]: Finished rendering [  0.01s] model bronze.bronze_bookings [success]
05:47:03.342703 [debug]: Finished rendering [  0.01s] model gold.fact [success]
05:47:03.344185 [info ]:  Succeeded [  0.01s] model bronze.bronze_bookings (incremental)
05:47:03.344221 [debug]: Finished analyzing [  0.00s] model bronze.bronze_bookings [success]
05:47:03.344254 [info ]: Started model silver.silver_bookings
05:47:03.344270 [debug]: Started rendering model silver.silver_bookings
05:47:03.344291 [debug]: Started analyzing analysis DBT_SCHEMA.If_else
05:47:03.344329 [debug]: Compiled SQL for node model.aws_dbt_snowflake_project.bronze_listings at target\.lsp\compiled\models\bronze\bronze_listings.sql
05:47:03.344360 [debug]: Compiled SQL for node model.aws_dbt_snowflake_project.bronze_hosts at target\.lsp\compiled\models\bronze\bronze_hosts.sql
05:47:03.344370 [debug]: Started analyzing model bronze.bronze_listings
05:47:03.344573 [debug]: Started analyzing model bronze.bronze_hosts
05:47:03.347666 [debug]: Compiled SQL for node analysis.aws_dbt_snowflake_project.for_loop at target\.lsp\compiled\analyses\for_loop.sql
05:47:03.347758 [debug]: Finished rendering [  0.01s] analysis DBT_SCHEMA.for_loop [success]
05:47:03.347813 [debug]: Started analyzing analysis DBT_SCHEMA.for_loop
05:47:03.348122 [info ]:  Succeeded [  0.01s] model bronze.bronze_hosts (incremental)
05:47:03.348149 [debug]: Finished analyzing [  0.00s] model bronze.bronze_hosts [success]
05:47:03.348173 [info ]: Started model silver.silver_hosts
05:47:03.348186 [debug]: Started rendering model silver.silver_hosts
05:47:03.348206 [info ]:  Succeeded [  0.01s] model bronze.bronze_listings (incremental)
05:47:03.348220 [debug]: Finished analyzing [  0.00s] model bronze.bronze_listings [success]
05:47:03.348235 [info ]: Started model silver.silver_listings
05:47:03.348243 [debug]: Started rendering model silver.silver_listings
05:47:03.348266 [debug]: Finished rendering [  0.01s] model bronze.bronze_hosts [success]
05:47:03.348441 [debug]: Finished rendering [  0.01s] model bronze.bronze_listings [success]
05:47:03.352459 [info ]:  Succeeded [  0.01s] analysis DBT_SCHEMA.If_else (analysis)
05:47:03.352505 [debug]: Finished analyzing [  0.01s] analysis DBT_SCHEMA.If_else [success]
05:47:03.353069 [info ]:  Succeeded [  0.02s] analysis DBT_SCHEMA.for_loop (analysis)
05:47:03.353100 [debug]: Finished analyzing [  0.01s] analysis DBT_SCHEMA.for_loop [success]
05:47:03.359044 [debug]: Compiled SQL for node model.aws_dbt_snowflake_project.silver_bookings at target\.lsp\compiled\models\silver\silver_bookings.sql
05:47:03.359097 [debug]: Compiled SQL for node model.aws_dbt_snowflake_project.silver_hosts at target\.lsp\compiled\models\silver\silver_hosts.sql
05:47:03.359146 [debug]: Started analyzing model silver.silver_bookings
05:47:03.359165 [debug]: Compiled SQL for node model.aws_dbt_snowflake_project.silver_listings at target\.lsp\compiled\models\silver\silver_listings.sql
05:47:03.359186 [debug]: Finished rendering [  0.01s] model silver.silver_hosts [success]
05:47:03.359210 [debug]: Started analyzing model silver.silver_hosts
05:47:03.359208 [debug]: Finished rendering [  0.01s] model silver.silver_bookings [success]
05:47:03.359231 [debug]: Finished rendering [  0.01s] model silver.silver_listings [success]
05:47:03.359243 [debug]: Started analyzing model silver.silver_listings
05:47:03.363973 [info ]:  Succeeded [  0.03s] model gold.obt (table)
05:47:03.364071 [debug]: Finished analyzing [  0.02s] model gold.obt [success]
05:47:03.364147 [info ]: Started model gold.bookings
05:47:03.364193 [debug]: Started rendering model gold.bookings
05:47:03.364269 [info ]: Started model gold.listings
05:47:03.364358 [debug]: Started rendering model gold.listings
05:47:03.364409 [info ]: Started model gold.hosts
05:47:03.364437 [debug]: Started rendering model gold.hosts
05:47:03.364492 [info ]:  Succeeded [  0.02s] model silver.silver_bookings (incremental)
05:47:03.364535 [debug]: Finished analyzing [  0.01s] model silver.silver_bookings [success]
05:47:03.364579 [debug]: Started analyzing analysis DBT_SCHEMA.explore
05:47:03.364813 [info ]:  Succeeded [  0.01s] model silver.silver_hosts (incremental)
05:47:03.364863 [debug]: Finished analyzing [  0.01s] model silver.silver_hosts [success]
05:47:03.364907 [info ]:  Succeeded [  0.01s] model silver.silver_listings (incremental)
05:47:03.364939 [debug]: Finished analyzing [  0.01s] model silver.silver_listings [success]
05:47:03.368504 [info ]:  Succeeded [  0.01s] analysis DBT_SCHEMA.explore (analysis)
05:47:03.368555 [debug]: Finished analyzing [  0.00s] analysis DBT_SCHEMA.explore [success]
05:47:03.369195 [debug]: Compiled SQL for node model.aws_dbt_snowflake_project.bookings at target\.lsp\compiled\models\gold\ephemeral\bookings.sql
05:47:03.369286 [debug]: Started analyzing model gold.bookings
05:47:03.370104 [debug]: Compiled SQL for node model.aws_dbt_snowflake_project.hosts at target\.lsp\compiled\models\gold\ephemeral\hosts.sql
05:47:03.370163 [debug]: Started analyzing model gold.hosts
05:47:03.370432 [debug]: Finished rendering [  0.01s] model gold.bookings [success]
05:47:03.370466 [debug]: Finished rendering [  0.01s] model gold.hosts [success]
05:47:03.371288 [debug]: Compiled SQL for node model.aws_dbt_snowflake_project.listings at target\.lsp\compiled\models\gold\ephemeral\listings.sql
05:47:03.371369 [debug]: Started analyzing model gold.listings
05:47:03.371755 [info ]:  Succeeded [  0.01s] model gold.bookings (ephemeral)
05:47:03.371787 [debug]: Finished analyzing [  0.00s] model gold.bookings [success]
05:47:03.371821 [info ]: Started snapshot gold.dim_bookings
05:47:03.371837 [debug]: Started rendering snapshot gold.dim_bookings
05:47:03.371854 [debug]: Finished rendering [  0.01s] model gold.listings [success]
05:47:03.372935 [info ]:  Succeeded [  0.01s] model gold.hosts (ephemeral)
05:47:03.372975 [debug]: Finished analyzing [  0.00s] model gold.hosts [success]
05:47:03.373013 [info ]: Started snapshot gold.dim_hosts
05:47:03.373033 [debug]: Started rendering snapshot gold.dim_hosts
05:47:03.373974 [info ]:  Succeeded [  0.01s] model gold.listings (ephemeral)
05:47:03.374013 [debug]: Finished analyzing [  0.00s] model gold.listings [success]
05:47:03.374025 [debug]: Compiled SQL for node snapshot.aws_dbt_snowflake_project.dim_bookings at target\.lsp\compiled\snapshots\dim_bookings.sql
05:47:03.374048 [info ]: Started snapshot gold.dim_listings
05:47:03.374064 [debug]: Started rendering snapshot gold.dim_listings
05:47:03.374092 [debug]: Finished rendering [  0.00s] snapshot gold.dim_bookings [success]
05:47:03.374108 [debug]: Started analyzing snapshot gold.dim_bookings
05:47:03.376306 [debug]: Compiled SQL for node snapshot.aws_dbt_snowflake_project.dim_hosts at target\.lsp\compiled\snapshots\dim_hosts.sql
05:47:03.376399 [debug]: Started analyzing snapshot gold.dim_hosts
05:47:03.376966 [debug]: Finished rendering [  0.00s] snapshot gold.dim_hosts [success]
05:47:03.377173 [debug]: Compiled SQL for node snapshot.aws_dbt_snowflake_project.dim_listings at target\.lsp\compiled\snapshots\dim_listings.sql
05:47:03.377257 [debug]: Started analyzing snapshot gold.dim_listings
05:47:03.377547 [info ]:  Succeeded [  0.01s] snapshot gold.dim_bookings (table)
05:47:03.377580 [debug]: Finished analyzing [  0.00s] snapshot gold.dim_bookings [success]
05:47:03.377618 [debug]: Finished rendering [  0.00s] snapshot gold.dim_listings [success]
05:47:03.377628 [info ]: Finished rendering [  0.04s] (17 nodes, 0 skipped, 0 errors)
05:47:03.380048 [info ]:  Succeeded [  0.01s] snapshot gold.dim_hosts (table)
05:47:03.380092 [debug]: Finished analyzing [  0.00s] snapshot gold.dim_hosts [success]
05:47:03.380113 [info ]:  Succeeded [  0.01s] snapshot gold.dim_listings (table)
05:47:03.380145 [debug]: Finished analyzing [  0.00s] snapshot gold.dim_listings [success]
05:47:04.561329 [debug]: Query executed on node model.aws_dbt_snowflake_project.fact:
describe table "AIRBNB"."GOLD"."OBT"
05:47:05.281306 [debug]: Schema hydration: registering 1 schemas from db_runner
05:47:05.281384 [debug]: Schema hydration: parsing FQN string '"AIRBNB"."GOLD"."OBT"'
05:47:05.281425 [debug]: Schema hydration: registering cfqn=AIRBNB.GOLD.OBT (catalog='AIRBNB', schema='GOLD', table='OBT')
05:47:05.285649 [debug]: Schema hydration: registration succeeded for AIRBNB.GOLD.OBT, exists_check=true
05:47:05.303817 [info ]:  Succeeded [  1.97s] model gold.fact (table)
05:47:05.303905 [debug]: Finished analyzing [  1.96s] model gold.fact [success]
05:47:05.303932 [info ]: Finished analyzing [  1.96s] (17 nodes, 0 skipped, 0 errors)
05:47:05.314749 [info ]: Cached model count updated: 11 models (accurate)
05:47:17.075738 [info ]: Started loading project
05:47:17.076696 [info ]: Loading profiles.yml
05:47:17.091617 [info ]: Started loading project
05:47:17.092944 [info ]: Loading profiles.yml
05:47:17.093017 [info ]: Finished loading project [  0.02s]
05:47:17.104879 [debug]:    Started loading packages
05:47:17.115196 [debug]:     Loaded [  0.01s] packages
05:47:17.116903 [info ]: Started parsing
05:47:17.191790 [info ]: Finished loading project [  0.10s]
05:47:17.195692 [debug]: Finished parsing models\sources\sources.yml [  0.00s]
05:47:17.196653 [debug]: Finished parsing snapshots\dim_bookings.yml [  0.00s]
05:47:17.197309 [debug]: Finished parsing snapshots\dim_hosts.yml [  0.00s]
05:47:17.198064 [debug]: Finished parsing snapshots\dim_listings.yml [  0.00s]
05:47:17.206493 [debug]: Finished parsing target\snapshots\dim_bookings.sql [  0.00s]
05:47:17.208102 [debug]: Finished parsing target\snapshots\dim_hosts.sql [  0.00s]
05:47:17.211607 [debug]: Finished parsing target\snapshots\dim_listings.sql [  0.00s]
05:47:17.214728 [debug]: Finished parsing models\bronze\bronze_bookings.sql [  0.00s]
05:47:17.217057 [debug]: Finished parsing models\bronze\bronze_hosts.sql [  0.00s]
05:47:17.218793 [debug]: Finished parsing models\bronze\bronze_listings.sql [  0.00s]
05:47:17.220359 [debug]: Finished parsing models\gold\ephemeral\bookings.sql [  0.00s]
05:47:17.221723 [debug]: Finished parsing models\gold\ephemeral\hosts.sql [  0.00s]
05:47:17.223249 [debug]: Finished parsing models\gold\ephemeral\listings.sql [  0.00s]
05:47:17.224913 [debug]: Finished parsing models\gold\fact.sql [  0.00s]
05:47:17.226661 [debug]: Finished parsing models\gold\obt.sql [  0.00s]
05:47:17.228329 [debug]: Finished parsing models\silver\silver_bookings.sql [  0.00s]
05:47:17.230309 [debug]: Finished parsing models\silver\silver_hosts.sql [  0.00s]
05:47:17.240860 [debug]: Finished parsing models\silver\silver_listings.sql [  0.01s]
05:47:17.244188 [debug]: Finished parsing analyses\If_else.sql [  0.00s]
05:47:17.245545 [debug]: Finished parsing analyses\explore.sql [  0.00s]
05:47:17.250161 [debug]: Finished parsing analyses\for_loop.sql [  0.00s]
05:47:17.253080 [debug]: Finished parsing tests\source_tests.sql [  0.00s]
05:47:17.253889 [warn ]: dbt1005: Source 'stagging.bookings' not found in project. Searched for 'bookings'
  --> tests\source_tests.sql:8:2
05:47:17.255760 [info ]: Cached model count updated: 11 models (estimate)
05:47:17.255784 [info ]: Cached model count updated: 11 models (accurate)
05:47:17.255876 [info ]: Started scheduling
05:47:17.256266 [info ]: Finished scheduling [  0.00s]
05:47:17.256300 [info ]: Started scheduling
05:47:17.256589 [info ]: Finished scheduling [  0.00s]
05:47:17.256720 [debug]: Initializing schema store with entry: Selected("snapshot.aws_dbt_snowflake_project.dim_listings") and interval: None
05:47:17.256897 [debug]: Initializing schema store with entry: Selected("snapshot.aws_dbt_snowflake_project.dim_hosts") and interval: None
05:47:17.256991 [debug]: Initializing schema store with entry: Selected("snapshot.aws_dbt_snowflake_project.dim_bookings") and interval: None
05:47:17.257074 [debug]: Initializing schema store with entry: Frontier(CanonicalFqn { catalog: "AIRBNB", schema: "STAGING", table: "LISTINGS" }) and interval: None
05:47:17.257161 [debug]: Initializing schema store with entry: Frontier(CanonicalFqn { catalog: "AIRBNB", schema: "STAGING", table: "BOOKINGS" }) and interval: None
05:47:17.257240 [debug]: Initializing schema store with entry: Frontier(CanonicalFqn { catalog: "AIRBNB", schema: "STAGING", table: "HOSTS" }) and interval: None
05:47:17.258426 [info ]: Started deferring state
05:47:17.258459 [info ]: Finished deferring state [  0.00s]
05:47:17.259156 [info ]: Started downloading schemas
05:47:17.259369 [debug]:    Started downloading relations
05:47:17.259488 [info ]: Finished parsing [  0.14s]
05:47:18.340693 [debug]: Query executed on node unknown:
SHOW OBJECTS IN SCHEMA "AIRBNB"."BRONZE" LIMIT 10000
05:47:19.347020 [debug]:     Failed [  2.09s] downloading relations (error: Adapter operation was cancelled)
05:47:20.389999 [debug]: Query executed on node unknown:
describe table "AIRBNB"."BRONZE"."BRONZE_BOOKINGS"
05:47:20.390017 [debug]: Query executed on node unknown:
describe table "AIRBNB"."BRONZE"."BRONZE_HOSTS"
05:47:21.466494 [info ]: Started loading project
05:47:21.467784 [info ]: Loading profiles.yml
05:47:21.474783 [debug]:    Started loading packages
05:47:21.479743 [debug]:     Loaded [  0.00s] packages
05:47:21.480565 [info ]: Started parsing
05:47:21.502255 [info ]: Finished loading project [  0.04s]
05:47:21.503857 [debug]: Finished parsing models\sources\sources.yml [  0.00s]
05:47:21.504085 [debug]: Finished parsing snapshots\dim_bookings.yml [  0.00s]
05:47:21.504314 [debug]: Finished parsing snapshots\dim_hosts.yml [  0.00s]
05:47:21.504511 [debug]: Finished parsing snapshots\dim_listings.yml [  0.00s]
05:47:21.509189 [debug]: Finished parsing target\snapshots\dim_bookings.sql [  0.00s]
05:47:21.510017 [debug]: Finished parsing target\snapshots\dim_hosts.sql [  0.00s]
05:47:21.511492 [debug]: Finished parsing target\snapshots\dim_listings.sql [  0.00s]
05:47:21.513221 [debug]: Finished parsing models\bronze\bronze_bookings.sql [  0.00s]
05:47:21.514087 [debug]: Finished parsing models\bronze\bronze_hosts.sql [  0.00s]
05:47:21.514908 [debug]: Finished parsing models\bronze\bronze_listings.sql [  0.00s]
05:47:21.515719 [debug]: Finished parsing models\gold\ephemeral\bookings.sql [  0.00s]
05:47:21.516547 [debug]: Finished parsing models\gold\ephemeral\hosts.sql [  0.00s]
05:47:21.517392 [debug]: Finished parsing models\gold\ephemeral\listings.sql [  0.00s]
05:47:21.518644 [debug]: Finished parsing models\gold\fact.sql [  0.00s]
05:47:21.519821 [debug]: Finished parsing models\gold\obt.sql [  0.00s]
05:47:21.520758 [debug]: Finished parsing models\silver\silver_bookings.sql [  0.00s]
05:47:21.522007 [debug]: Finished parsing models\silver\silver_hosts.sql [  0.00s]
05:47:21.526931 [debug]: Finished parsing models\silver\silver_listings.sql [  0.00s]
05:47:21.528584 [debug]: Finished parsing analyses\If_else.sql [  0.00s]
05:47:21.529292 [debug]: Finished parsing analyses\explore.sql [  0.00s]
05:47:21.531200 [debug]: Finished parsing analyses\for_loop.sql [  0.00s]
05:47:21.532874 [debug]: Finished parsing tests\source_tests.sql [  0.00s]
05:47:21.533488 [warn ]: dbt1005: Source 'stagging.bookings' not found in project. Searched for 'bookings'
  --> tests\source_tests.sql:8:2
05:47:21.534419 [info ]: Cached model count updated: 11 models (estimate)
05:47:21.534428 [info ]: Cached model count updated: 11 models (accurate)
05:47:21.534481 [info ]: Started scheduling
05:47:21.534639 [info ]: Finished scheduling [  0.00s]
05:47:21.534653 [info ]: Started scheduling
05:47:21.534775 [info ]: Finished scheduling [  0.00s]
05:47:21.534849 [debug]: Initializing schema store with entry: Selected("snapshot.aws_dbt_snowflake_project.dim_listings") and interval: None
05:47:21.534935 [debug]: Initializing schema store with entry: Selected("snapshot.aws_dbt_snowflake_project.dim_bookings") and interval: None
05:47:21.534986 [debug]: Initializing schema store with entry: Selected("snapshot.aws_dbt_snowflake_project.dim_hosts") and interval: None
05:47:21.535016 [debug]: Initializing schema store with entry: Frontier(CanonicalFqn { catalog: "AIRBNB", schema: "STAGING", table: "BOOKINGS" }) and interval: None
05:47:21.535070 [debug]: Initializing schema store with entry: Frontier(CanonicalFqn { catalog: "AIRBNB", schema: "STAGING", table: "LISTINGS" }) and interval: None
05:47:21.535115 [debug]: Initializing schema store with entry: Frontier(CanonicalFqn { catalog: "AIRBNB", schema: "STAGING", table: "HOSTS" }) and interval: None
05:47:21.535733 [info ]: Started deferring state
05:47:21.535749 [info ]: Finished deferring state [  0.00s]
05:47:21.536084 [info ]: Started downloading schemas
05:47:21.536176 [debug]:    Started downloading relations
05:47:21.536279 [info ]: Finished parsing [  0.06s]
05:47:21.551443 [info ]: Finished downloading schemas [  4.29s]
05:47:22.649489 [debug]: Query executed on node unknown:
SHOW OBJECTS IN SCHEMA "AIRBNB"."BRONZE" LIMIT 10000
05:47:23.344331 [debug]:   Finished [  1.81s] downloading relations
05:47:24.493242 [debug]: Query executed on node unknown:
describe table "AIRBNB"."BRONZE"."BRONZE_BOOKINGS"
05:47:24.493242 [debug]: Query executed on node unknown:
describe table "AIRBNB"."BRONZE"."BRONZE_HOSTS"
05:47:24.800177 [debug]: Query executed on node unknown:
describe table "AIRBNB"."SILVER"."SILVER_BOOKINGS"
05:47:24.940987 [debug]: Query executed on node unknown:
describe table "AIRBNB"."SILVER"."SILVER_HOSTS"
05:47:25.105668 [debug]: Query executed on node unknown:
describe table "AIRBNB"."SILVER"."SILVER_LISTINGS"
05:47:25.110664 [debug]: Query executed on node unknown:
describe table "AIRBNB"."BRONZE"."BRONZE_LISTINGS"
05:47:25.308512 [info ]: Downloaded AIRBNB.bronze.bronze_bookings (schema)
05:47:25.310742 [info ]: Downloaded AIRBNB.bronze.bronze_hosts (schema)
05:47:25.313227 [info ]: Downloaded AIRBNB.bronze.bronze_listings (schema)
05:47:25.314851 [info ]: Downloaded AIRBNB.silver.silver_bookings (schema)
05:47:25.316378 [info ]: Downloaded AIRBNB.silver.silver_hosts (schema)
05:47:25.317986 [info ]: Downloaded AIRBNB.silver.silver_listings (schema)
05:47:25.593842 [info ]: Started building task graph
05:47:25.594013 [info ]: Finished building task graph [  0.00s]
05:47:25.594197 [info ]: Started rendering (17 nodes)
05:47:25.594212 [info ]: Started model gold.fact
05:47:25.594221 [debug]: Started rendering model gold.fact
05:47:25.594243 [info ]: Started model bronze.bronze_listings
05:47:25.594252 [debug]: Started rendering model bronze.bronze_listings
05:47:25.594262 [info ]: Started model bronze.bronze_hosts
05:47:25.594266 [debug]: Started rendering model bronze.bronze_hosts
05:47:25.594273 [info ]: Started model gold.obt
05:47:25.594277 [debug]: Started rendering model gold.obt
05:47:25.594286 [info ]: Started analysis DBT_SCHEMA.for_loop
05:47:25.594293 [debug]: Started rendering analysis DBT_SCHEMA.for_loop
05:47:25.594314 [info ]: Started analysis DBT_SCHEMA.explore
05:47:25.594322 [debug]: Started rendering analysis DBT_SCHEMA.explore
05:47:25.594332 [info ]: Started analysis DBT_SCHEMA.If_else
05:47:25.594339 [debug]: Started rendering analysis DBT_SCHEMA.If_else
05:47:25.594351 [info ]: Started model bronze.bronze_bookings
05:47:25.594363 [debug]: Started rendering model bronze.bronze_bookings
05:47:25.594366 [info ]: Finished downloading schemas [  4.06s]
05:47:25.599792 [debug]: Compiled SQL for node model.aws_dbt_snowflake_project.fact at target\.lsp\compiled\models\gold\fact.sql
05:47:25.599895 [info ]: Started analyzing (17 nodes)
05:47:25.599911 [debug]: Started analyzing model gold.fact
05:47:25.600001 [debug]: Finished rendering [  0.01s] model gold.fact [success]
05:47:25.600650 [debug]: Compiled SQL for node analysis.aws_dbt_snowflake_project.If_else at target\.lsp\compiled\analyses\If_else.sql
05:47:25.600710 [debug]: Finished rendering [  0.01s] analysis DBT_SCHEMA.If_else [success]
05:47:25.602168 [debug]: Compiled SQL for node model.aws_dbt_snowflake_project.bronze_listings at target\.lsp\compiled\models\bronze\bronze_listings.sql
05:47:25.602256 [debug]: Started analyzing model bronze.bronze_listings
05:47:25.602359 [debug]: Compiled SQL for node model.aws_dbt_snowflake_project.bronze_bookings at target\.lsp\compiled\models\bronze\bronze_bookings.sql
05:47:25.602408 [debug]: Started analyzing model bronze.bronze_bookings
05:47:25.602544 [debug]: Finished rendering [  0.01s] model bronze.bronze_bookings [success]
05:47:25.602603 [debug]: Finished rendering [  0.01s] model bronze.bronze_listings [success]
05:47:25.604088 [debug]: Compiled SQL for node analysis.aws_dbt_snowflake_project.for_loop at target\.lsp\compiled\analyses\for_loop.sql
05:47:25.604163 [debug]: Finished rendering [  0.01s] analysis DBT_SCHEMA.for_loop [success]
05:47:25.604955 [debug]: Compiled SQL for node model.aws_dbt_snowflake_project.obt at target\.lsp\compiled\models\gold\obt.sql
05:47:25.605025 [debug]: Started analyzing model gold.obt
05:47:25.605262 [debug]: Compiled SQL for node analysis.aws_dbt_snowflake_project.explore at target\.lsp\compiled\analyses\explore.sql
05:47:25.605358 [debug]: Finished rendering [  0.01s] analysis DBT_SCHEMA.explore [success]
05:47:25.605453 [debug]: Compiled SQL for node model.aws_dbt_snowflake_project.bronze_hosts at target\.lsp\compiled\models\bronze\bronze_hosts.sql
05:47:25.605532 [debug]: Started analyzing model bronze.bronze_hosts
05:47:25.605658 [debug]: Finished rendering [  0.01s] model bronze.bronze_hosts [success]
05:47:25.605717 [debug]: Finished rendering [  0.01s] model gold.obt [success]
05:47:25.606917 [info ]:  Succeeded [  0.01s] model bronze.bronze_bookings (incremental)
05:47:25.606957 [debug]: Finished analyzing [  0.00s] model bronze.bronze_bookings [success]
05:47:25.606983 [debug]: Started analyzing analysis DBT_SCHEMA.for_loop
05:47:25.607011 [info ]: Started model silver.silver_bookings
05:47:25.607026 [debug]: Started rendering model silver.silver_bookings
05:47:25.607043 [debug]: Started analyzing analysis DBT_SCHEMA.If_else
05:47:25.608789 [info ]:  Succeeded [  0.01s] analysis DBT_SCHEMA.for_loop (analysis)
05:47:25.608824 [debug]: Finished analyzing [  0.00s] analysis DBT_SCHEMA.for_loop [success]
05:47:25.609928 [info ]:  Succeeded [  0.01s] model bronze.bronze_listings (incremental)
05:47:25.609986 [debug]: Finished analyzing [  0.01s] model bronze.bronze_listings [success]
05:47:25.610039 [info ]: Started model silver.silver_listings
05:47:25.610075 [debug]: Started rendering model silver.silver_listings
05:47:25.610139 [info ]:  Succeeded [  0.01s] analysis DBT_SCHEMA.If_else (analysis)
05:47:25.610163 [debug]: Finished analyzing [  0.00s] analysis DBT_SCHEMA.If_else [success]
05:47:25.613123 [debug]: Compiled SQL for node model.aws_dbt_snowflake_project.silver_listings at target\.lsp\compiled\models\silver\silver_listings.sql
05:47:25.613279 [debug]: Started analyzing model silver.silver_listings
05:47:25.613604 [debug]: Compiled SQL for node model.aws_dbt_snowflake_project.silver_bookings at target\.lsp\compiled\models\silver\silver_bookings.sql
05:47:25.613661 [debug]: Started analyzing model silver.silver_bookings
05:47:25.613721 [info ]:  Succeeded [  0.02s] model bronze.bronze_hosts (incremental)
05:47:25.613775 [debug]: Finished analyzing [  0.01s] model bronze.bronze_hosts [success]
05:47:25.613820 [info ]: Started model silver.silver_hosts
05:47:25.613849 [debug]: Started rendering model silver.silver_hosts
05:47:25.613973 [debug]: Finished rendering [  0.00s] model silver.silver_listings [success]
05:47:25.614007 [debug]: Finished rendering [  0.01s] model silver.silver_bookings [success]
05:47:25.616836 [info ]:  Succeeded [  0.01s] model silver.silver_bookings (incremental)
05:47:25.616882 [debug]: Finished analyzing [  0.00s] model silver.silver_bookings [success]
05:47:25.616911 [debug]: Started analyzing analysis DBT_SCHEMA.explore
05:47:25.618355 [debug]: Compiled SQL for node model.aws_dbt_snowflake_project.silver_hosts at target\.lsp\compiled\models\silver\silver_hosts.sql
05:47:25.618442 [debug]: Started analyzing model silver.silver_hosts
05:47:25.618548 [info ]:  Succeeded [  0.01s] analysis DBT_SCHEMA.explore (analysis)
05:47:25.618576 [debug]: Finished analyzing [  0.00s] analysis DBT_SCHEMA.explore [success]
05:47:25.618611 [debug]: Finished rendering [  0.00s] model silver.silver_hosts [success]
05:47:25.619610 [info ]:  Succeeded [  0.01s] model silver.silver_listings (incremental)
05:47:25.619647 [debug]: Finished analyzing [  0.01s] model silver.silver_listings [success]
05:47:25.623147 [info ]:  Succeeded [  0.01s] model silver.silver_hosts (incremental)
05:47:25.623179 [debug]: Finished analyzing [  0.00s] model silver.silver_hosts [success]
05:47:25.627274 [info ]:  Succeeded [  0.03s] model gold.obt (table)
05:47:25.627299 [debug]: Finished analyzing [  0.02s] model gold.obt [success]
05:47:25.627321 [info ]: Started model gold.listings
05:47:25.627331 [debug]: Started rendering model gold.listings
05:47:25.627350 [info ]: Started model gold.hosts
05:47:25.627357 [debug]: Started rendering model gold.hosts
05:47:25.627370 [info ]: Started model gold.bookings
05:47:25.627379 [debug]: Started rendering model gold.bookings
05:47:25.632713 [debug]: Compiled SQL for node model.aws_dbt_snowflake_project.hosts at target\.lsp\compiled\models\gold\ephemeral\hosts.sql
05:47:25.632775 [debug]: Compiled SQL for node model.aws_dbt_snowflake_project.listings at target\.lsp\compiled\models\gold\ephemeral\listings.sql
05:47:25.632839 [debug]: Started analyzing model gold.hosts
05:47:25.632858 [debug]: Finished rendering [  0.01s] model gold.hosts [success]
05:47:25.632877 [debug]: Finished rendering [  0.01s] model gold.listings [success]
05:47:25.632891 [debug]: Started analyzing model gold.listings
05:47:25.633423 [debug]: Compiled SQL for node model.aws_dbt_snowflake_project.bookings at target\.lsp\compiled\models\gold\ephemeral\bookings.sql
05:47:25.633501 [debug]: Started analyzing model gold.bookings
05:47:25.633987 [debug]: Finished rendering [  0.01s] model gold.bookings [success]
05:47:25.635803 [info ]:  Succeeded [  0.01s] model gold.hosts (ephemeral)
05:47:25.635846 [debug]: Finished analyzing [  0.00s] model gold.hosts [success]
05:47:25.635885 [info ]: Started snapshot gold.dim_hosts
05:47:25.635905 [debug]: Started rendering snapshot gold.dim_hosts
05:47:25.635930 [info ]:  Succeeded [  0.01s] model gold.listings (ephemeral)
05:47:25.635946 [debug]: Finished analyzing [  0.00s] model gold.listings [success]
05:47:25.635964 [info ]: Started snapshot gold.dim_listings
05:47:25.635975 [debug]: Started rendering snapshot gold.dim_listings
05:47:25.635994 [info ]:  Succeeded [  0.01s] model gold.bookings (ephemeral)
05:47:25.636006 [debug]: Finished analyzing [  0.00s] model gold.bookings [success]
05:47:25.636023 [info ]: Started snapshot gold.dim_bookings
05:47:25.636034 [debug]: Started rendering snapshot gold.dim_bookings
05:47:25.638030 [debug]: Compiled SQL for node snapshot.aws_dbt_snowflake_project.dim_hosts at target\.lsp\compiled\snapshots\dim_hosts.sql
05:47:25.638123 [debug]: Started analyzing snapshot gold.dim_hosts
05:47:25.638238 [debug]: Compiled SQL for node snapshot.aws_dbt_snowflake_project.dim_bookings at target\.lsp\compiled\snapshots\dim_bookings.sql
05:47:25.638295 [debug]: Started analyzing snapshot gold.dim_bookings
05:47:25.638477 [debug]: Compiled SQL for node snapshot.aws_dbt_snowflake_project.dim_listings at target\.lsp\compiled\snapshots\dim_listings.sql
05:47:25.638497 [debug]: Finished rendering [  0.00s] snapshot gold.dim_hosts [success]
05:47:25.638529 [debug]: Finished rendering [  0.00s] snapshot gold.dim_listings [success]
05:47:25.638537 [debug]: Started analyzing snapshot gold.dim_listings
05:47:25.638544 [debug]: Finished rendering [  0.00s] snapshot gold.dim_bookings [success]
05:47:25.638553 [info ]: Finished rendering [  0.04s] (17 nodes, 0 skipped, 0 errors)
05:47:25.641697 [info ]:  Succeeded [  0.01s] snapshot gold.dim_hosts (table)
05:47:25.641755 [debug]: Finished analyzing [  0.00s] snapshot gold.dim_hosts [success]
05:47:25.641834 [info ]:  Succeeded [  0.01s] snapshot gold.dim_bookings (table)
05:47:25.641864 [debug]: Finished analyzing [  0.00s] snapshot gold.dim_bookings [success]
05:47:25.641903 [info ]:  Succeeded [  0.01s] snapshot gold.dim_listings (table)
05:47:25.641931 [debug]: Finished analyzing [  0.00s] snapshot gold.dim_listings [success]
05:47:26.641609 [debug]: Query executed on node model.aws_dbt_snowflake_project.fact:
describe table "AIRBNB"."GOLD"."OBT"
05:47:27.310722 [debug]: Schema hydration: registering 1 schemas from db_runner
05:47:27.310791 [debug]: Schema hydration: parsing FQN string '"AIRBNB"."GOLD"."OBT"'
05:47:27.310825 [debug]: Schema hydration: registering cfqn=AIRBNB.GOLD.OBT (catalog='AIRBNB', schema='GOLD', table='OBT')
05:47:27.313598 [debug]: Schema hydration: registration succeeded for AIRBNB.GOLD.OBT, exists_check=true
05:47:27.332264 [info ]:  Succeeded [  1.74s] model gold.fact (table)
05:47:27.332363 [debug]: Finished analyzing [  1.73s] model gold.fact [success]
05:47:27.332391 [info ]: Finished analyzing [  1.73s] (17 nodes, 0 skipped, 0 errors)
05:47:27.343082 [info ]: Cached model count updated: 11 models (accurate)
05:48:05.116217 [info ]: Started loading project
05:48:05.117941 [info ]: Loading profiles.yml
05:48:05.132935 [info ]: Started loading project
05:48:05.134230 [info ]: Loading profiles.yml
05:48:05.134342 [info ]: Finished loading project [  0.02s]
05:48:05.145187 [debug]:    Started loading packages
05:48:05.155753 [debug]:     Loaded [  0.01s] packages
05:48:05.157540 [info ]: Started parsing
05:48:05.226858 [info ]: Finished loading project [  0.09s]
05:48:05.229866 [debug]: Finished parsing models\sources\sources.yml [  0.00s]
05:48:05.230469 [debug]: Finished parsing snapshots\dim_bookings.yml [  0.00s]
05:48:05.230919 [debug]: Finished parsing snapshots\dim_hosts.yml [  0.00s]
05:48:05.231310 [debug]: Finished parsing snapshots\dim_listings.yml [  0.00s]
05:48:05.240509 [debug]: Finished parsing target\snapshots\dim_bookings.sql [  0.00s]
05:48:05.242077 [debug]: Finished parsing target\snapshots\dim_hosts.sql [  0.00s]
05:48:05.245424 [debug]: Finished parsing target\snapshots\dim_listings.sql [  0.00s]
05:48:05.248493 [debug]: Finished parsing models\bronze\bronze_bookings.sql [  0.00s]
05:48:05.250021 [debug]: Finished parsing models\bronze\bronze_hosts.sql [  0.00s]
05:48:05.251552 [debug]: Finished parsing models\bronze\bronze_listings.sql [  0.00s]
05:48:05.253110 [debug]: Finished parsing models\gold\ephemeral\bookings.sql [  0.00s]
05:48:05.254971 [debug]: Finished parsing models\gold\ephemeral\hosts.sql [  0.00s]
05:48:05.256841 [debug]: Finished parsing models\gold\ephemeral\listings.sql [  0.00s]
05:48:05.258433 [debug]: Finished parsing models\gold\fact.sql [  0.00s]
05:48:05.260024 [debug]: Finished parsing models\gold\obt.sql [  0.00s]
05:48:05.261742 [debug]: Finished parsing models\silver\silver_bookings.sql [  0.00s]
05:48:05.263331 [debug]: Finished parsing models\silver\silver_hosts.sql [  0.00s]
05:48:05.274705 [debug]: Finished parsing models\silver\silver_listings.sql [  0.01s]
05:48:05.277791 [debug]: Finished parsing analyses\If_else.sql [  0.00s]
05:48:05.278855 [debug]: Finished parsing analyses\explore.sql [  0.00s]
05:48:05.283017 [debug]: Finished parsing analyses\for_loop.sql [  0.00s]
05:48:05.285913 [debug]: Finished parsing tests\source_tests.sql [  0.00s]
05:48:05.287127 [info ]: Finished parsing [  0.13s]
05:48:05.290162 [info ]: Cached model count updated: 11 models (estimate)
05:48:05.290198 [info ]: Cached model count updated: 11 models (accurate)
05:48:05.290308 [info ]: Started scheduling
05:48:05.290685 [info ]: Finished scheduling [  0.00s]
05:48:05.290720 [info ]: Started scheduling
05:48:05.290996 [info ]: Finished scheduling [  0.00s]
05:48:05.291135 [debug]: Initializing schema store with entry: Selected("snapshot.aws_dbt_snowflake_project.dim_listings") and interval: None
05:48:05.291307 [debug]: Initializing schema store with entry: Selected("snapshot.aws_dbt_snowflake_project.dim_hosts") and interval: None
05:48:05.291401 [debug]: Initializing schema store with entry: Selected("snapshot.aws_dbt_snowflake_project.dim_bookings") and interval: None
05:48:05.291480 [debug]: Initializing schema store with entry: Frontier(CanonicalFqn { catalog: "AIRBNB", schema: "STAGING", table: "LISTINGS" }) and interval: None
05:48:05.291570 [debug]: Initializing schema store with entry: Frontier(CanonicalFqn { catalog: "AIRBNB", schema: "STAGING", table: "HOSTS" }) and interval: None
05:48:05.291650 [debug]: Initializing schema store with entry: Frontier(CanonicalFqn { catalog: "AIRBNB", schema: "STAGING", table: "BOOKINGS" }) and interval: None
05:48:05.292882 [info ]: Started deferring state
05:48:05.292918 [info ]: Finished deferring state [  0.00s]
05:48:05.293679 [info ]: Started downloading schemas
05:48:05.293880 [debug]:    Started downloading relations
05:48:06.619592 [debug]: Query executed on node unknown:
SHOW OBJECTS IN SCHEMA "AIRBNB"."BRONZE" LIMIT 10000
05:48:07.635046 [debug]:     Failed [  2.34s] downloading relations (error: Adapter operation was cancelled)
05:48:08.219137 [debug]: Query executed on node unknown:
describe table "AIRBNB"."BRONZE"."BRONZE_BOOKINGS"
05:48:08.224790 [debug]: Query executed on node unknown:
describe table "AIRBNB"."BRONZE"."BRONZE_HOSTS"
05:48:08.888325 [info ]: Started loading project
05:48:08.889137 [info ]: Loading profiles.yml
05:48:08.894074 [debug]:    Started loading packages
05:48:08.898025 [debug]:     Loaded [  0.00s] packages
05:48:08.898631 [info ]: Started parsing
05:48:08.922455 [info ]: Finished loading project [  0.03s]
05:48:08.924164 [debug]: Finished parsing models\sources\sources.yml [  0.00s]
05:48:08.924470 [debug]: Finished parsing snapshots\dim_bookings.yml [  0.00s]
05:48:08.924684 [debug]: Finished parsing snapshots\dim_hosts.yml [  0.00s]
05:48:08.924875 [debug]: Finished parsing snapshots\dim_listings.yml [  0.00s]
05:48:08.928874 [debug]: Finished parsing target\snapshots\dim_bookings.sql [  0.00s]
05:48:08.929643 [debug]: Finished parsing target\snapshots\dim_hosts.sql [  0.00s]
05:48:08.930865 [debug]: Finished parsing target\snapshots\dim_listings.sql [  0.00s]
05:48:08.931945 [debug]: Finished parsing models\bronze\bronze_bookings.sql [  0.00s]
05:48:08.932589 [debug]: Finished parsing models\bronze\bronze_hosts.sql [  0.00s]
05:48:08.933176 [debug]: Finished parsing models\bronze\bronze_listings.sql [  0.00s]
05:48:08.933711 [debug]: Finished parsing models\gold\ephemeral\bookings.sql [  0.00s]
05:48:08.934329 [debug]: Finished parsing models\gold\ephemeral\hosts.sql [  0.00s]
05:48:08.935000 [debug]: Finished parsing models\gold\ephemeral\listings.sql [  0.00s]
05:48:08.935618 [debug]: Finished parsing models\gold\fact.sql [  0.00s]
05:48:08.936523 [debug]: Finished parsing models\gold\obt.sql [  0.00s]
05:48:08.937220 [debug]: Finished parsing models\silver\silver_bookings.sql [  0.00s]
05:48:08.937751 [debug]: Finished parsing models\silver\silver_hosts.sql [  0.00s]
05:48:08.941158 [debug]: Finished parsing models\silver\silver_listings.sql [  0.00s]
05:48:08.942830 [debug]: Finished parsing analyses\If_else.sql [  0.00s]
05:48:08.943276 [debug]: Finished parsing analyses\explore.sql [  0.00s]
05:48:08.944735 [debug]: Finished parsing analyses\for_loop.sql [  0.00s]
05:48:08.945729 [debug]: Finished parsing tests\source_tests.sql [  0.00s]
05:48:08.946285 [info ]: Finished parsing [  0.05s]
05:48:08.946882 [info ]: Cached model count updated: 11 models (estimate)
05:48:08.946892 [info ]: Cached model count updated: 11 models (accurate)
05:48:08.946928 [info ]: Started scheduling
05:48:08.947086 [info ]: Finished scheduling [  0.00s]
05:48:08.947101 [info ]: Started scheduling
05:48:08.947189 [info ]: Finished scheduling [  0.00s]
05:48:08.947241 [debug]: Initializing schema store with entry: Selected("snapshot.aws_dbt_snowflake_project.dim_bookings") and interval: None
05:48:08.947295 [debug]: Initializing schema store with entry: Selected("snapshot.aws_dbt_snowflake_project.dim_listings") and interval: None
05:48:08.947327 [debug]: Initializing schema store with entry: Selected("snapshot.aws_dbt_snowflake_project.dim_hosts") and interval: None
05:48:08.947355 [debug]: Initializing schema store with entry: Frontier(CanonicalFqn { catalog: "AIRBNB", schema: "STAGING", table: "HOSTS" }) and interval: None
05:48:08.947386 [debug]: Initializing schema store with entry: Frontier(CanonicalFqn { catalog: "AIRBNB", schema: "STAGING", table: "BOOKINGS" }) and interval: None
05:48:08.947412 [debug]: Initializing schema store with entry: Frontier(CanonicalFqn { catalog: "AIRBNB", schema: "STAGING", table: "LISTINGS" }) and interval: None
05:48:08.947946 [info ]: Started deferring state
05:48:08.947959 [info ]: Finished deferring state [  0.00s]
05:48:08.948240 [info ]: Started downloading schemas
05:48:08.948311 [debug]:    Started downloading relations
05:48:09.332101 [info ]: Finished downloading schemas [  4.04s]
05:48:09.767023 [debug]: Query executed on node unknown:
SHOW OBJECTS IN SCHEMA "AIRBNB"."BRONZE" LIMIT 10000
05:48:10.133520 [debug]:   Finished [  1.19s] downloading relations
05:48:11.086067 [debug]: Query executed on node unknown:
describe table "AIRBNB"."BRONZE"."BRONZE_BOOKINGS"
05:48:11.089989 [debug]: Query executed on node unknown:
describe table "AIRBNB"."BRONZE"."BRONZE_HOSTS"
05:48:11.697074 [debug]: Query executed on node unknown:
describe table "AIRBNB"."SILVER"."SILVER_BOOKINGS"
05:48:11.699743 [debug]: Query executed on node unknown:
describe table "AIRBNB"."BRONZE"."BRONZE_LISTINGS"
05:48:11.899289 [debug]: Query executed on node unknown:
describe table "AIRBNB"."SILVER"."SILVER_LISTINGS"
05:48:12.516041 [debug]: Query executed on node unknown:
describe table "AIRBNB"."SILVER"."SILVER_HOSTS"
05:48:13.241837 [info ]: Downloaded AIRBNB.bronze.bronze_bookings (schema)
05:48:13.243534 [info ]: Downloaded AIRBNB.bronze.bronze_hosts (schema)
05:48:13.244894 [info ]: Downloaded AIRBNB.bronze.bronze_listings (schema)
05:48:13.246282 [info ]: Downloaded AIRBNB.silver.silver_bookings (schema)
05:48:13.247809 [info ]: Downloaded AIRBNB.silver.silver_hosts (schema)
05:48:13.248989 [info ]: Downloaded AIRBNB.silver.silver_listings (schema)
05:48:13.442502 [info ]: Started building task graph
05:48:13.442736 [info ]: Finished building task graph [  0.00s]
05:48:13.442942 [info ]: Started rendering (17 nodes)
05:48:13.442968 [info ]: Started model gold.fact
05:48:13.442979 [debug]: Started rendering model gold.fact
05:48:13.443000 [info ]: Started model bronze.bronze_listings
05:48:13.443006 [debug]: Started rendering model bronze.bronze_listings
05:48:13.443016 [info ]: Started model bronze.bronze_hosts
05:48:13.443024 [debug]: Started rendering model bronze.bronze_hosts
05:48:13.443035 [info ]: Started model gold.obt
05:48:13.443045 [debug]: Started rendering model gold.obt
05:48:13.443043 [info ]: Finished downloading schemas [  4.49s]
05:48:13.443059 [info ]: Started analysis DBT_SCHEMA.for_loop
05:48:13.443067 [debug]: Started rendering analysis DBT_SCHEMA.for_loop
05:48:13.443078 [info ]: Started analysis DBT_SCHEMA.explore
05:48:13.443086 [debug]: Started rendering analysis DBT_SCHEMA.explore
05:48:13.443153 [info ]: Started analysis DBT_SCHEMA.If_else
05:48:13.443169 [debug]: Started rendering analysis DBT_SCHEMA.If_else
05:48:13.443206 [info ]: Started model bronze.bronze_bookings
05:48:13.443220 [debug]: Started rendering model bronze.bronze_bookings
05:48:13.448123 [debug]: Compiled SQL for node analysis.aws_dbt_snowflake_project.explore at target\.lsp\compiled\analyses\explore.sql
05:48:13.448204 [debug]: Finished rendering [  0.01s] analysis DBT_SCHEMA.explore [success]
05:48:13.448788 [debug]: Compiled SQL for node model.aws_dbt_snowflake_project.fact at target\.lsp\compiled\models\gold\fact.sql
05:48:13.448882 [info ]: Started analyzing (17 nodes)
05:48:13.448905 [debug]: Started analyzing model gold.fact
05:48:13.449118 [debug]: Finished rendering [  0.01s] model gold.fact [success]
05:48:13.449453 [debug]: Compiled SQL for node analysis.aws_dbt_snowflake_project.for_loop at target\.lsp\compiled\analyses\for_loop.sql
05:48:13.449529 [debug]: Finished rendering [  0.01s] analysis DBT_SCHEMA.for_loop [success]
05:48:13.449567 [debug]: Compiled SQL for node analysis.aws_dbt_snowflake_project.If_else at target\.lsp\compiled\analyses\If_else.sql
05:48:13.449611 [debug]: Finished rendering [  0.01s] analysis DBT_SCHEMA.If_else [success]
05:48:13.450358 [debug]: Compiled SQL for node model.aws_dbt_snowflake_project.bronze_bookings at target\.lsp\compiled\models\bronze\bronze_bookings.sql
05:48:13.450486 [debug]: Started analyzing model bronze.bronze_bookings
05:48:13.451167 [debug]: Compiled SQL for node model.aws_dbt_snowflake_project.bronze_listings at target\.lsp\compiled\models\bronze\bronze_listings.sql
05:48:13.451233 [debug]: Started analyzing model bronze.bronze_listings
05:48:13.451365 [debug]: Finished rendering [  0.01s] model bronze.bronze_bookings [success]
05:48:13.451393 [debug]: Finished rendering [  0.01s] model bronze.bronze_listings [success]
05:48:13.453701 [debug]: Compiled SQL for node model.aws_dbt_snowflake_project.obt at target\.lsp\compiled\models\gold\obt.sql
05:48:13.453829 [debug]: Started analyzing model gold.obt
05:48:13.454604 [debug]: Finished rendering [  0.01s] model gold.obt [success]
05:48:13.455917 [info ]:  Succeeded [  0.01s] model bronze.bronze_listings (incremental)
05:48:13.455955 [debug]: Finished analyzing [  0.00s] model bronze.bronze_listings [success]
05:48:13.455987 [info ]: Started model silver.silver_listings
05:48:13.456004 [debug]: Started rendering model silver.silver_listings
05:48:13.457355 [debug]: Compiled SQL for node model.aws_dbt_snowflake_project.bronze_hosts at target\.lsp\compiled\models\bronze\bronze_hosts.sql
05:48:13.457373 [info ]:  Succeeded [  0.01s] model bronze.bronze_bookings (incremental)
05:48:13.457406 [debug]: Finished analyzing [  0.01s] model bronze.bronze_bookings [success]
05:48:13.457471 [debug]: Started analyzing analysis DBT_SCHEMA.If_else
05:48:13.457498 [debug]: Started analyzing analysis DBT_SCHEMA.for_loop
05:48:13.457518 [info ]: Started model silver.silver_bookings
05:48:13.457531 [debug]: Started rendering model silver.silver_bookings
05:48:13.457555 [debug]: Finished rendering [  0.01s] model bronze.bronze_hosts [success]
05:48:13.457570 [debug]: Started analyzing model bronze.bronze_hosts
05:48:13.459648 [info ]:  Succeeded [  0.01s] analysis DBT_SCHEMA.If_else (analysis)
05:48:13.459694 [debug]: Finished analyzing [  0.00s] analysis DBT_SCHEMA.If_else [success]
05:48:13.459812 [info ]:  Succeeded [  0.01s] analysis DBT_SCHEMA.for_loop (analysis)
05:48:13.459854 [debug]: Finished analyzing [  0.00s] analysis DBT_SCHEMA.for_loop [success]
05:48:13.462085 [debug]: Compiled SQL for node model.aws_dbt_snowflake_project.silver_listings at target\.lsp\compiled\models\silver\silver_listings.sql
05:48:13.462219 [debug]: Started analyzing model silver.silver_listings
05:48:13.462353 [info ]:  Succeeded [  0.02s] model bronze.bronze_hosts (incremental)
05:48:13.462385 [debug]: Finished analyzing [  0.00s] model bronze.bronze_hosts [success]
05:48:13.462414 [info ]: Started model silver.silver_hosts
05:48:13.462428 [debug]: Started rendering model silver.silver_hosts
05:48:13.462469 [debug]: Finished rendering [  0.01s] model silver.silver_listings [success]
05:48:13.463785 [debug]: Compiled SQL for node model.aws_dbt_snowflake_project.silver_bookings at target\.lsp\compiled\models\silver\silver_bookings.sql
05:48:13.463857 [debug]: Started analyzing model silver.silver_bookings
05:48:13.464412 [debug]: Finished rendering [  0.01s] model silver.silver_bookings [success]
05:48:13.465869 [debug]: Compiled SQL for node model.aws_dbt_snowflake_project.silver_hosts at target\.lsp\compiled\models\silver\silver_hosts.sql
05:48:13.465986 [debug]: Started analyzing model silver.silver_hosts
05:48:13.466358 [debug]: Finished rendering [  0.00s] model silver.silver_hosts [success]
05:48:13.467664 [info ]:  Succeeded [  0.01s] model silver.silver_listings (incremental)
05:48:13.467701 [debug]: Finished analyzing [  0.01s] model silver.silver_listings [success]
05:48:13.467795 [info ]:  Succeeded [  0.01s] model silver.silver_bookings (incremental)
05:48:13.467828 [debug]: Finished analyzing [  0.00s] model silver.silver_bookings [success]
05:48:13.467854 [debug]: Started analyzing analysis DBT_SCHEMA.explore
05:48:13.470433 [info ]:  Succeeded [  0.01s] analysis DBT_SCHEMA.explore (analysis)
05:48:13.470495 [debug]: Finished analyzing [  0.00s] analysis DBT_SCHEMA.explore [success]
05:48:13.471372 [info ]:  Succeeded [  0.01s] model silver.silver_hosts (incremental)
05:48:13.471404 [debug]: Finished analyzing [  0.01s] model silver.silver_hosts [success]
05:48:13.476512 [info ]:  Succeeded [  0.03s] model gold.obt (table)
05:48:13.476560 [debug]: Finished analyzing [  0.02s] model gold.obt [success]
05:48:13.476584 [info ]: Started model gold.bookings
05:48:13.476598 [debug]: Started rendering model gold.bookings
05:48:13.476623 [info ]: Started model gold.hosts
05:48:13.476630 [debug]: Started rendering model gold.hosts
05:48:13.476642 [info ]: Started model gold.listings
05:48:13.476649 [debug]: Started rendering model gold.listings
05:48:13.479845 [debug]: Compiled SQL for node model.aws_dbt_snowflake_project.hosts at target\.lsp\compiled\models\gold\ephemeral\hosts.sql
05:48:13.479955 [debug]: Compiled SQL for node model.aws_dbt_snowflake_project.listings at target\.lsp\compiled\models\gold\ephemeral\listings.sql
05:48:13.479963 [debug]: Started analyzing model gold.hosts
05:48:13.480005 [debug]: Started analyzing model gold.listings
05:48:13.480021 [debug]: Finished rendering [  0.00s] model gold.listings [success]
05:48:13.480053 [debug]: Compiled SQL for node model.aws_dbt_snowflake_project.bookings at target\.lsp\compiled\models\gold\ephemeral\bookings.sql
05:48:13.480094 [debug]: Started analyzing model gold.bookings
05:48:13.481233 [debug]: Finished rendering [  0.00s] model gold.hosts [success]
05:48:13.481273 [debug]: Finished rendering [  0.00s] model gold.bookings [success]
05:48:13.482805 [info ]:  Succeeded [  0.01s] model gold.listings (ephemeral)
05:48:13.482850 [debug]: Finished analyzing [  0.00s] model gold.listings [success]
05:48:13.482894 [info ]: Started snapshot gold.dim_listings
05:48:13.482913 [debug]: Started rendering snapshot gold.dim_listings
05:48:13.482943 [info ]:  Succeeded [  0.01s] model gold.bookings (ephemeral)
05:48:13.482962 [debug]: Finished analyzing [  0.00s] model gold.bookings [success]
05:48:13.482983 [info ]: Started snapshot gold.dim_bookings
05:48:13.482994 [debug]: Started rendering snapshot gold.dim_bookings
05:48:13.483316 [info ]:  Succeeded [  0.01s] model gold.hosts (ephemeral)
05:48:13.483347 [debug]: Finished analyzing [  0.00s] model gold.hosts [success]
05:48:13.483381 [info ]: Started snapshot gold.dim_hosts
05:48:13.483394 [debug]: Started rendering snapshot gold.dim_hosts
05:48:13.485728 [debug]: Compiled SQL for node snapshot.aws_dbt_snowflake_project.dim_bookings at target\.lsp\compiled\snapshots\dim_bookings.sql
05:48:13.485742 [debug]: Compiled SQL for node snapshot.aws_dbt_snowflake_project.dim_listings at target\.lsp\compiled\snapshots\dim_listings.sql
05:48:13.485828 [debug]: Compiled SQL for node snapshot.aws_dbt_snowflake_project.dim_hosts at target\.lsp\compiled\snapshots\dim_hosts.sql
05:48:13.485857 [debug]: Started analyzing snapshot gold.dim_bookings
05:48:13.485862 [debug]: Finished rendering [  0.00s] snapshot gold.dim_bookings [success]
05:48:13.485888 [debug]: Finished rendering [  0.00s] snapshot gold.dim_listings [success]
05:48:13.485908 [debug]: Started analyzing snapshot gold.dim_listings
05:48:13.485931 [debug]: Finished rendering [  0.00s] snapshot gold.dim_hosts [success]
05:48:13.485941 [info ]: Finished rendering [  0.04s] (17 nodes, 0 skipped, 0 errors)
05:48:13.485956 [debug]: Started analyzing snapshot gold.dim_hosts
05:48:13.489667 [info ]:  Succeeded [  0.01s] snapshot gold.dim_hosts (table)
05:48:13.489704 [debug]: Finished analyzing [  0.00s] snapshot gold.dim_hosts [success]
05:48:13.489889 [info ]:  Succeeded [  0.01s] snapshot gold.dim_bookings (table)
05:48:13.489916 [debug]: Finished analyzing [  0.00s] snapshot gold.dim_bookings [success]
05:48:13.490033 [info ]:  Succeeded [  0.01s] snapshot gold.dim_listings (table)
05:48:13.490055 [debug]: Finished analyzing [  0.00s] snapshot gold.dim_listings [success]
05:48:14.460492 [debug]: Query executed on node model.aws_dbt_snowflake_project.fact:
describe table "AIRBNB"."GOLD"."OBT"
05:48:15.225472 [debug]: Schema hydration: registering 1 schemas from db_runner
05:48:15.225558 [debug]: Schema hydration: parsing FQN string '"AIRBNB"."GOLD"."OBT"'
05:48:15.225590 [debug]: Schema hydration: registering cfqn=AIRBNB.GOLD.OBT (catalog='AIRBNB', schema='GOLD', table='OBT')
05:48:15.228622 [debug]: Schema hydration: registration succeeded for AIRBNB.GOLD.OBT, exists_check=true
05:48:15.246651 [info ]:  Succeeded [  1.80s] model gold.fact (table)
05:48:15.246734 [debug]: Finished analyzing [  1.80s] model gold.fact [success]
05:48:15.246761 [info ]: Finished analyzing [  1.80s] (17 nodes, 0 skipped, 0 errors)
05:48:15.256383 [info ]: Cached model count updated: 11 models (accurate)
05:50:44.325253 [info ]: Started loading project
05:50:44.326018 [info ]: Finished loading project [  0.00s]
06:24:24.245780 [info ]: Started loading project
06:24:24.247336 [info ]: Loading ~/.dbt/profiles.yml
06:24:24.260577 [debug]:    Started loading packages
06:24:24.263444 [debug]:     Loaded [  0.00s] packages
06:24:24.265991 [info ]: Started parsing
06:24:24.382498 [info ]: Finished loading project [  0.14s]
06:24:24.391971 [debug]: Finished parsing models\gold\ephemeral\listings.sql [  0.00s]
06:24:24.395164 [debug]: Finished parsing models\gold\fact.sql [  0.00s]
06:24:24.396988 [debug]: Finished parsing analyses\explore.sql [  0.00s]
06:24:24.398505 [debug]: Finished parsing tests\source_tests.sql [  0.00s]
06:24:24.400045 [error]: dbt1005: Ref 'obt' not found in project. Searched for 'aws_dbt_snowflake_project.obt, obt'
  --> models\gold\ephemeral\listings.sql:18:8
06:24:24.400096 [warn ]: dbt1005: Source 'staging.bookings' not found in project. Searched for 'bookings'
  --> tests\source_tests.sql:8:2
06:24:24.400122 [error]: dbt1005: Ref 'silver_bookings' not found in project. Searched for 'aws_dbt_snowflake_project.silver_bookings, silver_bookings'
  --> analyses\explore.sql:1:15
06:24:24.400905 [info ]: Cached model count updated: 2 models (estimate)
06:24:24.400928 [info ]: Cached model count updated: 2 models (accurate)
06:24:24.401021 [info ]: Started scheduling
06:24:24.401122 [info ]: Finished scheduling [  0.00s]
06:24:24.401177 [info ]: Started scheduling
06:24:24.401238 [info ]: Finished scheduling [  0.00s]
06:24:24.402644 [info ]: Started deferring state
06:24:24.402676 [info ]: Finished deferring state [  0.00s]
06:24:24.403381 [info ]: Started downloading schemas
06:24:24.403420 [debug]:    Started downloading relations
06:24:24.403451 [debug]:   Finished [  0.00s] downloading relations
06:24:24.403468 [info ]: Finished downloading schemas [  0.00s]
06:24:24.594905 [info ]: Started building task graph
06:24:24.594996 [info ]: Finished building task graph [  0.00s]
06:24:24.595228 [info ]: Started rendering (3 nodes)
06:24:24.595260 [info ]: Started model dbt_schema.listings
06:24:24.595282 [debug]: Started rendering model dbt_schema.listings
06:24:24.595316 [info ]: Started model dbt_schema.fact
06:24:24.595328 [debug]: Started rendering model dbt_schema.fact
06:24:24.595349 [info ]: Started analysis dbt_schema.explore
06:24:24.595362 [debug]: Started rendering analysis dbt_schema.explore
06:24:24.595362 [info ]: Finished parsing [  0.33s]
06:24:24.597493 [debug]: Compiled SQL for node model.aws_dbt_snowflake_project.fact at target\.lsp\compiled\models\gold\fact.sql
06:24:24.597697 [debug]: Finished rendering [  0.00s] model dbt_schema.fact [success]
06:24:24.597813 [info ]: Started analyzing (3 nodes)
06:24:24.597833 [debug]: Started analyzing model dbt_schema.fact
06:24:24.599374 [error]: dbt1501: Failed to render SQL not a key type: ref not found for package: aws_dbt_snowflake_project, model: silver_bookings, version: None
(in analyses\explore.sql:1:15)
  --> analyses\explore.sql:1:15
06:24:24.599804 [debug]: Started analyzing analysis dbt_schema.explore
06:24:24.600099 [info ]:     Failed [  0.00s] analysis dbt_schema.explore (analysis)
06:24:24.600133 [debug]: Finished analyzing [  0.00s] analysis dbt_schema.explore [skipped]
06:24:24.600176 [error]: dbt1501: Failed to render SQL not a key type: ref not found for package: aws_dbt_snowflake_project, model: obt, version: None
(in models\gold\ephemeral\listings.sql:18:8)
  --> models\gold\ephemeral\listings.sql:18:8
06:24:24.600209 [debug]: Started analyzing model dbt_schema.listings
06:24:24.600224 [debug]: Finished rendering [  0.00s] analysis dbt_schema.explore [error]
06:24:24.600227 [info ]:     Failed [  0.00s] model dbt_schema.listings (ephemeral)
06:24:24.600242 [debug]: Finished analyzing [  0.00s] model dbt_schema.listings [skipped]
06:24:24.600264 [debug]: Finished rendering [  0.00s] model dbt_schema.listings [error]
06:24:24.600272 [info ]: Finished rendering [  0.01s] (3 nodes, 0 skipped, 2 errors)
06:24:24.986749 [info ]: Loading ~/.dbt/profiles.yml
06:24:26.475897 [debug]: Query executed on node model.aws_dbt_snowflake_project.fact:
describe table "AIRBNB"."GOLD"."OBT"
06:24:26.477128 [debug]: Query executed on node model.aws_dbt_snowflake_project.fact:
describe table "AIRBNB"."GOLD"."DIM_LISTINGS"
06:24:27.488455 [error]: dbt8995: Adapter operation was cancelled
06:24:27.488516 [info ]:     Failed [  2.89s] model dbt_schema.fact (table)
06:24:27.534768 [info ]: Started loading project
06:24:27.535761 [info ]: Loading ~/.dbt/profiles.yml
06:24:27.542378 [debug]:    Started loading packages
06:24:27.546972 [debug]:     Loaded [  0.00s] packages
06:24:27.547981 [info ]: Started parsing
06:24:27.595086 [info ]: Finished loading project [  0.06s]
06:24:27.599790 [debug]: Finished parsing models\gold\ephemeral\listings.sql [  0.00s]
06:24:27.601738 [debug]: Finished parsing models\gold\fact.sql [  0.00s]
06:24:27.603390 [debug]: Finished parsing analyses\explore.sql [  0.00s]
06:24:27.605429 [debug]: Finished parsing tests\source_tests.sql [  0.00s]
06:24:27.606452 [error]: dbt1005: Ref 'obt' not found in project. Searched for 'aws_dbt_snowflake_project.obt, obt'
  --> models\gold\ephemeral\listings.sql:18:8
06:24:27.606509 [warn ]: dbt1005: Source 'staging.bookings' not found in project. Searched for 'bookings'
  --> tests\source_tests.sql:8:2
06:24:27.606539 [error]: dbt1005: Ref 'silver_bookings' not found in project. Searched for 'aws_dbt_snowflake_project.silver_bookings, silver_bookings'
  --> analyses\explore.sql:1:15
06:24:27.607210 [info ]: Cached model count updated: 2 models (estimate)
06:24:27.607235 [info ]: Cached model count updated: 2 models (accurate)
06:24:27.607277 [info ]: Started scheduling
06:24:27.607336 [info ]: Finished scheduling [  0.00s]
06:24:27.607361 [info ]: Started scheduling
06:24:27.607383 [info ]: Finished scheduling [  0.00s]
06:24:27.608223 [info ]: Started deferring state
06:24:27.608245 [info ]: Finished deferring state [  0.00s]
06:24:27.608640 [info ]: Started downloading schemas
06:24:27.608664 [debug]:    Started downloading relations
06:24:27.608689 [debug]:   Finished [  0.00s] downloading relations
06:24:27.608703 [info ]: Finished downloading schemas [  0.00s]
06:24:27.705193 [debug]: Finished analyzing [  3.11s] model dbt_schema.fact [error]
06:24:27.705232 [info ]: Finished analyzing [  3.11s] (3 nodes, 2 skipped, 1 errors)
06:24:27.762248 [info ]: Started building task graph
06:24:27.762322 [info ]: Finished building task graph [  0.00s]
06:24:27.762468 [info ]: Started rendering (3 nodes)
06:24:27.762485 [info ]: Started model dbt_schema.listings
06:24:27.762547 [debug]: Started rendering model dbt_schema.listings
06:24:27.762573 [info ]: Started model dbt_schema.fact
06:24:27.762597 [debug]: Started rendering model dbt_schema.fact
06:24:27.762615 [info ]: Started analysis dbt_schema.explore
06:24:27.762626 [debug]: Started rendering analysis dbt_schema.explore
06:24:27.762637 [info ]: Finished parsing [  0.21s]
06:24:27.763463 [error]: dbt1501: Failed to render SQL not a key type: ref not found for package: aws_dbt_snowflake_project, model: silver_bookings, version: None
(in analyses\explore.sql:1:15)
  --> analyses\explore.sql:1:15
06:24:27.763522 [info ]: Started analyzing (3 nodes)
06:24:27.763540 [debug]: Started analyzing analysis dbt_schema.explore
06:24:27.763684 [info ]:     Failed [-------] analysis dbt_schema.explore (analysis)
06:24:27.763828 [debug]: Finished analyzing [  0.00s] analysis dbt_schema.explore [skipped]
06:24:27.763866 [error]: dbt1501: Failed to render SQL not a key type: ref not found for package: aws_dbt_snowflake_project, model: obt, version: None
(in models\gold\ephemeral\listings.sql:18:8)
  --> models\gold\ephemeral\listings.sql:18:8
06:24:27.763893 [debug]: Started analyzing model dbt_schema.listings
06:24:27.763905 [debug]: Finished rendering [  0.00s] analysis dbt_schema.explore [error]
06:24:27.763910 [info ]:     Failed [  0.00s] model dbt_schema.listings (ephemeral)
06:24:27.763926 [debug]: Finished analyzing [  0.00s] model dbt_schema.listings [skipped]
06:24:27.763962 [debug]: Finished rendering [  0.00s] model dbt_schema.listings [error]
06:24:27.765061 [debug]: Compiled SQL for node model.aws_dbt_snowflake_project.fact at target\.lsp\compiled\models\gold\fact.sql
06:24:27.765179 [debug]: Started analyzing model dbt_schema.fact
06:24:27.765268 [debug]: Finished rendering [  0.00s] model dbt_schema.fact [success]
06:24:27.765288 [info ]: Finished rendering [  0.00s] (3 nodes, 0 skipped, 2 errors)
06:24:29.141867 [debug]: Query executed on node model.aws_dbt_snowflake_project.fact:
describe table "AIRBNB"."GOLD"."DIM_LISTINGS"
06:24:29.144408 [debug]: Query executed on node model.aws_dbt_snowflake_project.fact:
describe table "AIRBNB"."GOLD"."OBT"
06:24:29.345303 [debug]: Query executed on node model.aws_dbt_snowflake_project.fact:
describe table "AIRBNB"."GOLD"."DIM_HOSTS"
06:24:29.833624 [debug]: Schema hydration: registering 3 schemas from db_runner
06:24:29.833679 [debug]: Schema hydration: parsing FQN string '"AIRBNB"."GOLD"."DIM_LISTINGS"'
06:24:29.833699 [debug]: Schema hydration: registering cfqn=AIRBNB.GOLD.DIM_LISTINGS (catalog='AIRBNB', schema='GOLD', table='DIM_LISTINGS')
06:24:29.835386 [debug]: Schema hydration: registration succeeded for AIRBNB.GOLD.DIM_LISTINGS, exists_check=true
06:24:29.835417 [debug]: Schema hydration: parsing FQN string '"AIRBNB"."GOLD"."OBT"'
06:24:29.835431 [debug]: Schema hydration: registering cfqn=AIRBNB.GOLD.OBT (catalog='AIRBNB', schema='GOLD', table='OBT')
06:24:29.836926 [debug]: Schema hydration: registration succeeded for AIRBNB.GOLD.OBT, exists_check=true
06:24:29.836968 [debug]: Schema hydration: parsing FQN string '"AIRBNB"."GOLD"."DIM_HOSTS"'
06:24:29.836985 [debug]: Schema hydration: registering cfqn=AIRBNB.GOLD.DIM_HOSTS (catalog='AIRBNB', schema='GOLD', table='DIM_HOSTS')
06:24:29.838890 [debug]: Schema hydration: registration succeeded for AIRBNB.GOLD.DIM_HOSTS, exists_check=true
06:24:29.857543 [info ]:  Succeeded [  2.09s] model dbt_schema.fact (table)
06:24:29.857621 [debug]: Finished analyzing [  2.09s] model dbt_schema.fact [success]
06:24:29.857637 [info ]: Finished analyzing [  2.09s] (3 nodes, 2 skipped, 0 errors)
06:24:29.865609 [info ]: Cached model count updated: 2 models (accurate)
06:24:32.590922 [info ]: Started loading project
06:24:32.592074 [info ]: Loading ~/.dbt/profiles.yml
06:24:32.596863 [info ]: Started loading project
06:24:32.597501 [info ]: Loading ~/.dbt/profiles.yml
06:24:32.597557 [info ]: Finished loading project [  0.01s]
06:24:32.601462 [debug]:    Started loading packages
06:24:32.603745 [debug]:     Loaded [  0.00s] packages
06:24:32.604583 [info ]: Started parsing
06:24:32.633188 [info ]: Finished loading project [  0.04s]
06:24:32.638890 [debug]: Finished parsing models\gold\ephemeral\bookings.sql [  0.00s]
06:24:32.640166 [debug]: Finished parsing models\gold\ephemeral\listings.sql [  0.00s]
06:24:32.642072 [debug]: Finished parsing models\gold\fact.sql [  0.00s]
06:24:32.643636 [debug]: Finished parsing analyses\explore.sql [  0.00s]
06:24:32.644781 [debug]: Finished parsing tests\source_tests.sql [  0.00s]
06:24:32.645391 [error]: dbt1005: Ref 'obt' not found in project. Searched for 'aws_dbt_snowflake_project.obt, obt'
  --> models\gold\ephemeral\bookings.sql:15:8
06:24:32.645423 [error]: dbt1005: Ref 'obt' not found in project. Searched for 'aws_dbt_snowflake_project.obt, obt'
  --> models\gold\ephemeral\listings.sql:18:8
06:24:32.645457 [warn ]: dbt1005: Source 'staging.bookings' not found in project. Searched for 'bookings'
  --> tests\source_tests.sql:8:2
06:24:32.645473 [error]: dbt1005: Ref 'silver_bookings' not found in project. Searched for 'aws_dbt_snowflake_project.silver_bookings, silver_bookings'
  --> analyses\explore.sql:1:15
06:24:32.645937 [info ]: Cached model count updated: 3 models (estimate)
06:24:32.645951 [info ]: Cached model count updated: 3 models (accurate)
06:24:32.645982 [info ]: Started scheduling
06:24:32.646055 [info ]: Finished scheduling [  0.00s]
06:24:32.646074 [info ]: Started scheduling
06:24:32.646102 [info ]: Finished scheduling [  0.00s]
06:24:32.647598 [info ]: Started deferring state
06:24:32.647622 [info ]: Finished deferring state [  0.00s]
06:24:32.648253 [info ]: Started downloading schemas
06:24:32.648293 [debug]:    Started downloading relations
06:24:32.648322 [debug]:   Finished [  0.00s] downloading relations
06:24:32.648337 [info ]: Finished downloading schemas [  0.00s]
06:24:32.815898 [info ]: Started building task graph
06:24:32.815982 [info ]: Finished building task graph [  0.00s]
06:24:32.816133 [info ]: Started rendering (4 nodes)
06:24:32.816169 [info ]: Started model dbt_schema.listings
06:24:32.816244 [debug]: Started rendering model dbt_schema.listings
06:24:32.816270 [info ]: Started model dbt_schema.fact
06:24:32.816297 [debug]: Started rendering model dbt_schema.fact
06:24:32.816311 [info ]: Finished parsing [  0.21s]
06:24:32.816314 [info ]: Started model dbt_schema.bookings
06:24:32.816325 [debug]: Started rendering model dbt_schema.bookings
06:24:32.816339 [info ]: Started analysis dbt_schema.explore
06:24:32.816348 [debug]: Started rendering analysis dbt_schema.explore
06:24:32.817228 [error]: dbt1501: Failed to render SQL not a key type: ref not found for package: aws_dbt_snowflake_project, model: silver_bookings, version: None
(in analyses\explore.sql:1:15)
  --> analyses\explore.sql:1:15
06:24:32.817286 [info ]: Started analyzing (4 nodes)
06:24:32.817298 [debug]: Started analyzing analysis dbt_schema.explore
06:24:32.817319 [info ]:     Failed [-------] analysis dbt_schema.explore (analysis)
06:24:32.817340 [debug]: Finished analyzing [  0.00s] analysis dbt_schema.explore [skipped]
06:24:32.817376 [debug]: Finished rendering [  0.00s] analysis dbt_schema.explore [error]
06:24:32.817692 [error]: dbt1501: Failed to render SQL not a key type: ref not found for package: aws_dbt_snowflake_project, model: obt, version: None
(in models\gold\ephemeral\listings.sql:18:8)
  --> models\gold\ephemeral\listings.sql:18:8
06:24:32.817726 [debug]: Started analyzing model dbt_schema.listings
06:24:32.817754 [info ]:     Failed [  0.00s] model dbt_schema.listings (ephemeral)
06:24:32.817771 [debug]: Finished analyzing [  0.00s] model dbt_schema.listings [skipped]
06:24:32.817799 [debug]: Finished rendering [  0.00s] model dbt_schema.listings [error]
06:24:32.817831 [error]: dbt1501: Failed to render SQL not a key type: ref not found for package: aws_dbt_snowflake_project, model: obt, version: None
(in models\gold\ephemeral\bookings.sql:15:8)
  --> models\gold\ephemeral\bookings.sql:15:8
06:24:32.817852 [debug]: Started analyzing model dbt_schema.bookings
06:24:32.817878 [info ]:     Failed [  0.00s] model dbt_schema.bookings (ephemeral)
06:24:32.817892 [debug]: Finished analyzing [  0.00s] model dbt_schema.bookings [skipped]
06:24:32.817918 [debug]: Finished rendering [  0.00s] model dbt_schema.bookings [error]
06:24:32.819081 [debug]: Compiled SQL for node model.aws_dbt_snowflake_project.fact at target\.lsp\compiled\models\gold\fact.sql
06:24:32.819155 [debug]: Started analyzing model dbt_schema.fact
06:24:32.819276 [debug]: Finished rendering [  0.00s] model dbt_schema.fact [success]
06:24:32.819307 [info ]: Finished rendering [  0.00s] (4 nodes, 0 skipped, 3 errors)
06:24:33.633122 [debug]: Query executed on node model.aws_dbt_snowflake_project.fact:
describe table "AIRBNB"."GOLD"."DIM_HOSTS"
06:24:33.863414 [debug]: Query executed on node model.aws_dbt_snowflake_project.fact:
describe table "AIRBNB"."GOLD"."DIM_LISTINGS"
06:24:34.784154 [error]: dbt8995: Adapter operation was cancelled
06:24:34.784208 [info ]:     Failed [  1.97s] model dbt_schema.fact (table)
06:24:34.831236 [info ]: Started loading project
06:24:34.832228 [info ]: Loading ~/.dbt/profiles.yml
06:24:34.839275 [debug]:    Started loading packages
06:24:34.844182 [debug]:     Loaded [  0.00s] packages
06:24:34.845591 [info ]: Started parsing
06:24:34.890238 [info ]: Finished loading project [  0.06s]
06:24:34.895121 [debug]: Finished parsing models\gold\ephemeral\bookings.sql [  0.00s]
06:24:34.896134 [debug]: Finished parsing models\gold\ephemeral\listings.sql [  0.00s]
06:24:34.898366 [debug]: Finished parsing models\gold\fact.sql [  0.00s]
06:24:34.900441 [debug]: Finished parsing analyses\explore.sql [  0.00s]
06:24:34.902041 [debug]: Finished parsing tests\source_tests.sql [  0.00s]
06:24:34.902649 [error]: dbt1005: Ref 'obt' not found in project. Searched for 'aws_dbt_snowflake_project.obt, obt'
  --> models\gold\ephemeral\bookings.sql:15:8
06:24:34.902684 [error]: dbt1005: Ref 'obt' not found in project. Searched for 'aws_dbt_snowflake_project.obt, obt'
  --> models\gold\ephemeral\listings.sql:18:8
06:24:34.902706 [warn ]: dbt1005: Source 'staging.bookings' not found in project. Searched for 'bookings'
  --> tests\source_tests.sql:8:2
06:24:34.902733 [error]: dbt1005: Ref 'silver_bookings' not found in project. Searched for 'aws_dbt_snowflake_project.silver_bookings, silver_bookings'
  --> analyses\explore.sql:1:15
06:24:34.903317 [info ]: Cached model count updated: 3 models (estimate)
06:24:34.903336 [info ]: Cached model count updated: 3 models (accurate)
06:24:34.903378 [info ]: Started scheduling
06:24:34.903456 [info ]: Finished scheduling [  0.00s]
06:24:34.903482 [info ]: Started scheduling
06:24:34.903517 [info ]: Finished scheduling [  0.00s]
06:24:34.904599 [info ]: Started deferring state
06:24:34.904645 [info ]: Finished deferring state [  0.00s]
06:24:34.905262 [info ]: Started downloading schemas
06:24:34.905299 [debug]:    Started downloading relations
06:24:34.905338 [debug]:   Finished [  0.00s] downloading relations
06:24:34.905360 [info ]: Finished downloading schemas [  0.00s]
06:24:35.077091 [debug]: Finished analyzing [  2.26s] model dbt_schema.fact [error]
06:24:35.077121 [info ]: Finished analyzing [  2.26s] (4 nodes, 3 skipped, 1 errors)
06:24:35.091310 [info ]: Started building task graph
06:24:35.091400 [info ]: Finished building task graph [  0.00s]
06:24:35.091563 [info ]: Started rendering (4 nodes)
06:24:35.091582 [info ]: Started model dbt_schema.listings
06:24:35.091595 [debug]: Started rendering model dbt_schema.listings
06:24:35.091679 [info ]: Started model dbt_schema.fact
06:24:35.091690 [debug]: Started rendering model dbt_schema.fact
06:24:35.091701 [info ]: Started model dbt_schema.bookings
06:24:35.091720 [debug]: Started rendering model dbt_schema.bookings
06:24:35.091727 [info ]: Finished parsing [  0.25s]
06:24:35.091739 [info ]: Started analysis dbt_schema.explore
06:24:35.091747 [debug]: Started rendering analysis dbt_schema.explore
06:24:35.092566 [error]: dbt1501: Failed to render SQL not a key type: ref not found for package: aws_dbt_snowflake_project, model: silver_bookings, version: None
(in analyses\explore.sql:1:15)
  --> analyses\explore.sql:1:15
06:24:35.092764 [info ]: Started analyzing (4 nodes)
06:24:35.092776 [debug]: Started analyzing analysis dbt_schema.explore
06:24:35.092812 [info ]:     Failed [-------] analysis dbt_schema.explore (analysis)
06:24:35.092842 [debug]: Finished analyzing [  0.00s] analysis dbt_schema.explore [skipped]
06:24:35.092883 [debug]: Finished rendering [  0.00s] analysis dbt_schema.explore [error]
06:24:35.092994 [error]: dbt1501: Failed to render SQL not a key type: ref not found for package: aws_dbt_snowflake_project, model: obt, version: None
(in models\gold\ephemeral\bookings.sql:15:8)
  --> models\gold\ephemeral\bookings.sql:15:8
06:24:35.093097 [debug]: Started analyzing model dbt_schema.bookings
06:24:35.093120 [info ]:     Failed [  0.00s] model dbt_schema.bookings (ephemeral)
06:24:35.093142 [debug]: Finished analyzing [  0.00s] model dbt_schema.bookings [skipped]
06:24:35.093189 [error]: dbt1501: Failed to render SQL not a key type: ref not found for package: aws_dbt_snowflake_project, model: obt, version: None
(in models\gold\ephemeral\listings.sql:18:8)
  --> models\gold\ephemeral\listings.sql:18:8
06:24:35.093224 [debug]: Started analyzing model dbt_schema.listings
06:24:35.093229 [debug]: Finished rendering [  0.00s] model dbt_schema.bookings [error]
06:24:35.093267 [info ]:     Failed [  0.00s] model dbt_schema.listings (ephemeral)
06:24:35.093291 [debug]: Finished analyzing [  0.00s] model dbt_schema.listings [skipped]
06:24:35.093323 [debug]: Finished rendering [  0.00s] model dbt_schema.listings [error]
06:24:35.094535 [debug]: Compiled SQL for node model.aws_dbt_snowflake_project.fact at target\.lsp\compiled\models\gold\fact.sql
06:24:35.094642 [debug]: Started analyzing model dbt_schema.fact
06:24:35.094807 [debug]: Finished rendering [  0.00s] model dbt_schema.fact [success]
06:24:35.094832 [info ]: Finished rendering [  0.00s] (4 nodes, 0 skipped, 3 errors)
06:24:36.209897 [debug]: Query executed on node model.aws_dbt_snowflake_project.fact:
describe table "AIRBNB"."GOLD"."DIM_LISTINGS"
06:24:36.210816 [debug]: Query executed on node model.aws_dbt_snowflake_project.fact:
describe table "AIRBNB"."GOLD"."DIM_HOSTS"
06:24:36.409610 [debug]: Query executed on node model.aws_dbt_snowflake_project.fact:
describe table "AIRBNB"."GOLD"."OBT"
06:24:36.905764 [debug]: Schema hydration: registering 3 schemas from db_runner
06:24:36.905793 [debug]: Schema hydration: parsing FQN string '"AIRBNB"."GOLD"."DIM_HOSTS"'
06:24:36.905811 [debug]: Schema hydration: registering cfqn=AIRBNB.GOLD.DIM_HOSTS (catalog='AIRBNB', schema='GOLD', table='DIM_HOSTS')
06:24:36.906748 [debug]: Schema hydration: registration succeeded for AIRBNB.GOLD.DIM_HOSTS, exists_check=true
06:24:36.906776 [debug]: Schema hydration: parsing FQN string '"AIRBNB"."GOLD"."DIM_LISTINGS"'
06:24:36.906787 [debug]: Schema hydration: registering cfqn=AIRBNB.GOLD.DIM_LISTINGS (catalog='AIRBNB', schema='GOLD', table='DIM_LISTINGS')
06:24:36.907369 [debug]: Schema hydration: registration succeeded for AIRBNB.GOLD.DIM_LISTINGS, exists_check=true
06:24:36.907382 [debug]: Schema hydration: parsing FQN string '"AIRBNB"."GOLD"."OBT"'
06:24:36.907389 [debug]: Schema hydration: registering cfqn=AIRBNB.GOLD.OBT (catalog='AIRBNB', schema='GOLD', table='OBT')
06:24:36.908033 [debug]: Schema hydration: registration succeeded for AIRBNB.GOLD.OBT, exists_check=true
06:24:36.918346 [info ]:  Succeeded [  1.82s] model dbt_schema.fact (table)
06:24:36.918396 [debug]: Finished analyzing [  1.82s] model dbt_schema.fact [success]
06:24:36.918410 [info ]: Finished analyzing [  1.83s] (4 nodes, 3 skipped, 0 errors)
06:24:36.924485 [info ]: Cached model count updated: 3 models (accurate)
06:24:37.668595 [info ]: Started loading project
06:24:37.669677 [info ]: Loading ~/.dbt/profiles.yml
06:24:37.674887 [info ]: Started loading project
06:24:37.675589 [info ]: Loading ~/.dbt/profiles.yml
06:24:37.675719 [info ]: Finished loading project [  0.01s]
06:24:37.679952 [debug]:    Started loading packages
06:24:37.682143 [debug]:     Loaded [  0.00s] packages
06:24:37.682846 [info ]: Started parsing
06:24:37.709189 [info ]: Finished loading project [  0.03s]
06:24:37.712954 [debug]: Finished parsing models\gold\ephemeral\bookings.sql [  0.00s]
06:24:37.713690 [debug]: Finished parsing models\gold\ephemeral\listings.sql [  0.00s]
06:24:37.714376 [debug]: Finished parsing models\gold\fact.sql [  0.00s]
06:24:37.715980 [debug]: Finished parsing models\gold\obt.sql [  0.00s]
06:24:37.717194 [debug]: Finished parsing analyses\explore.sql [  0.00s]
06:24:37.718339 [debug]: Finished parsing tests\source_tests.sql [  0.00s]
06:24:37.718816 [warn ]: dbt1005: Source 'staging.bookings' not found in project. Searched for 'bookings'
  --> tests\source_tests.sql:8:2
06:24:37.718850 [error]: dbt1005: Ref 'silver_bookings' not found in project. Searched for 'aws_dbt_snowflake_project.silver_bookings, silver_bookings'
  --> analyses\explore.sql:1:15
06:24:37.719396 [info ]: Cached model count updated: 4 models (estimate)
06:24:37.719410 [info ]: Cached model count updated: 4 models (accurate)
06:24:37.719444 [info ]: Started scheduling
06:24:37.719526 [info ]: Finished scheduling [  0.00s]
06:24:37.719543 [info ]: Started scheduling
06:24:37.719583 [info ]: Finished scheduling [  0.00s]
06:24:37.720410 [info ]: Started deferring state
06:24:37.720437 [info ]: Finished deferring state [  0.00s]
06:24:37.720906 [info ]: Started downloading schemas
06:24:37.720938 [debug]:    Started downloading relations
06:24:37.720968 [debug]:   Finished [  0.00s] downloading relations
06:24:37.721047 [info ]: Finished downloading schemas [  0.00s]
06:24:37.861053 [info ]: Started building task graph
06:24:37.861160 [info ]: Finished building task graph [  0.00s]
06:24:37.861316 [info ]: Started rendering (5 nodes)
06:24:37.861336 [info ]: Started model dbt_schema.fact
06:24:37.861347 [debug]: Started rendering model dbt_schema.fact
06:24:37.861372 [info ]: Started model dbt_schema.obt
06:24:37.861379 [debug]: Started rendering model dbt_schema.obt
06:24:37.861396 [info ]: Started analysis dbt_schema.explore
06:24:37.861406 [debug]: Started rendering analysis dbt_schema.explore
06:24:37.861428 [info ]: Finished parsing [  0.18s]
06:24:37.862316 [error]: dbt1501: Failed to render SQL not a key type: ref not found for package: aws_dbt_snowflake_project, model: silver_bookings, version: None
(in analyses\explore.sql:1:15)
  --> analyses\explore.sql:1:15
06:24:37.862366 [info ]: Started analyzing (5 nodes)
06:24:37.862379 [debug]: Started analyzing analysis dbt_schema.explore
06:24:37.862400 [info ]:     Failed [-------] analysis dbt_schema.explore (analysis)
06:24:37.862441 [debug]: Finished analyzing [  0.00s] analysis dbt_schema.explore [skipped]
06:24:37.862519 [debug]: Finished rendering [  0.00s] analysis dbt_schema.explore [error]
06:24:37.864281 [debug]: Compiled SQL for node model.aws_dbt_snowflake_project.obt at target\.lsp\compiled\models\gold\obt.sql
06:24:37.864421 [debug]: Started analyzing model dbt_schema.obt
06:24:37.864495 [debug]: Finished rendering [  0.00s] model dbt_schema.obt [success]
06:24:37.865664 [debug]: Compiled SQL for node model.aws_dbt_snowflake_project.fact at target\.lsp\compiled\models\gold\fact.sql
06:24:37.865794 [debug]: Started analyzing model dbt_schema.fact
06:24:37.865971 [debug]: Finished rendering [  0.00s] model dbt_schema.fact [success]
06:24:39.475759 [debug]: Query executed on node model.aws_dbt_snowflake_project.fact:
describe table "AIRBNB"."GOLD"."OBT"
06:24:39.476725 [debug]: Query executed on node model.aws_dbt_snowflake_project.fact:
describe table "AIRBNB"."GOLD"."DIM_HOSTS"
06:24:39.476733 [debug]: Query executed on node model.aws_dbt_snowflake_project.obt:
describe table "AIRBNB"."SILVER"."SILVER_HOSTS"
06:24:39.476732 [debug]: Query executed on node model.aws_dbt_snowflake_project.obt:
describe table "AIRBNB"."SILVER"."SILVER_BOOKINGS"
06:24:40.477320 [error]: dbt8995: Adapter operation was cancelled
06:24:40.477372 [info ]:     Failed [  2.62s] model dbt_schema.fact (table)
06:24:40.477843 [info ]:  Succeeded [  0.00s] model dbt_schema.obt (table)
06:24:40.477868 [info ]: Finished rendering [  2.62s] (5 nodes, 0 skipped, 1 errors)
06:24:40.524051 [info ]: Started loading project
06:24:40.525928 [info ]: Loading ~/.dbt/profiles.yml
06:24:40.536148 [debug]:    Started loading packages
06:24:40.540510 [debug]:     Loaded [  0.00s] packages
06:24:40.541558 [info ]: Started parsing
06:24:40.568560 [info ]: Finished loading project [  0.04s]
06:24:40.573394 [debug]: Finished parsing models\gold\ephemeral\bookings.sql [  0.00s]
06:24:40.574364 [debug]: Finished parsing models\gold\ephemeral\listings.sql [  0.00s]
06:24:40.576134 [debug]: Finished parsing models\gold\fact.sql [  0.00s]
06:24:40.578318 [debug]: Finished parsing models\gold\obt.sql [  0.00s]
06:24:40.580265 [debug]: Finished parsing analyses\explore.sql [  0.00s]
06:24:40.581718 [debug]: Finished parsing tests\source_tests.sql [  0.00s]
06:24:40.582271 [warn ]: dbt1005: Source 'staging.bookings' not found in project. Searched for 'bookings'
  --> tests\source_tests.sql:8:2
06:24:40.582320 [error]: dbt1005: Ref 'silver_bookings' not found in project. Searched for 'aws_dbt_snowflake_project.silver_bookings, silver_bookings'
  --> analyses\explore.sql:1:15
06:24:40.583327 [info ]: Cached model count updated: 4 models (estimate)
06:24:40.583351 [info ]: Cached model count updated: 4 models (accurate)
06:24:40.583395 [info ]: Started scheduling
06:24:40.583501 [info ]: Finished scheduling [  0.00s]
06:24:40.583530 [info ]: Started scheduling
06:24:40.583599 [info ]: Finished scheduling [  0.00s]
06:24:40.584550 [info ]: Started deferring state
06:24:40.584580 [info ]: Finished deferring state [  0.00s]
06:24:40.584976 [info ]: Started downloading schemas
06:24:40.584998 [debug]:    Started downloading relations
06:24:40.585017 [debug]:   Finished [  0.00s] downloading relations
06:24:40.585028 [info ]: Finished downloading schemas [  0.00s]
06:24:40.607353 [debug]: Finished analyzing [  2.74s] model dbt_schema.obt [no-op]
06:24:40.608773 [debug]: Finished analyzing [  2.74s] model dbt_schema.fact [error]
06:24:40.608800 [info ]: Finished analyzing [  2.75s] (5 nodes, 1 skipped, 1 errors)
06:24:40.757115 [info ]: Started building task graph
06:24:40.757273 [info ]: Finished building task graph [  0.00s]
06:24:40.757628 [info ]: Started rendering (5 nodes)
06:24:40.757662 [info ]: Started model dbt_schema.fact
06:24:40.757687 [debug]: Started rendering model dbt_schema.fact
06:24:40.757761 [info ]: Started model dbt_schema.obt
06:24:40.757780 [debug]: Started rendering model dbt_schema.obt
06:24:40.757797 [info ]: Finished parsing [  0.22s]
06:24:40.757831 [info ]: Started analysis dbt_schema.explore
06:24:40.757849 [debug]: Started rendering analysis dbt_schema.explore
06:24:40.758515 [error]: dbt1501: Failed to render SQL not a key type: ref not found for package: aws_dbt_snowflake_project, model: silver_bookings, version: None
(in analyses\explore.sql:1:15)
  --> analyses\explore.sql:1:15
06:24:40.758586 [info ]: Started analyzing (5 nodes)
06:24:40.758602 [debug]: Started analyzing analysis dbt_schema.explore
06:24:40.758624 [info ]:     Failed [-------] analysis dbt_schema.explore (analysis)
06:24:40.758648 [debug]: Finished analyzing [  0.00s] analysis dbt_schema.explore [skipped]
06:24:40.758699 [debug]: Finished rendering [  0.00s] analysis dbt_schema.explore [error]
06:24:40.759806 [debug]: Compiled SQL for node model.aws_dbt_snowflake_project.fact at target\.lsp\compiled\models\gold\fact.sql
06:24:40.759943 [debug]: Started analyzing model dbt_schema.fact
06:24:40.760998 [debug]: Compiled SQL for node model.aws_dbt_snowflake_project.obt at target\.lsp\compiled\models\gold\obt.sql
06:24:40.761093 [debug]: Started analyzing model dbt_schema.obt
06:24:40.761380 [debug]: Finished rendering [  0.00s] model dbt_schema.obt [success]
06:24:40.761434 [debug]: Finished rendering [  0.00s] model dbt_schema.fact [success]
06:24:42.051680 [debug]: Query executed on node model.aws_dbt_snowflake_project.obt:
describe table "AIRBNB"."SILVER"."SILVER_LISTINGS"
06:24:42.051952 [debug]: Query executed on node model.aws_dbt_snowflake_project.fact:
describe table "AIRBNB"."GOLD"."DIM_LISTINGS"
06:24:42.053432 [debug]: Query executed on node model.aws_dbt_snowflake_project.fact:
describe table "AIRBNB"."GOLD"."DIM_HOSTS"
06:24:42.056397 [debug]: Query executed on node model.aws_dbt_snowflake_project.obt:
describe table "AIRBNB"."SILVER"."SILVER_HOSTS"
06:24:42.351496 [debug]: Query executed on node model.aws_dbt_snowflake_project.fact:
describe table "AIRBNB"."GOLD"."OBT"
06:24:42.352871 [debug]: Query executed on node model.aws_dbt_snowflake_project.obt:
describe table "AIRBNB"."SILVER"."SILVER_BOOKINGS"
06:24:42.863972 [error]: dbt8995: Adapter operation was cancelled
06:24:42.864019 [info ]:     Failed [  2.10s] model dbt_schema.obt (table)
06:24:42.865574 [info ]: Finished rendering [  2.11s] (5 nodes, 0 skipped, 1 errors)
06:24:42.865603 [info ]:  Succeeded [  0.00s] model dbt_schema.fact (table)
06:24:42.892679 [info ]: Started loading project
06:24:42.893489 [info ]: Loading ~/.dbt/profiles.yml
06:24:42.899348 [debug]: Finished analyzing [  2.14s] model dbt_schema.obt [error]
06:24:42.900227 [debug]:    Started loading packages
06:24:42.904081 [debug]:     Loaded [  0.00s] packages
06:24:42.905083 [info ]: Started parsing
06:24:42.931755 [info ]: Finished loading project [  0.04s]
06:24:42.935200 [debug]: Finished parsing models\gold\ephemeral\bookings.sql [  0.00s]
06:24:42.937227 [debug]: Finished parsing models\gold\ephemeral\listings.sql [  0.00s]
06:24:42.938158 [debug]: Finished parsing models\gold\fact.sql [  0.00s]
06:24:42.939943 [debug]: Finished parsing models\gold\obt.sql [  0.00s]
06:24:42.941048 [debug]: Finished parsing analyses\explore.sql [  0.00s]
06:24:42.942238 [debug]: Finished parsing tests\source_tests.sql [  0.00s]
06:24:42.942781 [warn ]: dbt1005: Source 'staging.bookings' not found in project. Searched for 'bookings'
  --> tests\source_tests.sql:8:2
06:24:42.942814 [error]: dbt1005: Ref 'silver_bookings' not found in project. Searched for 'aws_dbt_snowflake_project.silver_bookings, silver_bookings'
  --> analyses\explore.sql:1:15
06:24:42.943339 [info ]: Cached model count updated: 4 models (estimate)
06:24:42.943350 [info ]: Cached model count updated: 4 models (accurate)
06:24:42.943383 [info ]: Started scheduling
06:24:42.943441 [info ]: Finished scheduling [  0.00s]
06:24:42.943458 [info ]: Started scheduling
06:24:42.943482 [info ]: Finished scheduling [  0.00s]
06:24:42.944159 [info ]: Started deferring state
06:24:42.944185 [info ]: Finished deferring state [  0.00s]
06:24:42.944512 [info ]: Started downloading schemas
06:24:42.944531 [debug]:    Started downloading relations
06:24:42.944566 [debug]:   Finished [  0.00s] downloading relations
06:24:42.944578 [info ]: Finished downloading schemas [  0.00s]
06:24:43.106984 [info ]: Started building task graph
06:24:43.107103 [info ]: Finished building task graph [  0.00s]
06:24:43.111744 [info ]: Finished parsing [  0.21s]
06:24:43.145946 [debug]: Finished analyzing [  2.39s] model dbt_schema.fact [no-op]
06:24:43.145995 [info ]: Finished analyzing [  2.39s] (5 nodes, 1 skipped, 1 errors)
06:24:43.159696 [info ]: Started loading project
06:24:43.160666 [info ]: Loading ~/.dbt/profiles.yml
06:24:43.167124 [debug]:    Started loading packages
06:24:43.170183 [debug]:     Loaded [  0.00s] packages
06:24:43.171224 [info ]: Started parsing
06:24:43.200387 [info ]: Finished loading project [  0.04s]
06:24:43.204173 [debug]: Finished parsing models\gold\ephemeral\bookings.sql [  0.00s]
06:24:43.205037 [debug]: Finished parsing models\gold\ephemeral\listings.sql [  0.00s]
06:24:43.205827 [debug]: Finished parsing models\gold\fact.sql [  0.00s]
06:24:43.207588 [debug]: Finished parsing models\gold\obt.sql [  0.00s]
06:24:43.208969 [debug]: Finished parsing analyses\explore.sql [  0.00s]
06:24:43.210163 [debug]: Finished parsing tests\source_tests.sql [  0.00s]
06:24:43.210748 [warn ]: dbt1005: Source 'staging.bookings' not found in project. Searched for 'bookings'
  --> tests\source_tests.sql:8:2
06:24:43.210779 [error]: dbt1005: Ref 'silver_bookings' not found in project. Searched for 'aws_dbt_snowflake_project.silver_bookings, silver_bookings'
  --> analyses\explore.sql:1:15
06:24:43.211202 [info ]: Cached model count updated: 4 models (estimate)
06:24:43.211212 [info ]: Cached model count updated: 4 models (accurate)
06:24:43.211243 [info ]: Started scheduling
06:24:43.211329 [info ]: Finished scheduling [  0.00s]
06:24:43.211349 [info ]: Started scheduling
06:24:43.211393 [info ]: Finished scheduling [  0.00s]
06:24:43.212221 [info ]: Started deferring state
06:24:43.212245 [info ]: Finished deferring state [  0.00s]
06:24:43.212556 [info ]: Started downloading schemas
06:24:43.212580 [debug]:    Started downloading relations
06:24:43.212606 [debug]:   Finished [  0.00s] downloading relations
06:24:43.212620 [info ]: Finished downloading schemas [  0.00s]
06:24:43.352402 [info ]: Started building task graph
06:24:43.352510 [info ]: Finished building task graph [  0.00s]
06:24:43.352660 [info ]: Started rendering (5 nodes)
06:24:43.352679 [info ]: Started model dbt_schema.fact
06:24:43.352693 [debug]: Started rendering model dbt_schema.fact
06:24:43.352721 [info ]: Started model dbt_schema.obt
06:24:43.352730 [debug]: Started rendering model dbt_schema.obt
06:24:43.352745 [info ]: Started analysis dbt_schema.explore
06:24:43.352752 [debug]: Started rendering analysis dbt_schema.explore
06:24:43.352766 [info ]: Finished parsing [  0.18s]
06:24:43.353928 [error]: dbt1501: Failed to render SQL not a key type: ref not found for package: aws_dbt_snowflake_project, model: silver_bookings, version: None
(in analyses\explore.sql:1:15)
  --> analyses\explore.sql:1:15
06:24:43.353978 [info ]: Started analyzing (5 nodes)
06:24:43.353991 [debug]: Started analyzing analysis dbt_schema.explore
06:24:43.354012 [info ]:     Failed [  0.00s] analysis dbt_schema.explore (analysis)
06:24:43.354033 [debug]: Finished analyzing [  0.00s] analysis dbt_schema.explore [skipped]
06:24:43.354069 [debug]: Finished rendering [  0.00s] analysis dbt_schema.explore [error]
06:24:43.355540 [debug]: Compiled SQL for node model.aws_dbt_snowflake_project.fact at target\.lsp\compiled\models\gold\fact.sql
06:24:43.355587 [debug]: Compiled SQL for node model.aws_dbt_snowflake_project.obt at target\.lsp\compiled\models\gold\obt.sql
06:24:43.355641 [debug]: Started analyzing model dbt_schema.fact
06:24:43.355643 [debug]: Finished rendering [  0.00s] model dbt_schema.fact [success]
06:24:43.355674 [debug]: Finished rendering [  0.00s] model dbt_schema.obt [success]
06:24:43.355694 [debug]: Started analyzing model dbt_schema.obt
06:24:44.498934 [debug]: Query executed on node model.aws_dbt_snowflake_project.fact:
describe table "AIRBNB"."GOLD"."DIM_HOSTS"
06:24:44.716053 [debug]: Query executed on node model.aws_dbt_snowflake_project.fact:
describe table "AIRBNB"."GOLD"."OBT"
06:24:44.718348 [debug]: Query executed on node model.aws_dbt_snowflake_project.obt:
describe table "AIRBNB"."SILVER"."SILVER_LISTINGS"
06:24:44.718348 [debug]: Query executed on node model.aws_dbt_snowflake_project.fact:
describe table "AIRBNB"."GOLD"."DIM_LISTINGS"
06:24:44.720770 [debug]: Query executed on node model.aws_dbt_snowflake_project.obt:
describe table "AIRBNB"."SILVER"."SILVER_BOOKINGS"
06:24:45.113909 [debug]: Query executed on node model.aws_dbt_snowflake_project.obt:
describe table "AIRBNB"."SILVER"."SILVER_HOSTS"
06:24:45.228557 [debug]: Schema hydration: registering 3 schemas from db_runner
06:24:45.228580 [debug]: Schema hydration: parsing FQN string '"AIRBNB"."GOLD"."DIM_LISTINGS"'
06:24:45.228591 [debug]: Schema hydration: registering cfqn=AIRBNB.GOLD.DIM_LISTINGS (catalog='AIRBNB', schema='GOLD', table='DIM_LISTINGS')
06:24:45.229219 [debug]: Schema hydration: registration succeeded for AIRBNB.GOLD.DIM_LISTINGS, exists_check=true
06:24:45.229233 [debug]: Schema hydration: parsing FQN string '"AIRBNB"."GOLD"."OBT"'
06:24:45.229241 [debug]: Schema hydration: registering cfqn=AIRBNB.GOLD.OBT (catalog='AIRBNB', schema='GOLD', table='OBT')
06:24:45.229931 [debug]: Schema hydration: registration succeeded for AIRBNB.GOLD.OBT, exists_check=true
06:24:45.229947 [debug]: Schema hydration: parsing FQN string '"AIRBNB"."GOLD"."DIM_HOSTS"'
06:24:45.229957 [debug]: Schema hydration: registering cfqn=AIRBNB.GOLD.DIM_HOSTS (catalog='AIRBNB', schema='GOLD', table='DIM_HOSTS')
06:24:45.230708 [debug]: Schema hydration: registration succeeded for AIRBNB.GOLD.DIM_HOSTS, exists_check=true
06:24:45.240234 [info ]:  Succeeded [  1.89s] model dbt_schema.fact (table)
06:24:45.240279 [debug]: Finished analyzing [  1.88s] model dbt_schema.fact [success]
06:24:45.498143 [debug]: Schema hydration: registering 3 schemas from db_runner
06:24:45.498172 [debug]: Schema hydration: parsing FQN string '"AIRBNB"."SILVER"."SILVER_BOOKINGS"'
06:24:45.498190 [debug]: Schema hydration: registering cfqn=AIRBNB.SILVER.SILVER_BOOKINGS (catalog='AIRBNB', schema='SILVER', table='SILVER_BOOKINGS')
06:24:45.499570 [debug]: Schema hydration: registration succeeded for AIRBNB.SILVER.SILVER_BOOKINGS, exists_check=true
06:24:45.499590 [debug]: Schema hydration: parsing FQN string '"AIRBNB"."SILVER"."SILVER_HOSTS"'
06:24:45.499601 [debug]: Schema hydration: registering cfqn=AIRBNB.SILVER.SILVER_HOSTS (catalog='AIRBNB', schema='SILVER', table='SILVER_HOSTS')
06:24:45.500187 [debug]: Schema hydration: registration succeeded for AIRBNB.SILVER.SILVER_HOSTS, exists_check=true
06:24:45.500201 [debug]: Schema hydration: parsing FQN string '"AIRBNB"."SILVER"."SILVER_LISTINGS"'
06:24:45.500210 [debug]: Schema hydration: registering cfqn=AIRBNB.SILVER.SILVER_LISTINGS (catalog='AIRBNB', schema='SILVER', table='SILVER_LISTINGS')
06:24:45.500843 [debug]: Schema hydration: registration succeeded for AIRBNB.SILVER.SILVER_LISTINGS, exists_check=true
06:24:45.511339 [info ]:  Succeeded [  2.16s] model dbt_schema.obt (table)
06:24:45.511378 [debug]: Finished analyzing [  2.16s] model dbt_schema.obt [success]
06:24:45.511409 [info ]: Started model dbt_schema.bookings
06:24:45.511430 [debug]: Started rendering model dbt_schema.bookings
06:24:45.511452 [info ]: Started model dbt_schema.listings
06:24:45.511461 [debug]: Started rendering model dbt_schema.listings
06:24:45.518040 [debug]: Compiled SQL for node model.aws_dbt_snowflake_project.bookings at target\.lsp\compiled\models\gold\ephemeral\bookings.sql
06:24:45.518659 [debug]: Started analyzing model dbt_schema.bookings
06:24:45.519584 [debug]: Compiled SQL for node model.aws_dbt_snowflake_project.listings at target\.lsp\compiled\models\gold\ephemeral\listings.sql
06:24:45.519745 [debug]: Started analyzing model dbt_schema.listings
06:24:45.522753 [debug]: Finished rendering [  0.01s] model dbt_schema.listings [success]
06:24:45.522834 [debug]: Finished rendering [  0.01s] model dbt_schema.bookings [success]
06:24:45.522855 [info ]: Finished rendering [  2.17s] (5 nodes, 0 skipped, 1 errors)
06:24:45.533699 [info ]:  Succeeded [  0.02s] model dbt_schema.bookings (ephemeral)
06:24:45.533748 [debug]: Finished analyzing [  0.02s] model dbt_schema.bookings [success]
06:24:45.533774 [info ]:  Succeeded [  0.02s] model dbt_schema.listings (ephemeral)
06:24:45.533791 [debug]: Finished analyzing [  0.01s] model dbt_schema.listings [success]
06:24:45.533800 [info ]: Finished analyzing [  2.18s] (5 nodes, 1 skipped, 0 errors)
06:24:45.540235 [info ]: Cached model count updated: 4 models (accurate)
06:24:49.798394 [info ]: Started loading project
06:24:49.799650 [info ]: Loading ~/.dbt/profiles.yml
06:24:49.805460 [info ]: Started loading project
06:24:49.806157 [info ]: Loading ~/.dbt/profiles.yml
06:24:49.806191 [info ]: Finished loading project [  0.01s]
06:24:49.809984 [debug]:    Started loading packages
06:24:49.812172 [debug]:     Loaded [  0.00s] packages
06:24:49.812902 [info ]: Started parsing
06:24:49.840553 [info ]: Finished loading project [  0.04s]
06:24:49.843877 [debug]: Finished parsing models\gold\ephemeral\bookings.sql [  0.00s]
06:24:49.844727 [debug]: Finished parsing models\gold\ephemeral\listings.sql [  0.00s]
06:24:49.845637 [debug]: Finished parsing models\gold\fact.sql [  0.00s]
06:24:49.846372 [debug]: Finished parsing models\gold\obt.sql [  0.00s]
06:24:49.848371 [error]: dbt1501: Failed to render SQL unknown function: Jinja macro or function `multiply` is unknown
(in models\silver\silver_bookings.sql:11:5)
  --> models\silver\silver_bookings.sql:11:5
06:24:49.849559 [debug]: Finished parsing models\silver\silver_bookings.sql [  0.00s]
06:24:49.851410 [debug]: Finished parsing analyses\explore.sql [  0.00s]
06:24:49.853966 [debug]: Finished parsing tests\source_tests.sql [  0.00s]
06:24:49.854709 [warn ]: dbt1005: Source 'staging.bookings' not found in project. Searched for 'bookings'
  --> tests\source_tests.sql:8:2
06:24:49.855897 [info ]: Cached model count updated: 5 models (estimate)
06:24:49.855918 [info ]: Cached model count updated: 4 models (accurate)
06:24:49.856032 [info ]: Started scheduling
06:24:49.856068 [info ]: Finished scheduling [  0.00s]
06:24:49.859566 [info ]: Finished parsing [  0.05s]
06:24:50.218380 [info ]: Started loading project
06:24:50.219351 [info ]: Loading ~/.dbt/profiles.yml
06:24:50.224694 [debug]:    Started loading packages
06:24:50.227908 [debug]:     Loaded [  0.00s] packages
06:24:50.228703 [info ]: Started parsing
06:24:50.259620 [info ]: Finished loading project [  0.04s]
06:24:50.263048 [debug]: Finished parsing models\gold\ephemeral\bookings.sql [  0.00s]
06:24:50.263950 [debug]: Finished parsing models\gold\ephemeral\listings.sql [  0.00s]
06:24:50.265011 [debug]: Finished parsing models\gold\fact.sql [  0.00s]
06:24:50.266009 [debug]: Finished parsing models\gold\obt.sql [  0.00s]
06:24:50.266907 [error]: dbt1501: Failed to render SQL unknown function: Jinja macro or function `multiply` is unknown
(in models\silver\silver_bookings.sql:11:5)
  --> models\silver\silver_bookings.sql:11:5
06:24:50.268520 [debug]: Finished parsing models\silver\silver_bookings.sql [  0.00s]
06:24:50.270713 [debug]: Finished parsing analyses\explore.sql [  0.00s]
06:24:50.272335 [debug]: Finished parsing tests\source_tests.sql [  0.00s]
06:24:50.273166 [warn ]: dbt1005: Source 'staging.bookings' not found in project. Searched for 'bookings'
  --> tests\source_tests.sql:8:2
06:24:50.273687 [info ]: Cached model count updated: 5 models (estimate)
06:24:50.273699 [info ]: Cached model count updated: 4 models (accurate)
06:24:50.273726 [info ]: Started scheduling
06:24:50.273744 [info ]: Finished scheduling [  0.00s]
06:24:50.277100 [info ]: Finished parsing [  0.05s]
06:25:07.645042 [info ]: Started loading project
06:25:07.646862 [info ]: Loading ~/.dbt/profiles.yml
06:25:07.656470 [debug]:    Started loading packages
06:25:07.663372 [debug]:     Loaded [  0.01s] packages
06:25:07.665554 [info ]: Started parsing
06:25:07.731850 [info ]: Finished loading project [  0.09s]
06:25:07.740142 [debug]: Finished parsing models\gold\ephemeral\bookings.sql [  0.00s]
06:25:07.741973 [debug]: Finished parsing models\gold\ephemeral\listings.sql [  0.00s]
06:25:07.743558 [debug]: Finished parsing models\gold\fact.sql [  0.00s]
06:25:07.745111 [debug]: Finished parsing models\gold\obt.sql [  0.00s]
06:25:07.746547 [error]: dbt1501: Failed to render SQL unknown function: Jinja macro or function `multiply` is unknown
(in models\silver\silver_bookings.sql:11:5)
  --> models\silver\silver_bookings.sql:11:5
06:25:07.751387 [debug]: Finished parsing models\silver\silver_bookings.sql [  0.01s]
06:25:07.755967 [debug]: Finished parsing analyses\explore.sql [  0.00s]
06:25:07.758510 [debug]: Finished parsing tests\source_tests.sql [  0.00s]
06:25:07.759290 [warn ]: dbt1005: Source 'staging.bookings' not found in project. Searched for 'bookings'
  --> tests\source_tests.sql:8:2
06:25:07.760440 [info ]: Cached model count updated: 5 models (estimate)
06:25:07.760469 [info ]: Cached model count updated: 4 models (accurate)
06:25:07.760533 [info ]: Started scheduling
06:25:07.760578 [info ]: Finished scheduling [  0.00s]
06:25:07.765181 [info ]: Finished parsing [  0.10s]
06:25:07.968540 [info ]: Started loading project
06:25:07.970000 [info ]: Loading ~/.dbt/profiles.yml
06:25:07.983826 [debug]:    Started loading packages
06:25:07.991355 [debug]:     Loaded [  0.01s] packages
06:25:07.993780 [info ]: Started parsing
06:25:08.060961 [info ]: Finished loading project [  0.09s]
06:25:08.067629 [debug]: Finished parsing models\gold\ephemeral\bookings.sql [  0.00s]
06:25:08.069654 [debug]: Finished parsing models\gold\ephemeral\listings.sql [  0.00s]
06:25:08.071221 [debug]: Finished parsing models\gold\fact.sql [  0.00s]
06:25:08.073167 [debug]: Finished parsing models\gold\obt.sql [  0.00s]
06:25:08.075036 [error]: dbt1501: Failed to render SQL unknown function: Jinja macro or function `multiply` is unknown
(in models\silver\silver_bookings.sql:11:5)
  --> models\silver\silver_bookings.sql:11:5
06:25:08.079803 [debug]: Finished parsing models\silver\silver_bookings.sql [  0.01s]
06:25:08.083376 [debug]: Finished parsing analyses\explore.sql [  0.00s]
06:25:08.087967 [debug]: Finished parsing tests\source_tests.sql [  0.00s]
06:25:08.088861 [warn ]: dbt1005: Source 'staging.bookings' not found in project. Searched for 'bookings'
  --> tests\source_tests.sql:8:2
06:25:08.090210 [info ]: Cached model count updated: 5 models (estimate)
06:25:08.090239 [info ]: Cached model count updated: 4 models (accurate)
06:25:08.090290 [info ]: Started scheduling
06:25:08.090322 [info ]: Finished scheduling [  0.00s]
06:25:08.095451 [info ]: Finished parsing [  0.10s]
06:25:17.084082 [info ]: Started loading project
06:25:17.085078 [info ]: Loading ~/.dbt/profiles.yml
06:25:17.090447 [debug]:    Started loading packages
06:25:17.093433 [debug]:     Loaded [  0.00s] packages
06:25:17.094291 [info ]: Started parsing
06:25:17.121505 [info ]: Finished loading project [  0.04s]
06:25:17.124784 [debug]: Finished parsing models\gold\ephemeral\bookings.sql [  0.00s]
06:25:17.127304 [debug]: Finished parsing models\gold\ephemeral\listings.sql [  0.00s]
06:25:17.128055 [debug]: Finished parsing models\gold\fact.sql [  0.00s]
06:25:17.128817 [debug]: Finished parsing models\gold\obt.sql [  0.00s]
06:25:17.129902 [error]: dbt1501: Failed to render SQL unknown function: Jinja macro or function `multiply` is unknown
(in models\silver\silver_bookings.sql:11:5)
  --> models\silver\silver_bookings.sql:11:5
06:25:17.131852 [debug]: Finished parsing models\silver\silver_bookings.sql [  0.00s]
06:25:17.133503 [debug]: Finished parsing analyses\explore.sql [  0.00s]
06:25:17.135179 [debug]: Finished parsing tests\source_tests.sql [  0.00s]
06:25:17.135708 [warn ]: dbt1005: Source 'staging.bookings' not found in project. Searched for 'bookings'
  --> tests\source_tests.sql:8:2
06:25:17.136192 [info ]: Cached model count updated: 5 models (estimate)
06:25:17.136202 [info ]: Cached model count updated: 4 models (accurate)
06:25:17.136230 [info ]: Started scheduling
06:25:17.136248 [info ]: Finished scheduling [  0.00s]
06:25:17.138366 [info ]: Finished parsing [  0.04s]
06:25:17.407861 [info ]: Started loading project
06:25:17.409193 [info ]: Loading ~/.dbt/profiles.yml
06:25:17.413006 [debug]:    Started loading packages
06:25:17.415063 [debug]:     Loaded [  0.00s] packages
06:25:17.415673 [info ]: Started parsing
06:25:17.438981 [info ]: Finished loading project [  0.03s]
06:25:17.442361 [debug]: Finished parsing models\gold\ephemeral\bookings.sql [  0.00s]
06:25:17.443119 [debug]: Finished parsing models\gold\ephemeral\listings.sql [  0.00s]
06:25:17.443902 [debug]: Finished parsing models\gold\fact.sql [  0.00s]
06:25:17.444584 [debug]: Finished parsing models\gold\obt.sql [  0.00s]
06:25:17.445160 [error]: dbt1501: Failed to render SQL unknown function: Jinja macro or function `multiply` is unknown
(in models\silver\silver_bookings.sql:11:5)
  --> models\silver\silver_bookings.sql:11:5
06:25:17.446910 [debug]: Finished parsing models\silver\silver_bookings.sql [  0.00s]
06:25:17.448305 [debug]: Finished parsing analyses\explore.sql [  0.00s]
06:25:17.449943 [debug]: Finished parsing tests\source_tests.sql [  0.00s]
06:25:17.450820 [warn ]: dbt1005: Source 'staging.bookings' not found in project. Searched for 'bookings'
  --> tests\source_tests.sql:8:2
06:25:17.451606 [info ]: Cached model count updated: 5 models (estimate)
06:25:17.451637 [info ]: Cached model count updated: 4 models (accurate)
06:25:17.451671 [info ]: Started scheduling
06:25:17.451688 [info ]: Finished scheduling [  0.00s]
06:25:17.455560 [info ]: Finished parsing [  0.04s]
06:25:36.061350 [info ]: Started loading project
06:25:36.062204 [info ]: Loading ~/.dbt/profiles.yml
06:25:36.067037 [debug]:    Started loading packages
06:25:36.069056 [debug]:     Loaded [  0.00s] packages
06:25:36.069683 [info ]: Started parsing
06:25:36.092881 [info ]: Finished loading project [  0.03s]
06:25:36.096341 [debug]: Finished parsing models\gold\ephemeral\bookings.sql [  0.00s]
06:25:36.097278 [debug]: Finished parsing models\gold\ephemeral\listings.sql [  0.00s]
06:25:36.098339 [debug]: Finished parsing models\gold\fact.sql [  0.00s]
06:25:36.099592 [debug]: Finished parsing models\gold\obt.sql [  0.00s]
06:25:36.100421 [error]: dbt1501: Failed to render SQL unknown function: Jinja macro or function `multiply` is unknown
(in models\silver\silver_bookings.sql:11:5)
  --> models\silver\silver_bookings.sql:11:5
06:25:36.101778 [debug]: Finished parsing models\silver\silver_bookings.sql [  0.00s]
06:25:36.103101 [debug]: Finished parsing analyses\explore.sql [  0.00s]
06:25:36.105068 [debug]: Finished parsing tests\source_tests.sql [  0.00s]
06:25:36.105648 [warn ]: dbt1005: Source 'staging.bookings' not found in project. Searched for 'bookings'
  --> tests\source_tests.sql:8:2
06:25:36.106279 [info ]: Cached model count updated: 5 models (estimate)
06:25:36.106296 [info ]: Cached model count updated: 4 models (accurate)
06:25:36.106333 [info ]: Started scheduling
06:25:36.106357 [info ]: Finished scheduling [  0.00s]
06:25:36.109744 [info ]: Finished parsing [  0.04s]
06:25:36.381737 [info ]: Started loading project
06:25:36.382989 [info ]: Loading ~/.dbt/profiles.yml
06:25:36.386595 [debug]:    Started loading packages
06:25:36.388681 [debug]:     Loaded [  0.00s] packages
06:25:36.389273 [info ]: Started parsing
06:25:36.412431 [info ]: Finished loading project [  0.03s]
06:25:36.416303 [debug]: Finished parsing models\gold\ephemeral\bookings.sql [  0.00s]
06:25:36.417830 [debug]: Finished parsing models\gold\ephemeral\listings.sql [  0.00s]
06:25:36.418631 [debug]: Finished parsing models\gold\fact.sql [  0.00s]
06:25:36.419385 [debug]: Finished parsing models\gold\obt.sql [  0.00s]
06:25:36.419872 [error]: dbt1501: Failed to render SQL unknown function: Jinja macro or function `multiply` is unknown
(in models\silver\silver_bookings.sql:11:5)
  --> models\silver\silver_bookings.sql:11:5
06:25:36.421653 [debug]: Finished parsing models\silver\silver_bookings.sql [  0.00s]
06:25:36.423670 [debug]: Finished parsing analyses\explore.sql [  0.00s]
06:25:36.425416 [debug]: Finished parsing tests\source_tests.sql [  0.00s]
06:25:36.426242 [warn ]: dbt1005: Source 'staging.bookings' not found in project. Searched for 'bookings'
  --> tests\source_tests.sql:8:2
06:25:36.427141 [info ]: Cached model count updated: 5 models (estimate)
06:25:36.427159 [info ]: Cached model count updated: 4 models (accurate)
06:25:36.427210 [info ]: Started scheduling
06:25:36.427234 [info ]: Finished scheduling [  0.00s]
06:25:36.430123 [info ]: Finished parsing [  0.04s]
06:25:37.735638 [info ]: Started loading project
06:25:37.736506 [info ]: Loading ~/.dbt/profiles.yml
06:25:37.740531 [debug]:    Started loading packages
06:25:37.743221 [debug]:     Loaded [  0.00s] packages
06:25:37.744195 [info ]: Started parsing
06:25:37.769506 [info ]: Finished loading project [  0.03s]
06:25:37.773354 [debug]: Finished parsing models\gold\ephemeral\bookings.sql [  0.00s]
06:25:37.773996 [debug]: Finished parsing models\gold\ephemeral\listings.sql [  0.00s]
06:25:37.774740 [debug]: Finished parsing models\gold\fact.sql [  0.00s]
06:25:37.775620 [debug]: Finished parsing models\gold\obt.sql [  0.00s]
06:25:37.776253 [error]: dbt1501: Failed to render SQL unknown function: Jinja macro or function `multiply` is unknown
(in models\silver\silver_bookings.sql:11:5)
  --> models\silver\silver_bookings.sql:11:5
06:25:37.777673 [debug]: Finished parsing models\silver\silver_bookings.sql [  0.00s]
06:25:37.779165 [debug]: Finished parsing analyses\explore.sql [  0.00s]
06:25:37.780277 [debug]: Finished parsing tests\source_tests.sql [  0.00s]
06:25:37.780687 [warn ]: dbt1005: Source 'staging.bookings' not found in project. Searched for 'bookings'
  --> tests\source_tests.sql:8:2
06:25:37.781125 [info ]: Cached model count updated: 5 models (estimate)
06:25:37.781134 [info ]: Cached model count updated: 4 models (accurate)
06:25:37.781160 [info ]: Started scheduling
06:25:37.781176 [info ]: Finished scheduling [  0.00s]
06:25:37.783260 [info ]: Finished parsing [  0.04s]
06:25:38.060229 [info ]: Started loading project
06:25:38.061018 [info ]: Loading ~/.dbt/profiles.yml
06:25:38.064754 [debug]:    Started loading packages
06:25:38.066948 [debug]:     Loaded [  0.00s] packages
06:25:38.067587 [info ]: Started parsing
06:25:38.107838 [info ]: Finished loading project [  0.05s]
06:25:38.111770 [debug]: Finished parsing models\gold\ephemeral\bookings.sql [  0.00s]
06:25:38.113196 [debug]: Finished parsing models\gold\ephemeral\listings.sql [  0.00s]
06:25:38.113906 [debug]: Finished parsing models\gold\fact.sql [  0.00s]
06:25:38.114715 [debug]: Finished parsing models\gold\obt.sql [  0.00s]
06:25:38.115363 [error]: dbt1501: Failed to render SQL unknown function: Jinja macro or function `multiply` is unknown
(in models\silver\silver_bookings.sql:11:5)
  --> models\silver\silver_bookings.sql:11:5
06:25:38.116878 [debug]: Finished parsing models\silver\silver_bookings.sql [  0.00s]
06:25:38.118656 [debug]: Finished parsing analyses\explore.sql [  0.00s]
06:25:38.119947 [debug]: Finished parsing tests\source_tests.sql [  0.00s]
06:25:38.121285 [warn ]: dbt1005: Source 'staging.bookings' not found in project. Searched for 'bookings'
  --> tests\source_tests.sql:8:2
06:25:38.122332 [info ]: Cached model count updated: 5 models (estimate)
06:25:38.122349 [info ]: Cached model count updated: 4 models (accurate)
06:25:38.122479 [info ]: Started scheduling
06:25:38.122541 [info ]: Finished scheduling [  0.00s]
06:25:38.125685 [info ]: Finished parsing [  0.06s]
==================== 2026-03-17T06:26:38.643559Z | 6115302d-d47e-43c3-8a8f-35fb5adfe6e4 ====================
06:26:38.643643 [info ]: Starting dbt LSP server
06:26:38.643677 [info ]: Connecting to LSP client on port 8000
06:26:38.645941 [info ]: Successfully connected to LSP client
06:26:38.645968 [info ]: Creating LSP service...
06:26:38.709642 [info ]: Creating LSP server...
06:26:38.709662 [info ]: Starting LSP server...
06:26:38.857815 [info ]: Started loading project
06:26:38.863160 [info ]: Loading ~/.dbt/profiles.yml
06:26:38.870544 [debug]:    Started loading packages
06:26:38.873932 [debug]:     Loaded [  0.00s] packages
06:26:38.874929 [info ]: Started parsing
06:26:38.909974 [info ]: Finished loading project [  0.05s]
06:26:38.915734 [debug]: Finished parsing models\gold\ephemeral\bookings.sql [  0.00s]
06:26:38.916735 [debug]: Finished parsing models\gold\ephemeral\listings.sql [  0.00s]
06:26:38.917541 [debug]: Finished parsing models\gold\fact.sql [  0.00s]
06:26:38.918461 [debug]: Finished parsing models\gold\obt.sql [  0.00s]
06:26:38.921654 [error]: dbt1501: Failed to render SQL unknown function: Jinja macro or function `multiply` is unknown
(in models\silver\silver_bookings.sql:11:5)
  --> models\silver\silver_bookings.sql:11:5
06:26:38.926299 [debug]: Finished parsing models\silver\silver_bookings.sql [  0.01s]
06:26:38.928885 [debug]: Finished parsing analyses\explore.sql [  0.00s]
06:26:38.937839 [debug]: Finished parsing tests\source_tests.sql [  0.01s]
06:26:38.939960 [warn ]: dbt1005: Source 'staging.bookings' not found in project. Searched for 'bookings'
  --> tests\source_tests.sql:8:2
06:26:38.941009 [info ]: Cached model count updated: 5 models (estimate)
06:26:38.941029 [info ]: Cached model count updated: 4 models (accurate)
06:26:38.941119 [info ]: Started scheduling
06:26:38.941187 [info ]: Finished scheduling [  0.00s]
06:26:38.954148 [info ]: Finished parsing [  0.08s]
06:26:43.923250 [info ]: Loading ~/.dbt/profiles.yml
06:27:01.642940 [info ]: Started loading project
06:27:01.644960 [info ]: Loading ~/.dbt/profiles.yml
06:27:01.655992 [debug]:    Started loading packages
06:27:01.664940 [debug]:     Loaded [  0.01s] packages
06:27:01.666952 [info ]: Started parsing
06:27:01.738018 [info ]: Finished loading project [  0.10s]
06:27:01.746483 [debug]: Finished parsing models\gold\ephemeral\bookings.sql [  0.00s]
06:27:01.747854 [debug]: Finished parsing models\gold\ephemeral\listings.sql [  0.00s]
06:27:01.749101 [debug]: Finished parsing models\gold\fact.sql [  0.00s]
06:27:01.750528 [debug]: Finished parsing models\gold\obt.sql [  0.00s]
06:27:01.751559 [error]: dbt1501: Failed to render SQL unknown function: Jinja macro or function `multiply` is unknown
(in models\silver\silver_bookings.sql:11:5)
  --> models\silver\silver_bookings.sql:11:5
06:27:01.754511 [debug]: Finished parsing models\silver\silver_bookings.sql [  0.00s]
06:27:01.757923 [debug]: Finished parsing analyses\explore.sql [  0.00s]
06:27:01.761512 [debug]: Finished parsing tests\source_tests.sql [  0.00s]
06:27:01.764243 [warn ]: dbt1005: Source 'staging.bookings' not found in project. Searched for 'bookings'
  --> tests\source_tests.sql:8:2
06:27:01.765403 [info ]: Cached model count updated: 5 models (estimate)
06:27:01.765420 [info ]: Cached model count updated: 4 models (accurate)
06:27:01.765479 [info ]: Started scheduling
06:27:01.765517 [info ]: Finished scheduling [  0.00s]
06:27:01.771925 [info ]: Finished parsing [  0.10s]
06:27:01.949774 [info ]: Started loading project
06:27:01.951020 [info ]: Loading ~/.dbt/profiles.yml
06:27:01.958101 [debug]:    Started loading packages
06:27:01.962409 [debug]:     Loaded [  0.00s] packages
06:27:01.963670 [info ]: Started parsing
06:27:02.000804 [info ]: Finished loading project [  0.05s]
06:27:02.005510 [debug]: Finished parsing models\gold\ephemeral\bookings.sql [  0.00s]
06:27:02.006824 [debug]: Finished parsing models\gold\ephemeral\listings.sql [  0.00s]
06:27:02.007520 [debug]: Finished parsing models\gold\fact.sql [  0.00s]
06:27:02.008082 [debug]: Finished parsing models\gold\obt.sql [  0.00s]
06:27:02.008626 [error]: dbt1501: Failed to render SQL unknown function: Jinja macro or function `multiply` is unknown
(in models\silver\silver_bookings.sql:11:5)
  --> models\silver\silver_bookings.sql:11:5
06:27:02.010390 [debug]: Finished parsing models\silver\silver_bookings.sql [  0.00s]
06:27:02.012346 [debug]: Finished parsing analyses\explore.sql [  0.00s]
06:27:02.014046 [debug]: Finished parsing tests\source_tests.sql [  0.00s]
06:27:02.015096 [warn ]: dbt1005: Source 'staging.bookings' not found in project. Searched for 'bookings'
  --> tests\source_tests.sql:8:2
06:27:02.015823 [info ]: Cached model count updated: 5 models (estimate)
06:27:02.015836 [info ]: Cached model count updated: 4 models (accurate)
06:27:02.015874 [info ]: Started scheduling
06:27:02.015897 [info ]: Finished scheduling [  0.00s]
06:27:02.019484 [info ]: Finished parsing [  0.06s]
06:27:10.448930 [info ]: Loading ~/.dbt/profiles.yml
06:27:10.490957 [info ]: Started loading project
06:27:10.492991 [info ]: Loading ~/.dbt/profiles.yml
06:27:10.501161 [debug]:    Started loading packages
06:27:10.505136 [debug]:     Loaded [  0.00s] packages
06:27:10.506392 [info ]: Started parsing
06:27:10.541911 [info ]: Finished loading project [  0.05s]
06:27:10.545908 [debug]: Finished parsing models\gold\ephemeral\bookings.sql [  0.00s]
06:27:10.546676 [debug]: Finished parsing models\gold\ephemeral\listings.sql [  0.00s]
06:27:10.547476 [debug]: Finished parsing models\gold\fact.sql [  0.00s]
06:27:10.548344 [debug]: Finished parsing models\gold\obt.sql [  0.00s]
06:27:10.549073 [error]: dbt1501: Failed to render SQL unknown function: Jinja macro or function `multiply` is unknown
(in models\silver\silver_bookings.sql:11:5)
  --> models\silver\silver_bookings.sql:11:5
06:27:10.551132 [debug]: Finished parsing models\silver\silver_bookings.sql [  0.00s]
06:27:10.552838 [debug]: Finished parsing analyses\explore.sql [  0.00s]
06:27:10.554375 [debug]: Finished parsing tests\source_tests.sql [  0.00s]
06:27:10.555335 [warn ]: dbt1005: Source 'staging.bookings' not found in project. Searched for 'bookings'
  --> tests\source_tests.sql:8:2
06:27:10.555895 [info ]: Cached model count updated: 5 models (estimate)
06:27:10.555904 [info ]: Cached model count updated: 4 models (accurate)
06:27:10.555928 [info ]: Started scheduling
06:27:10.555944 [info ]: Finished scheduling [  0.00s]
06:27:10.559998 [info ]: Finished parsing [  0.05s]
06:27:10.822368 [info ]: Started loading project
06:27:10.824356 [info ]: Loading ~/.dbt/profiles.yml
06:27:10.835101 [debug]:    Started loading packages
06:27:10.841499 [debug]:     Loaded [  0.01s] packages
06:27:10.843426 [info ]: Started parsing
06:27:10.881401 [info ]: Finished loading project [  0.06s]
06:27:10.885094 [debug]: Finished parsing models\gold\ephemeral\bookings.sql [  0.00s]
06:27:10.885882 [debug]: Finished parsing models\gold\ephemeral\listings.sql [  0.00s]
06:27:10.886581 [debug]: Finished parsing models\gold\fact.sql [  0.00s]
06:27:10.887439 [debug]: Finished parsing models\gold\obt.sql [  0.00s]
06:27:10.888161 [error]: dbt1501: Failed to render SQL unknown function: Jinja macro or function `multiply` is unknown
(in models\silver\silver_bookings.sql:11:5)
  --> models\silver\silver_bookings.sql:11:5
06:27:10.890251 [debug]: Finished parsing models\silver\silver_bookings.sql [  0.00s]
06:27:10.892103 [debug]: Finished parsing analyses\explore.sql [  0.00s]
06:27:10.893979 [debug]: Finished parsing tests\source_tests.sql [  0.00s]
06:27:10.895287 [warn ]: dbt1005: Source 'staging.bookings' not found in project. Searched for 'bookings'
  --> tests\source_tests.sql:8:2
06:27:10.895986 [info ]: Cached model count updated: 5 models (estimate)
06:27:10.895999 [info ]: Cached model count updated: 4 models (accurate)
06:27:10.896031 [info ]: Started scheduling
06:27:10.896071 [info ]: Finished scheduling [  0.00s]
06:27:10.901718 [info ]: Finished parsing [  0.06s]
06:28:18.405677 [info ]: Started loading project
06:28:18.407839 [info ]: Loading ~/.dbt/profiles.yml
06:28:18.419882 [debug]:    Started loading packages
06:28:18.428104 [debug]:     Loaded [  0.01s] packages
06:28:18.430285 [info ]: Started parsing
06:28:18.503615 [info ]: Finished loading project [  0.10s]
06:28:18.514332 [debug]: Finished parsing models\gold\ephemeral\bookings.sql [  0.00s]
06:28:18.516351 [debug]: Finished parsing models\gold\ephemeral\listings.sql [  0.00s]
06:28:18.517873 [debug]: Finished parsing models\gold\fact.sql [  0.00s]
06:28:18.519348 [debug]: Finished parsing models\gold\obt.sql [  0.00s]
06:28:18.520681 [error]: dbt1501: Failed to render SQL unknown function: Jinja macro or function `multiply` is unknown
(in models\silver\silver_bookings.sql:11:5)
  --> models\silver\silver_bookings.sql:11:5
06:28:18.525548 [debug]: Finished parsing models\silver\silver_bookings.sql [  0.01s]
06:28:18.530180 [debug]: Finished parsing analyses\explore.sql [  0.00s]
06:28:18.533367 [debug]: Finished parsing tests\source_tests.sql [  0.00s]
06:28:18.534951 [warn ]: dbt1005: Source 'staging.bookings' not found in project. Searched for 'bookings'
  --> tests\source_tests.sql:8:2
06:28:18.536199 [info ]: Cached model count updated: 5 models (estimate)
06:28:18.536223 [info ]: Cached model count updated: 4 models (accurate)
06:28:18.536285 [info ]: Started scheduling
06:28:18.536325 [info ]: Finished scheduling [  0.00s]
06:28:18.544130 [info ]: Finished parsing [  0.11s]
06:28:18.722618 [info ]: Started loading project
06:28:18.724180 [info ]: Loading ~/.dbt/profiles.yml
06:28:18.731548 [debug]:    Started loading packages
06:28:18.735577 [debug]:     Loaded [  0.00s] packages
06:28:18.736818 [info ]: Started parsing
06:28:18.775683 [info ]: Finished loading project [  0.05s]
06:28:18.779191 [debug]: Finished parsing models\gold\ephemeral\bookings.sql [  0.00s]
06:28:18.779909 [debug]: Finished parsing models\gold\ephemeral\listings.sql [  0.00s]
06:28:18.780660 [debug]: Finished parsing models\gold\fact.sql [  0.00s]
06:28:18.781401 [debug]: Finished parsing models\gold\obt.sql [  0.00s]
06:28:18.782130 [error]: dbt1501: Failed to render SQL unknown function: Jinja macro or function `multiply` is unknown
(in models\silver\silver_bookings.sql:11:5)
  --> models\silver\silver_bookings.sql:11:5
06:28:18.784251 [debug]: Finished parsing models\silver\silver_bookings.sql [  0.00s]
06:28:18.786371 [debug]: Finished parsing analyses\explore.sql [  0.00s]
06:28:18.787682 [debug]: Finished parsing tests\source_tests.sql [  0.00s]
06:28:18.788690 [warn ]: dbt1005: Source 'staging.bookings' not found in project. Searched for 'bookings'
  --> tests\source_tests.sql:8:2
06:28:18.789190 [info ]: Cached model count updated: 5 models (estimate)
06:28:18.789202 [info ]: Cached model count updated: 4 models (accurate)
06:28:18.789235 [info ]: Started scheduling
06:28:18.789254 [info ]: Finished scheduling [  0.00s]
06:28:18.793600 [info ]: Finished parsing [  0.06s]
==================== 2026-03-17T06:35:58.285222Z | 182fe93d-8fcb-47ec-bcba-d54cffa38090 ====================
06:35:58.285321 [info ]: Starting dbt LSP server
06:35:58.285375 [info ]: Connecting to LSP client on port 8000
06:35:58.287724 [info ]: Successfully connected to LSP client
06:35:58.287751 [info ]: Creating LSP service...
06:35:58.383790 [info ]: Creating LSP server...
06:35:58.383816 [info ]: Starting LSP server...
06:35:58.718811 [info ]: Started loading project
06:35:58.727207 [info ]: Loading ~/.dbt/profiles.yml
06:35:58.739657 [debug]:    Started loading packages
06:35:58.745723 [debug]:     Loaded [  0.01s] packages
06:35:58.747395 [info ]: Started parsing
06:35:58.824707 [info ]: Finished loading project [  0.11s]
06:35:58.832152 [debug]: Finished parsing models\gold\ephemeral\bookings.sql [  0.00s]
06:35:58.833327 [debug]: Finished parsing models\gold\ephemeral\listings.sql [  0.00s]
06:35:58.835515 [debug]: Finished parsing models\gold\fact.sql [  0.00s]
06:35:58.837545 [debug]: Finished parsing models\gold\obt.sql [  0.00s]
06:35:58.846715 [error]: dbt1501: Failed to render SQL unknown function: Jinja macro or function `multiply` is unknown
(in models\silver\silver_bookings.sql:11:5)
  --> models\silver\silver_bookings.sql:11:5
06:35:58.854401 [debug]: Finished parsing models\silver\silver_bookings.sql [  0.02s]
06:35:58.857296 [debug]: Finished parsing analyses\explore.sql [  0.00s]
06:35:58.869636 [debug]: Finished parsing tests\source_tests.sql [  0.01s]
06:35:58.871377 [warn ]: dbt1005: Source 'staging.bookings' not found in project. Searched for 'bookings'
  --> tests\source_tests.sql:8:2
06:35:58.872447 [info ]: Cached model count updated: 5 models (estimate)
06:35:58.872473 [info ]: Cached model count updated: 4 models (accurate)
06:35:58.872796 [info ]: Started scheduling
06:35:58.872872 [info ]: Finished scheduling [  0.00s]
06:35:58.891483 [info ]: Finished parsing [  0.14s]
06:35:59.687900 [info ]: Loading ~/.dbt/profiles.yml
==================== 2026-03-20T10:31:16.638710Z | 6b391fa8-3906-4c51-94e7-a0c9bc57cda9 ====================
10:31:16.638835 [info ]: Starting dbt LSP server
10:31:16.638890 [info ]: Connecting to LSP client on port 8000
10:31:16.641553 [info ]: Successfully connected to LSP client
10:31:16.641579 [info ]: Creating LSP service...
10:31:16.724433 [info ]: Creating LSP server...
10:31:16.724456 [info ]: Starting LSP server...
10:31:16.789331 [info ]: Started loading project
10:31:16.796620 [info ]: Loading ~/.dbt/profiles.yml
10:31:16.805839 [debug]:    Started loading packages
10:31:16.810916 [debug]:     Loaded [  0.01s] packages
10:31:16.812302 [info ]: Started parsing
10:31:16.859646 [info ]: Finished loading project [  0.07s]
10:31:16.866540 [debug]: Finished parsing models\gold\ephemeral\bookings.sql [  0.00s]
10:31:16.868721 [debug]: Finished parsing models\gold\ephemeral\listings.sql [  0.00s]
10:31:16.873326 [debug]: Finished parsing models\gold\fact.sql [  0.00s]
10:31:16.890907 [debug]: Finished parsing models\gold\obt.sql [  0.02s]
10:31:16.896182 [error]: dbt1501: Failed to render SQL unknown function: Jinja macro or function `multiply` is unknown
(in models\silver\silver_bookings.sql:11:5)
  --> models\silver\silver_bookings.sql:11:5
10:31:16.901130 [debug]: Finished parsing models\silver\silver_bookings.sql [  0.01s]
10:31:16.904224 [debug]: Finished parsing analyses\explore.sql [  0.00s]
10:31:16.917520 [debug]: Finished parsing tests\source_tests.sql [  0.01s]
10:31:16.919997 [warn ]: dbt1005: Source 'staging.bookings' not found in project. Searched for 'bookings'
  --> tests\source_tests.sql:8:2
10:31:16.920966 [info ]: Cached model count updated: 5 models (estimate)
10:31:16.920999 [info ]: Cached model count updated: 4 models (accurate)
10:31:16.921788 [info ]: Started scheduling
10:31:16.921872 [info ]: Finished scheduling [  0.00s]
10:31:16.939460 [info ]: Finished parsing [  0.13s]
10:31:27.336406 [info ]: Loading ~/.dbt/profiles.yml
10:37:52.277675 [info ]: Started loading project
10:37:52.278922 [info ]: Loading ~/.dbt/profiles.yml
10:37:52.283966 [debug]:    Started loading packages
10:37:52.286192 [debug]:     Loaded [  0.00s] packages
10:37:52.286986 [info ]: Started parsing
10:37:52.313568 [info ]: Finished loading project [  0.04s]
10:37:52.318054 [debug]: Finished parsing models\gold\ephemeral\bookings.sql [  0.00s]
10:37:52.319000 [debug]: Finished parsing models\gold\ephemeral\listings.sql [  0.00s]
10:37:52.320245 [debug]: Finished parsing models\gold\fact.sql [  0.00s]
10:37:52.321419 [debug]: Finished parsing models\gold\obt.sql [  0.00s]
10:37:52.322244 [error]: dbt1501: Failed to render SQL unknown function: Jinja macro or function `multiply` is unknown
(in models\silver\silver_bookings.sql:11:5)
  --> models\silver\silver_bookings.sql:11:5
10:37:52.324610 [debug]: Finished parsing models\silver\silver_bookings.sql [  0.00s]
10:37:52.326355 [debug]: Finished parsing analyses\explore.sql [  0.00s]
10:37:52.327830 [debug]: Finished parsing tests\source_tests.sql [  0.00s]
10:37:52.331278 [warn ]: dbt1005: Source 'staging.bookings' not found in project. Searched for 'bookings'
  --> tests\source_tests.sql:8:2
10:37:52.331795 [info ]: Cached model count updated: 5 models (estimate)
10:37:52.331804 [info ]: Cached model count updated: 4 models (accurate)
10:37:52.331847 [info ]: Started scheduling
10:37:52.331867 [info ]: Finished scheduling [  0.00s]
10:37:52.335775 [info ]: Finished parsing [  0.05s]
10:37:52.620875 [info ]: Started loading project
10:37:52.622661 [info ]: Loading ~/.dbt/profiles.yml
10:37:52.628338 [debug]:    Started loading packages
10:37:52.632315 [debug]:     Loaded [  0.00s] packages
10:37:52.633107 [info ]: Started parsing
10:37:52.655682 [info ]: Finished loading project [  0.03s]
10:37:52.659106 [debug]: Finished parsing models\gold\ephemeral\bookings.sql [  0.00s]
10:37:52.660023 [debug]: Finished parsing models\gold\ephemeral\listings.sql [  0.00s]
10:37:52.660789 [debug]: Finished parsing models\gold\fact.sql [  0.00s]
10:37:52.661537 [debug]: Finished parsing models\gold\obt.sql [  0.00s]
10:37:52.662294 [error]: dbt1501: Failed to render SQL unknown function: Jinja macro or function `multiply` is unknown
(in models\silver\silver_bookings.sql:11:5)
  --> models\silver\silver_bookings.sql:11:5
10:37:52.663828 [debug]: Finished parsing models\silver\silver_bookings.sql [  0.00s]
10:37:52.665368 [debug]: Finished parsing analyses\explore.sql [  0.00s]
10:37:52.666917 [debug]: Finished parsing tests\source_tests.sql [  0.00s]
10:37:52.667815 [warn ]: dbt1005: Source 'staging.bookings' not found in project. Searched for 'bookings'
  --> tests\source_tests.sql:8:2
10:37:52.668363 [info ]: Cached model count updated: 5 models (estimate)
10:37:52.668375 [info ]: Cached model count updated: 4 models (accurate)
10:37:52.668399 [info ]: Started scheduling
10:37:52.668431 [info ]: Finished scheduling [  0.00s]
10:37:52.672285 [info ]: Finished parsing [  0.04s]
10:44:34.554258 [info ]: Started loading project
10:44:34.555619 [info ]: Loading ~/.dbt/profiles.yml
10:44:34.559805 [debug]:    Started loading packages
10:44:34.563026 [debug]:     Loaded [  0.00s] packages
10:44:34.563941 [info ]: Started parsing
10:44:34.588242 [info ]: Finished loading project [  0.03s]
10:44:34.592637 [debug]: Finished parsing models\gold\ephemeral\bookings.sql [  0.00s]
10:44:34.593615 [debug]: Finished parsing models\gold\ephemeral\listings.sql [  0.00s]
10:44:34.594850 [debug]: Finished parsing models\gold\fact.sql [  0.00s]
10:44:34.595917 [debug]: Finished parsing models\gold\obt.sql [  0.00s]
10:44:34.596678 [error]: dbt1501: Failed to render SQL unknown function: Jinja macro or function `multiply` is unknown
(in models\silver\silver_bookings.sql:11:5)
  --> models\silver\silver_bookings.sql:11:5
10:44:34.598217 [debug]: Finished parsing models\silver\silver_bookings.sql [  0.00s]
10:44:34.598866 [debug]: Finished parsing analyses\explore.sql [  0.00s]
10:44:34.600592 [debug]: Finished parsing analyses\if_else.sql [  0.00s]
10:44:34.602061 [debug]: Finished parsing tests\source_tests.sql [  0.00s]
10:44:34.603096 [warn ]: dbt1005: Source 'staging.bookings' not found in project. Searched for 'bookings'
  --> tests\source_tests.sql:8:2
10:44:34.603642 [info ]: Cached model count updated: 5 models (estimate)
10:44:34.603651 [info ]: Cached model count updated: 4 models (accurate)
10:44:34.603677 [info ]: Started scheduling
10:44:34.603693 [info ]: Finished scheduling [  0.00s]
10:44:34.607435 [info ]: Finished parsing [  0.04s]
10:44:37.872275 [info ]: Started loading project
10:44:37.872952 [info ]: Loading ~/.dbt/profiles.yml
10:44:37.877447 [debug]:    Started loading packages
10:44:37.879819 [debug]:     Loaded [  0.00s] packages
10:44:37.880548 [info ]: Started parsing
10:44:37.903583 [info ]: Finished loading project [  0.03s]
10:44:37.908372 [debug]: Finished parsing models\gold\ephemeral\bookings.sql [  0.00s]
10:44:37.909561 [debug]: Finished parsing models\gold\ephemeral\listings.sql [  0.00s]
10:44:37.910741 [debug]: Finished parsing models\gold\fact.sql [  0.00s]
10:44:37.912103 [debug]: Finished parsing models\gold\obt.sql [  0.00s]
10:44:37.912947 [error]: dbt1501: Failed to render SQL unknown function: Jinja macro or function `multiply` is unknown
(in models\silver\silver_bookings.sql:11:5)
  --> models\silver\silver_bookings.sql:11:5
10:44:37.914539 [debug]: Finished parsing models\silver\silver_bookings.sql [  0.00s]
10:44:37.915194 [debug]: Finished parsing analyses\explore.sql [  0.00s]
10:44:37.917285 [debug]: Finished parsing analyses\if_else.sql [  0.00s]
10:44:37.918691 [debug]: Finished parsing tests\source_tests.sql [  0.00s]
10:44:37.919121 [warn ]: dbt1005: Source 'staging.bookings' not found in project. Searched for 'bookings'
  --> tests\source_tests.sql:8:2
10:44:37.919165 [error]: dbt1005: Ref 'bronze_bookings' not found in project. Searched for 'aws_dbt_snowflake_project.bronze_bookings, bronze_bookings'
  --> analyses\if_else.sql:4:15
10:44:37.919618 [info ]: Cached model count updated: 5 models (estimate)
10:44:37.919626 [info ]: Cached model count updated: 4 models (accurate)
10:44:37.919663 [info ]: Started scheduling
10:44:37.919678 [info ]: Finished scheduling [  0.00s]
10:44:37.923471 [info ]: Finished parsing [  0.04s]
10:44:38.184214 [info ]: Started loading project
10:44:38.185816 [info ]: Loading ~/.dbt/profiles.yml
10:44:38.192574 [debug]:    Started loading packages
10:44:38.196517 [debug]:     Loaded [  0.00s] packages
10:44:38.197772 [info ]: Started parsing
10:44:38.234050 [info ]: Finished loading project [  0.05s]
10:44:38.238542 [debug]: Finished parsing models\gold\ephemeral\bookings.sql [  0.00s]
10:44:38.239359 [debug]: Finished parsing models\gold\ephemeral\listings.sql [  0.00s]
10:44:38.240203 [debug]: Finished parsing models\gold\fact.sql [  0.00s]
10:44:38.241145 [debug]: Finished parsing models\gold\obt.sql [  0.00s]
10:44:38.241874 [error]: dbt1501: Failed to render SQL unknown function: Jinja macro or function `multiply` is unknown
(in models\silver\silver_bookings.sql:11:5)
  --> models\silver\silver_bookings.sql:11:5
10:44:38.243413 [debug]: Finished parsing models\silver\silver_bookings.sql [  0.00s]
10:44:38.244132 [debug]: Finished parsing analyses\explore.sql [  0.00s]
10:44:38.245792 [debug]: Finished parsing analyses\if_else.sql [  0.00s]
10:44:38.247603 [debug]: Finished parsing tests\source_tests.sql [  0.00s]
10:44:38.248477 [warn ]: dbt1005: Source 'staging.bookings' not found in project. Searched for 'bookings'
  --> tests\source_tests.sql:8:2
10:44:38.248511 [error]: dbt1005: Ref 'bronze_bookings' not found in project. Searched for 'aws_dbt_snowflake_project.bronze_bookings, bronze_bookings'
  --> analyses\if_else.sql:4:15
10:44:38.249077 [info ]: Cached model count updated: 5 models (estimate)
10:44:38.249090 [info ]: Cached model count updated: 4 models (accurate)
10:44:38.249117 [info ]: Started scheduling
10:44:38.249135 [info ]: Finished scheduling [  0.00s]
10:44:38.252805 [info ]: Finished parsing [  0.06s]
10:44:58.207913 [info ]: Started loading project
10:44:58.208683 [info ]: Loading ~/.dbt/profiles.yml
10:44:58.212750 [debug]:    Started loading packages
10:44:58.215309 [debug]:     Loaded [  0.00s] packages
10:44:58.216075 [info ]: Started parsing
10:44:58.245849 [info ]: Finished loading project [  0.04s]
10:44:58.250456 [debug]: Finished parsing models\gold\ephemeral\bookings.sql [  0.00s]
10:44:58.251391 [debug]: Finished parsing models\gold\ephemeral\listings.sql [  0.00s]
10:44:58.252142 [debug]: Finished parsing models\gold\fact.sql [  0.00s]
10:44:58.252846 [debug]: Finished parsing models\gold\obt.sql [  0.00s]
10:44:58.253464 [error]: dbt1501: Failed to render SQL unknown function: Jinja macro or function `multiply` is unknown
(in models\silver\silver_bookings.sql:11:5)
  --> models\silver\silver_bookings.sql:11:5
10:44:58.255186 [debug]: Finished parsing models\silver\silver_bookings.sql [  0.00s]
10:44:58.255826 [debug]: Finished parsing analyses\explore.sql [  0.00s]
10:44:58.256715 [debug]: Finished parsing analyses\if_else.sql [  0.00s]
10:44:58.258526 [debug]: Finished parsing analyses\loop.sql [  0.00s]
10:44:58.259786 [debug]: Finished parsing tests\source_tests.sql [  0.00s]
10:44:58.260514 [warn ]: dbt1005: Source 'staging.bookings' not found in project. Searched for 'bookings'
  --> tests\source_tests.sql:8:2
10:44:58.260544 [error]: dbt1005: Ref 'bronze_bookings' not found in project. Searched for 'aws_dbt_snowflake_project.bronze_bookings, bronze_bookings'
  --> analyses\if_else.sql:4:15
10:44:58.260995 [info ]: Cached model count updated: 5 models (estimate)
10:44:58.261006 [info ]: Cached model count updated: 4 models (accurate)
10:44:58.261032 [info ]: Started scheduling
10:44:58.261050 [info ]: Finished scheduling [  0.00s]
10:44:58.264616 [info ]: Finished parsing [  0.05s]
10:45:01.298367 [info ]: Started loading project
10:45:01.299082 [info ]: Loading ~/.dbt/profiles.yml
10:45:01.303162 [debug]:    Started loading packages
10:45:01.306975 [debug]:     Loaded [  0.00s] packages
10:45:01.307772 [info ]: Started parsing
10:45:01.331462 [info ]: Finished loading project [  0.03s]
10:45:01.335913 [debug]: Finished parsing models\gold\ephemeral\bookings.sql [  0.00s]
10:45:01.336626 [debug]: Finished parsing models\gold\ephemeral\listings.sql [  0.00s]
10:45:01.337387 [debug]: Finished parsing models\gold\fact.sql [  0.00s]
10:45:01.338292 [debug]: Finished parsing models\gold\obt.sql [  0.00s]
10:45:01.339333 [error]: dbt1501: Failed to render SQL unknown function: Jinja macro or function `multiply` is unknown
(in models\silver\silver_bookings.sql:11:5)
  --> models\silver\silver_bookings.sql:11:5
10:45:01.341250 [debug]: Finished parsing models\silver\silver_bookings.sql [  0.00s]
10:45:01.342019 [debug]: Finished parsing analyses\explore.sql [  0.00s]
10:45:01.342615 [debug]: Finished parsing analyses\if_else.sql [  0.00s]
10:45:01.344276 [debug]: Finished parsing analyses\loop.sql [  0.00s]
10:45:01.345642 [debug]: Finished parsing tests\source_tests.sql [  0.00s]
10:45:01.346050 [warn ]: dbt1005: Source 'staging.bookings' not found in project. Searched for 'bookings'
  --> tests\source_tests.sql:8:2
10:45:01.346077 [error]: dbt1005: Ref 'bronze_bookings' not found in project. Searched for 'aws_dbt_snowflake_project.bronze_bookings, bronze_bookings'
  --> analyses\if_else.sql:4:15
10:45:01.346086 [error]: dbt1005: Ref 'bronze_bookings' not found in project. Searched for 'aws_dbt_snowflake_project.bronze_bookings, bronze_bookings'
  --> analyses\loop.sql:8:6
10:45:01.346941 [info ]: Cached model count updated: 5 models (estimate)
10:45:01.346963 [info ]: Cached model count updated: 4 models (accurate)
10:45:01.347015 [info ]: Started scheduling
10:45:01.347037 [info ]: Finished scheduling [  0.00s]
10:45:01.351103 [info ]: Finished parsing [  0.04s]
10:45:01.631693 [info ]: Started loading project
10:45:01.632618 [info ]: Loading ~/.dbt/profiles.yml
10:45:01.636124 [debug]:    Started loading packages
10:45:01.639241 [debug]:     Loaded [  0.00s] packages
10:45:01.640009 [info ]: Started parsing
10:45:01.664527 [info ]: Finished loading project [  0.03s]
10:45:01.669463 [debug]: Finished parsing models\gold\ephemeral\bookings.sql [  0.00s]
10:45:01.670228 [debug]: Finished parsing models\gold\ephemeral\listings.sql [  0.00s]
10:45:01.670894 [debug]: Finished parsing models\gold\fact.sql [  0.00s]
10:45:01.671827 [debug]: Finished parsing models\gold\obt.sql [  0.00s]
10:45:01.672670 [error]: dbt1501: Failed to render SQL unknown function: Jinja macro or function `multiply` is unknown
(in models\silver\silver_bookings.sql:11:5)
  --> models\silver\silver_bookings.sql:11:5
10:45:01.674486 [debug]: Finished parsing models\silver\silver_bookings.sql [  0.00s]
10:45:01.675158 [debug]: Finished parsing analyses\explore.sql [  0.00s]
10:45:01.675807 [debug]: Finished parsing analyses\if_else.sql [  0.00s]
10:45:01.677674 [debug]: Finished parsing analyses\loop.sql [  0.00s]
10:45:01.679117 [debug]: Finished parsing tests\source_tests.sql [  0.00s]
10:45:01.679436 [warn ]: dbt1005: Source 'staging.bookings' not found in project. Searched for 'bookings'
  --> tests\source_tests.sql:8:2
10:45:01.679466 [error]: dbt1005: Ref 'bronze_bookings' not found in project. Searched for 'aws_dbt_snowflake_project.bronze_bookings, bronze_bookings'
  --> analyses\if_else.sql:4:15
10:45:01.679478 [error]: dbt1005: Ref 'bronze_bookings' not found in project. Searched for 'aws_dbt_snowflake_project.bronze_bookings, bronze_bookings'
  --> analyses\loop.sql:8:6
10:45:01.679937 [info ]: Cached model count updated: 5 models (estimate)
10:45:01.679946 [info ]: Cached model count updated: 4 models (accurate)
10:45:01.679971 [info ]: Started scheduling
10:45:01.679986 [info ]: Finished scheduling [  0.00s]
10:45:01.684053 [info ]: Finished parsing [  0.04s]
10:46:34.114963 [info ]: Started loading project
10:46:34.149912 [info ]: Loading ~/.dbt/profiles.yml
10:46:34.165816 [debug]:    Started loading packages
10:46:34.169043 [debug]:     Loaded [  0.00s] packages
10:46:34.169880 [info ]: Started parsing
10:46:34.197601 [info ]: Finished loading project [  0.08s]
10:46:34.211448 [debug]: Finished parsing models\gold\ephemeral\bookings.sql [  0.01s]
10:46:34.219971 [debug]: Finished parsing models\gold\ephemeral\listings.sql [  0.01s]
10:46:34.230010 [debug]: Finished parsing models\gold\fact.sql [  0.01s]
10:46:34.239762 [debug]: Finished parsing models\gold\obt.sql [  0.01s]
10:46:34.246402 [error]: dbt1501: Failed to render SQL unknown function: Jinja macro or function `multiply` is unknown
(in models\silver\silver_bookings.sql:11:5)
  --> models\silver\silver_bookings.sql:11:5
10:46:34.248075 [debug]: Finished parsing models\silver\silver_bookings.sql [  0.01s]
10:46:34.256295 [debug]: Finished parsing analyses\explore.sql [  0.01s]
10:46:34.264939 [debug]: Finished parsing analyses\if_else.sql [  0.01s]
10:46:34.276027 [debug]: Finished parsing analyses\loop.sql [  0.01s]
10:46:34.285708 [debug]: Finished parsing tests\source_tests.sql [  0.01s]
10:46:34.286494 [warn ]: dbt1005: Source 'staging.bookings' not found in project. Searched for 'bookings'
  --> tests\source_tests.sql:8:2
10:46:34.286541 [error]: dbt1005: Ref 'bronze_bookings' not found in project. Searched for 'aws_dbt_snowflake_project.bronze_bookings, bronze_bookings'
  --> analyses\if_else.sql:4:15
10:46:34.286555 [error]: dbt1005: Ref 'bronze_bookings' not found in project. Searched for 'aws_dbt_snowflake_project.bronze_bookings, bronze_bookings'
  --> analyses\loop.sql:8:6
10:46:34.287759 [info ]: Cached model count updated: 5 models (estimate)
10:46:34.287786 [info ]: Cached model count updated: 4 models (accurate)
10:46:34.287851 [info ]: Started scheduling
10:46:34.287884 [info ]: Finished scheduling [  0.00s]
10:46:34.292614 [info ]: Finished parsing [  0.12s]
10:47:01.261828 [info ]: Started loading project
10:47:01.262614 [info ]: Loading ~/.dbt/profiles.yml
10:47:01.267326 [debug]:    Started loading packages
10:47:01.269970 [debug]:     Loaded [  0.00s] packages
10:47:01.270633 [info ]: Started parsing
10:47:01.300851 [info ]: Finished loading project [  0.04s]
10:47:01.305056 [debug]: Finished parsing models\gold\ephemeral\bookings.sql [  0.00s]
10:47:01.305803 [debug]: Finished parsing models\gold\ephemeral\listings.sql [  0.00s]
10:47:01.306648 [debug]: Finished parsing models\gold\fact.sql [  0.00s]
10:47:01.307444 [debug]: Finished parsing models\gold\obt.sql [  0.00s]
10:47:01.308193 [error]: dbt1501: Failed to render SQL unknown function: Jinja macro or function `multiply` is unknown
(in models\silver\silver_bookings.sql:11:5)
  --> models\silver\silver_bookings.sql:11:5
10:47:01.309651 [debug]: Finished parsing models\silver\silver_bookings.sql [  0.00s]
10:47:01.310397 [debug]: Finished parsing analyses\explore.sql [  0.00s]
10:47:01.310971 [debug]: Finished parsing analyses\if_else.sql [  0.00s]
10:47:01.312718 [debug]: Finished parsing analyses\loop.sql [  0.00s]
10:47:01.314137 [debug]: Finished parsing tests\source_tests.sql [  0.00s]
10:47:01.314873 [warn ]: dbt1005: Source 'staging.bookings' not found in project. Searched for 'bookings'
  --> tests\source_tests.sql:8:2
10:47:01.314916 [error]: dbt1005: Ref 'bronze_bookings' not found in project. Searched for 'aws_dbt_snowflake_project.bronze_bookings, bronze_bookings'
  --> analyses\if_else.sql:4:15
10:47:01.314929 [error]: dbt1005: Ref 'bronze_bookings' not found in project. Searched for 'aws_dbt_snowflake_project.bronze_bookings, bronze_bookings'
  --> analyses\loop.sql:8:6
10:47:01.315682 [info ]: Cached model count updated: 5 models (estimate)
10:47:01.315699 [info ]: Cached model count updated: 4 models (accurate)
10:47:01.315734 [info ]: Started scheduling
10:47:01.315760 [info ]: Finished scheduling [  0.00s]
10:47:01.319753 [info ]: Finished parsing [  0.05s]
10:47:09.014898 [info ]: Started loading project
10:47:09.016078 [info ]: Loading ~/.dbt/profiles.yml
10:47:09.022328 [debug]:    Started loading packages
10:47:09.025410 [debug]:     Loaded [  0.00s] packages
10:47:09.026168 [info ]: Started parsing
10:47:09.052199 [info ]: Finished loading project [  0.04s]
10:47:09.055735 [debug]: Finished parsing models\gold\ephemeral\bookings.sql [  0.00s]
10:47:09.056355 [debug]: Finished parsing models\gold\ephemeral\listings.sql [  0.00s]
10:47:09.057075 [debug]: Finished parsing models\gold\fact.sql [  0.00s]
10:47:09.058154 [debug]: Finished parsing models\gold\obt.sql [  0.00s]
10:47:09.059006 [error]: dbt1501: Failed to render SQL unknown function: Jinja macro or function `multiply` is unknown
(in models\silver\silver_bookings.sql:11:5)
  --> models\silver\silver_bookings.sql:11:5
10:47:09.060539 [debug]: Finished parsing models\silver\silver_bookings.sql [  0.00s]
10:47:09.061168 [debug]: Finished parsing analyses\explore.sql [  0.00s]
10:47:09.061861 [debug]: Finished parsing analyses\if_else.sql [  0.00s]
10:47:09.064128 [debug]: Finished parsing analyses\loop.sql [  0.00s]
10:47:09.066026 [debug]: Finished parsing tests\source_tests.sql [  0.00s]
10:47:09.066474 [warn ]: dbt1005: Source 'staging.bookings' not found in project. Searched for 'bookings'
  --> tests\source_tests.sql:8:2
10:47:09.066503 [error]: dbt1005: Ref 'bronze_bookings' not found in project. Searched for 'aws_dbt_snowflake_project.bronze_bookings, bronze_bookings'
  --> analyses\if_else.sql:4:15
10:47:09.066515 [error]: dbt1005: Ref 'bronze_bookings' not found in project. Searched for 'aws_dbt_snowflake_project.bronze_bookings, bronze_bookings'
  --> analyses\loop.sql:8:6
10:47:09.067153 [info ]: Cached model count updated: 5 models (estimate)
10:47:09.067169 [info ]: Cached model count updated: 4 models (accurate)
10:47:09.067207 [info ]: Started scheduling
10:47:09.067229 [info ]: Finished scheduling [  0.00s]
10:47:09.072286 [info ]: Finished parsing [  0.05s]
10:47:09.347939 [info ]: Started loading project
10:47:09.348784 [info ]: Loading ~/.dbt/profiles.yml
10:47:09.352431 [debug]:    Started loading packages
10:47:09.354877 [debug]:     Loaded [  0.00s] packages
10:47:09.355580 [info ]: Started parsing
10:47:09.381337 [info ]: Finished loading project [  0.03s]
10:47:09.385486 [debug]: Finished parsing models\gold\ephemeral\bookings.sql [  0.00s]
10:47:09.386278 [debug]: Finished parsing models\gold\ephemeral\listings.sql [  0.00s]
10:47:09.386998 [debug]: Finished parsing models\gold\fact.sql [  0.00s]
10:47:09.387738 [debug]: Finished parsing models\gold\obt.sql [  0.00s]
10:47:09.388435 [error]: dbt1501: Failed to render SQL unknown function: Jinja macro or function `multiply` is unknown
(in models\silver\silver_bookings.sql:11:5)
  --> models\silver\silver_bookings.sql:11:5
10:47:09.390033 [debug]: Finished parsing models\silver\silver_bookings.sql [  0.00s]
10:47:09.390812 [debug]: Finished parsing analyses\explore.sql [  0.00s]
10:47:09.391353 [debug]: Finished parsing analyses\if_else.sql [  0.00s]
10:47:09.393031 [debug]: Finished parsing analyses\loop.sql [  0.00s]
10:47:09.394865 [debug]: Finished parsing tests\source_tests.sql [  0.00s]
10:47:09.395520 [warn ]: dbt1005: Source 'staging.bookings' not found in project. Searched for 'bookings'
  --> tests\source_tests.sql:8:2
10:47:09.395549 [error]: dbt1005: Ref 'bronze_bookings' not found in project. Searched for 'aws_dbt_snowflake_project.bronze_bookings, bronze_bookings'
  --> analyses\if_else.sql:4:15
10:47:09.395559 [error]: dbt1005: Ref 'bronze_bookings' not found in project. Searched for 'aws_dbt_snowflake_project.bronze_bookings, bronze_bookings'
  --> analyses\loop.sql:8:6
10:47:09.396016 [info ]: Cached model count updated: 5 models (estimate)
10:47:09.396026 [info ]: Cached model count updated: 4 models (accurate)
10:47:09.396050 [info ]: Started scheduling
10:47:09.396066 [info ]: Finished scheduling [  0.00s]
10:47:09.401349 [info ]: Finished parsing [  0.05s]
10:47:25.146645 [info ]: Started loading project
10:47:25.147346 [info ]: Loading ~/.dbt/profiles.yml
10:47:25.150743 [debug]:    Started loading packages
10:47:25.153499 [debug]:     Loaded [  0.00s] packages
10:47:25.154121 [info ]: Started parsing
10:47:25.178008 [info ]: Finished loading project [  0.03s]
10:47:25.182790 [debug]: Finished parsing models\gold\ephemeral\bookings.sql [  0.00s]
10:47:25.183420 [debug]: Finished parsing models\gold\ephemeral\listings.sql [  0.00s]
10:47:25.184262 [debug]: Finished parsing models\gold\fact.sql [  0.00s]
10:47:25.185075 [debug]: Finished parsing models\gold\obt.sql [  0.00s]
10:47:25.185851 [error]: dbt1501: Failed to render SQL unknown function: Jinja macro or function `multiply` is unknown
(in models\silver\silver_bookings.sql:11:5)
  --> models\silver\silver_bookings.sql:11:5
10:47:25.187893 [debug]: Finished parsing models\silver\silver_bookings.sql [  0.00s]
10:47:25.188529 [debug]: Finished parsing analyses\explore.sql [  0.00s]
10:47:25.189137 [debug]: Finished parsing analyses\if_else.sql [  0.00s]
10:47:25.191022 [debug]: Finished parsing analyses\loop.sql [  0.00s]
10:47:25.192418 [debug]: Finished parsing tests\source_tests.sql [  0.00s]
10:47:25.192840 [warn ]: dbt1005: Source 'staging.bookings' not found in project. Searched for 'bookings'
  --> tests\source_tests.sql:8:2
10:47:25.192869 [error]: dbt1005: Ref 'bronze_bookings' not found in project. Searched for 'aws_dbt_snowflake_project.bronze_bookings, bronze_bookings'
  --> analyses\if_else.sql:4:15
10:47:25.192879 [error]: dbt1005: Ref 'bronze_bookings' not found in project. Searched for 'aws_dbt_snowflake_project.bronze_bookings, bronze_bookings'
  --> analyses\loop.sql:8:6
10:47:25.193653 [info ]: Cached model count updated: 5 models (estimate)
10:47:25.193670 [info ]: Cached model count updated: 4 models (accurate)
10:47:25.193714 [info ]: Started scheduling
10:47:25.193744 [info ]: Finished scheduling [  0.00s]
10:47:25.198093 [info ]: Finished parsing [  0.04s]
10:47:33.250804 [info ]: Started loading project
10:47:33.251884 [info ]: Loading ~/.dbt/profiles.yml
10:47:33.256967 [debug]:    Started loading packages
10:47:33.259587 [debug]:     Loaded [  0.00s] packages
10:47:33.260398 [info ]: Started parsing
10:47:33.287022 [info ]: Finished loading project [  0.04s]
10:47:33.289972 [debug]: Finished parsing models\gold\ephemeral\bookings.sql [  0.00s]
10:47:33.290812 [debug]: Finished parsing models\gold\ephemeral\listings.sql [  0.00s]
10:47:33.291527 [debug]: Finished parsing models\gold\fact.sql [  0.00s]
10:47:33.292571 [debug]: Finished parsing models\gold\obt.sql [  0.00s]
10:47:33.295897 [debug]: Finished parsing models\silver\silver_bookings.sql [  0.00s]
10:47:33.296517 [debug]: Finished parsing analyses\explore.sql [  0.00s]
10:47:33.297058 [debug]: Finished parsing analyses\if_else.sql [  0.00s]
10:47:33.298727 [debug]: Finished parsing analyses\loop.sql [  0.00s]
10:47:33.299877 [debug]: Finished parsing tests\source_tests.sql [  0.00s]
10:47:33.300285 [error]: dbt1005: Ref 'bronze_bookings' not found in project. Searched for 'aws_dbt_snowflake_project.bronze_bookings, bronze_bookings'
  --> models\silver\silver_bookings.sql:16:6
10:47:33.300309 [warn ]: dbt1005: Source 'staging.bookings' not found in project. Searched for 'bookings'
  --> tests\source_tests.sql:8:2
10:47:33.300323 [error]: dbt1005: Ref 'bronze_bookings' not found in project. Searched for 'aws_dbt_snowflake_project.bronze_bookings, bronze_bookings'
  --> analyses\if_else.sql:4:15
10:47:33.300334 [error]: dbt1005: Ref 'bronze_bookings' not found in project. Searched for 'aws_dbt_snowflake_project.bronze_bookings, bronze_bookings'
  --> analyses\loop.sql:8:6
10:47:33.300797 [info ]: Cached model count updated: 5 models (estimate)
10:47:33.300805 [info ]: Cached model count updated: 5 models (accurate)
10:47:33.300832 [info ]: Started scheduling
10:47:33.304884 [info ]: Finished scheduling [  0.00s]
10:47:33.305479 [info ]: Started scheduling
10:47:33.305540 [info ]: Finished scheduling [  0.00s]
10:47:33.320808 [info ]: Started deferring state
10:47:33.321192 [info ]: Finished deferring state [  0.00s]
10:47:33.360218 [info ]: Started downloading schemas
10:47:33.363790 [debug]:    Started downloading relations
10:47:33.367450 [debug]:   Finished [  0.00s] downloading relations
10:47:33.369046 [info ]: Finished parsing [  0.11s]
10:47:35.813990 [debug]: Query executed on node unknown:
describe table "AIRBNB"."DBT_SCHEMA_SILVER"."SILVER_BOOKINGS"
10:47:36.839660 [info ]: Started loading project
10:47:36.840404 [info ]: Loading ~/.dbt/profiles.yml
10:47:36.846350 [debug]:    Started loading packages
10:47:36.849320 [debug]:     Loaded [  0.00s] packages
10:47:36.849996 [info ]: Started parsing
10:47:36.874488 [info ]: Finished loading project [  0.03s]
10:47:36.879737 [debug]: Finished parsing models\gold\ephemeral\bookings.sql [  0.00s]
10:47:36.880355 [debug]: Finished parsing models\gold\ephemeral\listings.sql [  0.00s]
10:47:36.881084 [debug]: Finished parsing models\gold\fact.sql [  0.00s]
10:47:36.881785 [debug]: Finished parsing models\gold\obt.sql [  0.00s]
10:47:36.883729 [debug]: Finished parsing models\silver\silver_bookings.sql [  0.00s]
10:47:36.884167 [debug]: Finished parsing analyses\explore.sql [  0.00s]
10:47:36.884583 [debug]: Finished parsing analyses\if_else.sql [  0.00s]
10:47:36.886111 [debug]: Finished parsing analyses\loop.sql [  0.00s]
10:47:36.887223 [debug]: Finished parsing tests\source_tests.sql [  0.00s]
10:47:36.887684 [error]: dbt1005: Ref 'bronze_bookings' not found in project. Searched for 'aws_dbt_snowflake_project.bronze_bookings, bronze_bookings'
  --> models\silver\silver_bookings.sql:16:6
10:47:36.887709 [warn ]: dbt1005: Source 'staging.bookings' not found in project. Searched for 'bookings'
  --> tests\source_tests.sql:8:2
10:47:36.887725 [error]: dbt1005: Ref 'bronze_bookings' not found in project. Searched for 'aws_dbt_snowflake_project.bronze_bookings, bronze_bookings'
  --> analyses\if_else.sql:4:15
10:47:36.887755 [error]: dbt1005: Ref 'bronze_bookings' not found in project. Searched for 'aws_dbt_snowflake_project.bronze_bookings, bronze_bookings'
  --> analyses\loop.sql:8:6
10:47:36.888235 [info ]: Cached model count updated: 5 models (estimate)
10:47:36.888244 [info ]: Cached model count updated: 5 models (accurate)
10:47:36.888276 [info ]: Started scheduling
10:47:36.888349 [info ]: Finished scheduling [  0.00s]
10:47:36.888366 [info ]: Started scheduling
10:47:36.888420 [info ]: Finished scheduling [  0.00s]
10:47:36.889408 [info ]: Started deferring state
10:47:36.889434 [info ]: Finished deferring state [  0.00s]
10:47:36.889902 [info ]: Started downloading schemas
10:47:36.889950 [debug]:    Started downloading relations
10:47:36.889987 [debug]:   Finished [  0.00s] downloading relations
10:47:36.890061 [info ]: Finished parsing [  0.04s]
10:47:36.968348 [info ]: Finished downloading schemas [  3.61s]
10:47:37.528860 [debug]: Query executed on node unknown:
describe table "AIRBNB"."DBT_SCHEMA_SILVER"."SILVER_BOOKINGS"
10:47:38.812610 [info ]: Finished downloading schemas [  1.92s]
10:47:39.015739 [info ]: Started building task graph
10:47:39.027754 [info ]: Finished building task graph [  0.01s]
10:47:39.045102 [info ]: Started rendering (8 nodes)
10:47:39.046625 [info ]: Started model dbt_schema_gold.fact
10:47:39.048931 [debug]: Started rendering model dbt_schema_gold.fact
10:47:39.050221 [info ]: Started model dbt_schema_gold.obt
10:47:39.050264 [debug]: Started rendering model dbt_schema_gold.obt
10:47:39.050793 [info ]: Started analysis dbt_schema.loop
10:47:39.050868 [debug]: Started rendering analysis dbt_schema.loop
10:47:39.050957 [info ]: Started analysis dbt_schema.if_else
10:47:39.050989 [debug]: Started rendering analysis dbt_schema.if_else
10:47:39.051037 [info ]: Started analysis dbt_schema.explore
10:47:39.051069 [debug]: Started rendering analysis dbt_schema.explore
10:47:39.051117 [info ]: Started model dbt_schema_silver.silver_bookings
10:47:39.051140 [debug]: Started rendering model dbt_schema_silver.silver_bookings
10:47:39.066851 [error]: dbt1501: Failed to render SQL not a key type: ref not found for package: aws_dbt_snowflake_project, model: bronze_bookings, version: None
(in analyses\if_else.sql:4:15)
  --> analyses\if_else.sql:4:15
10:47:39.068722 [info ]: Started analyzing (8 nodes)
10:47:39.068782 [debug]: Started analyzing analysis dbt_schema.if_else
10:47:39.070887 [debug]: Compiled SQL for node model.aws_dbt_snowflake_project.fact at target\.lsp\compiled\models\gold\fact.sql
10:47:39.070909 [debug]: Compiled SQL for node analysis.aws_dbt_snowflake_project.explore at target\.lsp\compiled\analyses\explore.sql
10:47:39.071017 [debug]: Compiled SQL for node model.aws_dbt_snowflake_project.obt at target\.lsp\compiled\models\gold\obt.sql
10:47:39.070652 [info ]:     Failed [  0.02s] analysis dbt_schema.if_else (analysis)
10:47:39.073684 [debug]: Finished analyzing [  0.00s] analysis dbt_schema.if_else [skipped]
10:47:39.075963 [error]: dbt1501: Failed to render SQL not a key type: ref not found for package: aws_dbt_snowflake_project, model: bronze_bookings, version: None
(in analyses\loop.sql:8:6)
  --> analyses\loop.sql:8:6
10:47:39.076141 [debug]: Started analyzing analysis dbt_schema.loop
10:47:39.076201 [info ]:     Failed [  0.03s] analysis dbt_schema.loop (analysis)
10:47:39.076643 [debug]: Finished analyzing [  0.00s] analysis dbt_schema.loop [skipped]
10:47:39.076767 [error]: dbt1501: Failed to render SQL not a key type: ref not found for package: aws_dbt_snowflake_project, model: bronze_bookings, version: None
(in models\silver\silver_bookings.sql:16:6)
  --> models\silver\silver_bookings.sql:16:6
10:47:39.077353 [debug]: Finished rendering [  0.03s] analysis dbt_schema.if_else [error]
10:47:39.077432 [debug]: Finished rendering [  0.03s] analysis dbt_schema.loop [error]
10:47:39.080647 [debug]: Started analyzing model dbt_schema_silver.silver_bookings
10:47:39.080700 [info ]:     Failed [  0.03s] model dbt_schema_silver.silver_bookings (incremental)
10:47:39.080731 [debug]: Finished analyzing [  0.00s] model dbt_schema_silver.silver_bookings [skipped]
10:47:39.080767 [debug]: Finished rendering [  0.03s] analysis dbt_schema.explore [success]
10:47:39.080786 [debug]: Started analyzing analysis dbt_schema.explore
10:47:39.080803 [info ]:    Skipped [-------] analysis dbt_schema.explore (analysis)
10:47:39.080816 [debug]: Finished analyzing [  0.00s] analysis dbt_schema.explore [skipped]
10:47:39.080834 [debug]: Finished rendering [  0.03s] model dbt_schema_gold.fact [success]
10:47:39.080847 [debug]: Started analyzing model dbt_schema_gold.fact
10:47:39.080867 [debug]: Finished rendering [  0.03s] model dbt_schema_gold.obt [success]
10:47:39.080877 [debug]: Started analyzing model dbt_schema_gold.obt
10:47:39.081064 [debug]: Finished rendering [  0.03s] model dbt_schema_silver.silver_bookings [error]
10:47:39.839856 [debug]: Query executed on node model.aws_dbt_snowflake_project.fact:
describe table "AIRBNB"."GOLD"."DIM_LISTINGS"
10:47:39.847728 [debug]: Query executed on node model.aws_dbt_snowflake_project.obt:
describe table "AIRBNB"."SILVER"."SILVER_BOOKINGS"
10:47:39.858512 [debug]: Query executed on node model.aws_dbt_snowflake_project.fact:
describe table "AIRBNB"."GOLD"."OBT"
10:47:39.948059 [debug]: Query executed on node model.aws_dbt_snowflake_project.obt:
describe table "AIRBNB"."SILVER"."SILVER_LISTINGS"
10:47:40.033716 [debug]: Query executed on node model.aws_dbt_snowflake_project.obt:
describe table "AIRBNB"."SILVER"."SILVER_HOSTS"
10:47:40.037385 [debug]: Query executed on node model.aws_dbt_snowflake_project.fact:
describe table "AIRBNB"."GOLD"."DIM_HOSTS"
10:47:40.306239 [debug]: Schema hydration: registering 3 schemas from db_runner
10:47:40.306266 [debug]: Schema hydration: parsing FQN string '"AIRBNB"."SILVER"."SILVER_HOSTS"'
10:47:40.308263 [debug]: Schema hydration: registering cfqn=AIRBNB.SILVER.SILVER_HOSTS (catalog='AIRBNB', schema='SILVER', table='SILVER_HOSTS')
10:47:40.320915 [debug]: Schema hydration: registration succeeded for AIRBNB.SILVER.SILVER_HOSTS, exists_check=true
10:47:40.320944 [debug]: Schema hydration: parsing FQN string '"AIRBNB"."SILVER"."SILVER_LISTINGS"'
10:47:40.320958 [debug]: Schema hydration: registering cfqn=AIRBNB.SILVER.SILVER_LISTINGS (catalog='AIRBNB', schema='SILVER', table='SILVER_LISTINGS')
10:47:40.322244 [debug]: Schema hydration: registration succeeded for AIRBNB.SILVER.SILVER_LISTINGS, exists_check=true
10:47:40.322259 [debug]: Schema hydration: parsing FQN string '"AIRBNB"."SILVER"."SILVER_BOOKINGS"'
10:47:40.322269 [debug]: Schema hydration: registering cfqn=AIRBNB.SILVER.SILVER_BOOKINGS (catalog='AIRBNB', schema='SILVER', table='SILVER_BOOKINGS')
10:47:40.322847 [debug]: Schema hydration: registration succeeded for AIRBNB.SILVER.SILVER_BOOKINGS, exists_check=true
10:47:40.340274 [debug]: Schema hydration: registering 3 schemas from db_runner
10:47:40.340333 [debug]: Schema hydration: parsing FQN string '"AIRBNB"."GOLD"."DIM_HOSTS"'
10:47:40.340390 [debug]: Schema hydration: registering cfqn=AIRBNB.GOLD.DIM_HOSTS (catalog='AIRBNB', schema='GOLD', table='DIM_HOSTS')
10:47:40.341503 [debug]: Schema hydration: registration succeeded for AIRBNB.GOLD.DIM_HOSTS, exists_check=true
10:47:40.341527 [debug]: Schema hydration: parsing FQN string '"AIRBNB"."GOLD"."OBT"'
10:47:40.341540 [debug]: Schema hydration: registering cfqn=AIRBNB.GOLD.OBT (catalog='AIRBNB', schema='GOLD', table='OBT')
10:47:40.342867 [debug]: Schema hydration: registration succeeded for AIRBNB.GOLD.OBT, exists_check=true
10:47:40.342887 [debug]: Schema hydration: parsing FQN string '"AIRBNB"."GOLD"."DIM_LISTINGS"'
10:47:40.342897 [debug]: Schema hydration: registering cfqn=AIRBNB.GOLD.DIM_LISTINGS (catalog='AIRBNB', schema='GOLD', table='DIM_LISTINGS')
10:47:40.343577 [debug]: Schema hydration: registration succeeded for AIRBNB.GOLD.DIM_LISTINGS, exists_check=true
10:47:40.424377 [info ]:  Succeeded [  1.37s] model dbt_schema_gold.fact (table)
10:47:40.424431 [debug]: Finished analyzing [  1.34s] model dbt_schema_gold.fact [success]
10:47:40.424678 [info ]:  Succeeded [  1.37s] model dbt_schema_gold.obt (table)
10:47:40.424707 [debug]: Finished analyzing [  1.34s] model dbt_schema_gold.obt [success]
10:47:40.424931 [info ]: Started model dbt_schema_gold.listings
10:47:40.424959 [debug]: Started rendering model dbt_schema_gold.listings
10:47:40.424986 [info ]: Started model dbt_schema_gold.bookings
10:47:40.424998 [debug]: Started rendering model dbt_schema_gold.bookings
10:47:40.428022 [debug]: Compiled SQL for node model.aws_dbt_snowflake_project.bookings at target\.lsp\compiled\models\gold\ephemeral\bookings.sql
10:47:40.428123 [debug]: Started analyzing model dbt_schema_gold.bookings
10:47:40.430284 [debug]: Finished rendering [  0.01s] model dbt_schema_gold.bookings [success]
10:47:40.433645 [debug]: Compiled SQL for node model.aws_dbt_snowflake_project.listings at target\.lsp\compiled\models\gold\ephemeral\listings.sql
10:47:40.434351 [debug]: Finished rendering [  0.01s] model dbt_schema_gold.listings [success]
10:47:40.434401 [info ]: Finished rendering [  1.39s] (8 nodes, 0 skipped, 3 errors)
10:47:40.434438 [debug]: Started analyzing model dbt_schema_gold.listings
10:47:40.440502 [info ]:  Succeeded [  0.01s] model dbt_schema_gold.listings (ephemeral)
10:47:40.440549 [debug]: Finished analyzing [  0.01s] model dbt_schema_gold.listings [success]
10:47:40.440575 [info ]:  Succeeded [  0.01s] model dbt_schema_gold.bookings (ephemeral)
10:47:40.440596 [debug]: Finished analyzing [  0.01s] model dbt_schema_gold.bookings [success]
10:47:40.440605 [info ]: Finished analyzing [  1.37s] (8 nodes, 4 skipped, 0 errors)
10:47:40.452114 [info ]: Cached model count updated: 5 models (accurate)
10:47:49.526172 [info ]: Started loading project
10:47:49.526881 [info ]: Loading ~/.dbt/profiles.yml
10:47:49.534550 [info ]: Started loading project
10:47:49.535235 [info ]: Loading ~/.dbt/profiles.yml
10:47:49.535363 [info ]: Finished loading project [  0.01s]
10:47:49.539474 [debug]:    Started loading packages
10:47:49.542067 [debug]:     Loaded [  0.00s] packages
10:47:49.542787 [info ]: Started parsing
10:47:49.566890 [info ]: Finished loading project [  0.03s]
10:47:49.570545 [debug]: Finished parsing models\gold\ephemeral\bookings.sql [  0.00s]
10:47:49.571465 [debug]: Finished parsing models\gold\ephemeral\listings.sql [  0.00s]
10:47:49.572244 [debug]: Finished parsing models\gold\fact.sql [  0.00s]
10:47:49.573109 [debug]: Finished parsing models\gold\obt.sql [  0.00s]
10:47:49.576000 [debug]: Finished parsing models\silver\silver_bookings.sql [  0.00s]
10:47:49.576543 [debug]: Finished parsing analyses\explore.sql [  0.00s]
10:47:49.576959 [debug]: Finished parsing analyses\if_else.sql [  0.00s]
10:47:49.578515 [debug]: Finished parsing analyses\loop.sql [  0.00s]
10:47:49.579577 [debug]: Finished parsing tests\source_tests.sql [  0.00s]
10:47:49.579958 [error]: dbt1005: Ref 'bronze_bookings' not found in project. Searched for 'aws_dbt_snowflake_project.bronze_bookings, bronze_bookings'
  --> models\silver\silver_bookings.sql:16:6
10:47:49.579983 [warn ]: dbt1005: Source 'staging.bookings' not found in project. Searched for 'bookings'
  --> tests\source_tests.sql:8:2
10:47:49.580000 [error]: dbt1005: Ref 'bronze_bookings' not found in project. Searched for 'aws_dbt_snowflake_project.bronze_bookings, bronze_bookings'
  --> analyses\if_else.sql:4:15
10:47:49.580014 [error]: dbt1005: Ref 'bronze_bookings' not found in project. Searched for 'aws_dbt_snowflake_project.bronze_bookings, bronze_bookings'
  --> analyses\loop.sql:8:6
10:47:49.580480 [info ]: Cached model count updated: 5 models (estimate)
10:47:49.580491 [info ]: Cached model count updated: 5 models (accurate)
10:47:49.580521 [info ]: Started scheduling
10:47:49.580602 [info ]: Finished scheduling [  0.00s]
10:47:49.580622 [info ]: Started scheduling
10:47:49.580659 [info ]: Finished scheduling [  0.00s]
10:47:49.581370 [info ]: Started deferring state
10:47:49.581392 [info ]: Finished deferring state [  0.00s]
10:47:49.581729 [info ]: Started downloading schemas
10:47:49.581764 [debug]:    Started downloading relations
10:47:49.581786 [debug]:   Finished [  0.00s] downloading relations
10:47:49.581842 [info ]: Finished parsing [  0.04s]
10:47:50.417020 [debug]: Query executed on node unknown:
describe table "AIRBNB"."DBT_SCHEMA_SILVER"."SILVER_BOOKINGS"
10:47:51.681127 [info ]: Finished downloading schemas [  2.10s]
10:47:51.823799 [info ]: Started building task graph
10:47:51.823892 [info ]: Finished building task graph [  0.00s]
10:47:51.824035 [info ]: Started rendering (8 nodes)
10:47:51.824050 [info ]: Started model dbt_schema_gold.fact
10:47:51.824060 [debug]: Started rendering model dbt_schema_gold.fact
10:47:51.824076 [info ]: Started model dbt_schema_gold.obt
10:47:51.824081 [debug]: Started rendering model dbt_schema_gold.obt
10:47:51.824095 [info ]: Started analysis dbt_schema.loop
10:47:51.824100 [debug]: Started rendering analysis dbt_schema.loop
10:47:51.824110 [info ]: Started analysis dbt_schema.if_else
10:47:51.824129 [debug]: Started rendering analysis dbt_schema.if_else
10:47:51.824137 [info ]: Started analysis dbt_schema.explore
10:47:51.824142 [debug]: Started rendering analysis dbt_schema.explore
10:47:51.824151 [info ]: Started model dbt_schema_silver.silver_bookings
10:47:51.824157 [debug]: Started rendering model dbt_schema_silver.silver_bookings
10:47:51.824845 [error]: dbt1501: Failed to render SQL not a key type: ref not found for package: aws_dbt_snowflake_project, model: bronze_bookings, version: None
(in analyses\loop.sql:8:6)
  --> analyses\loop.sql:8:6
10:47:51.824896 [info ]: Started analyzing (8 nodes)
10:47:51.824910 [debug]: Started analyzing analysis dbt_schema.loop
10:47:51.824935 [info ]:     Failed [-------] analysis dbt_schema.loop (analysis)
10:47:51.824959 [debug]: Finished analyzing [  0.00s] analysis dbt_schema.loop [skipped]
10:47:51.824987 [error]: dbt1501: Failed to render SQL not a key type: ref not found for package: aws_dbt_snowflake_project, model: bronze_bookings, version: None
(in analyses\if_else.sql:4:15)
  --> analyses\if_else.sql:4:15
10:47:51.825008 [debug]: Started analyzing analysis dbt_schema.if_else
10:47:51.825024 [info ]:     Failed [-------] analysis dbt_schema.if_else (analysis)
10:47:51.825025 [debug]: Finished rendering [  0.00s] analysis dbt_schema.loop [error]
10:47:51.825040 [debug]: Finished analyzing [  0.00s] analysis dbt_schema.if_else [skipped]
10:47:51.825061 [error]: dbt1501: Failed to render SQL not a key type: ref not found for package: aws_dbt_snowflake_project, model: bronze_bookings, version: None
(in models\silver\silver_bookings.sql:16:6)
  --> models\silver\silver_bookings.sql:16:6
10:47:51.825087 [debug]: Started analyzing model dbt_schema_silver.silver_bookings
10:47:51.825102 [info ]:     Failed [-------] model dbt_schema_silver.silver_bookings (incremental)
10:47:51.825104 [debug]: Finished rendering [  0.00s] model dbt_schema_silver.silver_bookings [error]
10:47:51.825103 [debug]: Finished rendering [  0.00s] analysis dbt_schema.if_else [error]
10:47:51.825114 [debug]: Finished analyzing [  0.00s] model dbt_schema_silver.silver_bookings [skipped]
10:47:51.825936 [debug]: Compiled SQL for node analysis.aws_dbt_snowflake_project.explore at target\.lsp\compiled\analyses\explore.sql
10:47:51.826005 [debug]: Finished rendering [  0.00s] analysis dbt_schema.explore [success]
10:47:51.826037 [debug]: Started analyzing analysis dbt_schema.explore
10:47:51.826060 [info ]:    Skipped [-------] analysis dbt_schema.explore (analysis)
10:47:51.826077 [debug]: Finished analyzing [  0.00s] analysis dbt_schema.explore [skipped]
10:47:51.826102 [debug]: Compiled SQL for node model.aws_dbt_snowflake_project.fact at target\.lsp\compiled\models\gold\fact.sql
10:47:51.826138 [debug]: Started analyzing model dbt_schema_gold.fact
10:47:51.826792 [debug]: Compiled SQL for node model.aws_dbt_snowflake_project.obt at target\.lsp\compiled\models\gold\obt.sql
10:47:51.826827 [debug]: Finished rendering [  0.00s] model dbt_schema_gold.fact [success]
10:47:51.826860 [debug]: Finished rendering [  0.00s] model dbt_schema_gold.obt [success]
10:47:51.826863 [debug]: Started analyzing model dbt_schema_gold.obt
10:47:52.632530 [debug]: Query executed on node model.aws_dbt_snowflake_project.fact:
describe table "AIRBNB"."GOLD"."DIM_LISTINGS"
10:47:52.641761 [debug]: Query executed on node model.aws_dbt_snowflake_project.fact:
describe table "AIRBNB"."GOLD"."DIM_HOSTS"
10:47:52.653203 [debug]: Query executed on node model.aws_dbt_snowflake_project.obt:
describe table "AIRBNB"."SILVER"."SILVER_LISTINGS"
10:47:52.661910 [debug]: Query executed on node model.aws_dbt_snowflake_project.obt:
describe table "AIRBNB"."SILVER"."SILVER_BOOKINGS"
10:47:52.735163 [debug]: Query executed on node model.aws_dbt_snowflake_project.fact:
describe table "AIRBNB"."GOLD"."OBT"
10:47:52.767226 [debug]: Query executed on node model.aws_dbt_snowflake_project.obt:
describe table "AIRBNB"."SILVER"."SILVER_HOSTS"
10:47:53.205122 [error]: dbt8995: Adapter operation was cancelled
10:47:53.205226 [info ]:     Failed [  1.38s] model dbt_schema_gold.fact (table)
10:47:53.208930 [debug]: Finished analyzing [  1.38s] model dbt_schema_gold.fact [error]
10:47:53.255790 [info ]: Finished rendering [  1.43s] (8 nodes, 0 skipped, 3 errors)
10:47:53.255859 [info ]:  Succeeded [  0.00s] model dbt_schema_gold.obt (table)
10:47:53.268812 [debug]: Finished analyzing [  1.44s] model dbt_schema_gold.obt [no-op]
10:47:53.268839 [info ]: Finished analyzing [  1.44s] (8 nodes, 4 skipped, 1 errors)
10:47:53.274755 [info ]: Started loading project
10:47:53.275431 [info ]: Loading ~/.dbt/profiles.yml
10:47:53.279237 [debug]:    Started loading packages
10:47:53.281522 [debug]:     Loaded [  0.00s] packages
10:47:53.282249 [info ]: Started parsing
10:47:53.305354 [info ]: Finished loading project [  0.03s]
10:47:53.310031 [debug]: Finished parsing models\gold\ephemeral\bookings.sql [  0.00s]
10:47:53.310904 [debug]: Finished parsing models\gold\ephemeral\listings.sql [  0.00s]
10:47:53.311680 [debug]: Finished parsing models\gold\fact.sql [  0.00s]
10:47:53.312380 [debug]: Finished parsing models\gold\obt.sql [  0.00s]
10:47:53.314325 [debug]: Finished parsing models\silver\silver_bookings.sql [  0.00s]
10:47:53.314877 [debug]: Finished parsing analyses\explore.sql [  0.00s]
10:47:53.315404 [debug]: Finished parsing analyses\if_else.sql [  0.00s]
10:47:53.317086 [debug]: Finished parsing analyses\loop.sql [  0.00s]
10:47:53.318368 [debug]: Finished parsing tests\source_tests.sql [  0.00s]
10:47:53.318664 [error]: dbt1005: Ref 'bronze_bookings' not found in project. Searched for 'aws_dbt_snowflake_project.bronze_bookings, bronze_bookings'
  --> models\silver\silver_bookings.sql:16:6
10:47:53.318684 [warn ]: dbt1005: Source 'staging.bookings' not found in project. Searched for 'bookings'
  --> tests\source_tests.sql:8:2
10:47:53.318698 [error]: dbt1005: Ref 'bronze_bookings' not found in project. Searched for 'aws_dbt_snowflake_project.bronze_bookings, bronze_bookings'
  --> analyses\if_else.sql:4:15
10:47:53.318721 [error]: dbt1005: Ref 'bronze_bookings' not found in project. Searched for 'aws_dbt_snowflake_project.bronze_bookings, bronze_bookings'
  --> analyses\loop.sql:8:6
10:47:53.319166 [info ]: Cached model count updated: 5 models (estimate)
10:47:53.319174 [info ]: Cached model count updated: 5 models (accurate)
10:47:53.319217 [info ]: Started scheduling
10:47:53.319283 [info ]: Finished scheduling [  0.00s]
10:47:53.319299 [info ]: Started scheduling
10:47:53.319335 [info ]: Finished scheduling [  0.00s]
10:47:53.320183 [info ]: Started deferring state
10:47:53.320214 [info ]: Finished deferring state [  0.00s]
10:47:53.320598 [info ]: Started downloading schemas
10:47:53.320635 [debug]:    Started downloading relations
10:47:53.320656 [debug]:   Finished [  0.00s] downloading relations
10:47:53.320706 [info ]: Finished parsing [  0.04s]
10:47:53.822107 [debug]: Query executed on node unknown:
describe table "AIRBNB"."DBT_SCHEMA_SILVER"."SILVER_BOOKINGS"
10:47:55.017748 [info ]: Finished downloading schemas [  1.70s]
10:47:55.152497 [info ]: Started building task graph
10:47:55.152624 [info ]: Finished building task graph [  0.00s]
10:47:55.152781 [info ]: Started rendering (8 nodes)
10:47:55.152799 [info ]: Started model dbt_schema_gold.fact
10:47:55.152812 [debug]: Started rendering model dbt_schema_gold.fact
10:47:55.152833 [info ]: Started model dbt_schema_gold.obt
10:47:55.152840 [debug]: Started rendering model dbt_schema_gold.obt
10:47:55.152859 [info ]: Started analysis dbt_schema.loop
10:47:55.152866 [debug]: Started rendering analysis dbt_schema.loop
10:47:55.152877 [info ]: Started analysis dbt_schema.if_else
10:47:55.152885 [debug]: Started rendering analysis dbt_schema.if_else
10:47:55.152897 [info ]: Started analysis dbt_schema.explore
10:47:55.154387 [debug]: Started rendering analysis dbt_schema.explore
10:47:55.154546 [info ]: Started model dbt_schema_silver.silver_bookings
10:47:55.154571 [debug]: Started rendering model dbt_schema_silver.silver_bookings
10:47:55.154637 [error]: dbt1501: Failed to render SQL not a key type: ref not found for package: aws_dbt_snowflake_project, model: bronze_bookings, version: None
(in analyses\loop.sql:8:6)
  --> analyses\loop.sql:8:6
10:47:55.154699 [info ]: Started analyzing (8 nodes)
10:47:55.154714 [debug]: Started analyzing analysis dbt_schema.loop
10:47:55.154737 [info ]:     Failed [  0.00s] analysis dbt_schema.loop (analysis)
10:47:55.154763 [debug]: Finished analyzing [  0.00s] analysis dbt_schema.loop [skipped]
10:47:55.154801 [debug]: Finished rendering [  0.00s] analysis dbt_schema.loop [error]
10:47:55.155470 [debug]: Compiled SQL for node model.aws_dbt_snowflake_project.obt at target\.lsp\compiled\models\gold\obt.sql
10:47:55.155558 [debug]: Started analyzing model dbt_schema_gold.obt
10:47:55.155852 [error]: dbt1501: Failed to render SQL not a key type: ref not found for package: aws_dbt_snowflake_project, model: bronze_bookings, version: None
(in models\silver\silver_bookings.sql:16:6)
  --> models\silver\silver_bookings.sql:16:6
10:47:55.155899 [debug]: Compiled SQL for node model.aws_dbt_snowflake_project.fact at target\.lsp\compiled\models\gold\fact.sql
10:47:55.155899 [debug]: Started analyzing model dbt_schema_silver.silver_bookings
10:47:55.155920 [info ]:     Failed [  0.00s] model dbt_schema_silver.silver_bookings (incremental)
10:47:55.155942 [debug]: Finished rendering [  0.00s] model dbt_schema_gold.obt [success]
10:47:55.155952 [debug]: Finished analyzing [  0.00s] model dbt_schema_silver.silver_bookings [skipped]
10:47:55.155974 [debug]: Finished rendering [  0.00s] model dbt_schema_silver.silver_bookings [error]
10:47:55.155975 [error]: dbt1501: Failed to render SQL not a key type: ref not found for package: aws_dbt_snowflake_project, model: bronze_bookings, version: None
(in analyses\if_else.sql:4:15)
  --> analyses\if_else.sql:4:15
10:47:55.155995 [debug]: Started analyzing analysis dbt_schema.if_else
10:47:55.156008 [info ]:     Failed [  0.00s] analysis dbt_schema.if_else (analysis)
10:47:55.156031 [debug]: Finished analyzing [  0.00s] analysis dbt_schema.if_else [skipped]
10:47:55.156047 [debug]: Finished rendering [  0.00s] model dbt_schema_gold.fact [success]
10:47:55.156060 [debug]: Started analyzing model dbt_schema_gold.fact
10:47:55.156426 [debug]: Finished rendering [  0.00s] analysis dbt_schema.if_else [error]
10:47:55.157018 [debug]: Compiled SQL for node analysis.aws_dbt_snowflake_project.explore at target\.lsp\compiled\analyses\explore.sql
10:47:55.157079 [debug]: Finished rendering [  0.00s] analysis dbt_schema.explore [success]
10:47:55.157108 [debug]: Started analyzing analysis dbt_schema.explore
10:47:55.157130 [info ]:    Skipped [-------] analysis dbt_schema.explore (analysis)
10:47:55.157148 [debug]: Finished analyzing [  0.00s] analysis dbt_schema.explore [skipped]
10:47:55.699040 [debug]: Query executed on node model.aws_dbt_snowflake_project.obt:
describe table "AIRBNB"."SILVER"."SILVER_BOOKINGS"
10:47:55.704897 [debug]: Query executed on node model.aws_dbt_snowflake_project.fact:
describe table "AIRBNB"."GOLD"."OBT"
10:47:55.815343 [debug]: Query executed on node model.aws_dbt_snowflake_project.obt:
describe table "AIRBNB"."SILVER"."SILVER_HOSTS"
10:47:55.817782 [debug]: Query executed on node model.aws_dbt_snowflake_project.fact:
describe table "AIRBNB"."GOLD"."DIM_LISTINGS"
10:47:55.817790 [debug]: Query executed on node model.aws_dbt_snowflake_project.fact:
describe table "AIRBNB"."GOLD"."DIM_HOSTS"
10:47:55.817798 [debug]: Query executed on node model.aws_dbt_snowflake_project.obt:
describe table "AIRBNB"."SILVER"."SILVER_LISTINGS"
10:47:56.080387 [debug]: Schema hydration: registering 3 schemas from db_runner
10:47:56.080437 [debug]: Schema hydration: parsing FQN string '"AIRBNB"."SILVER"."SILVER_LISTINGS"'
10:47:56.080473 [debug]: Schema hydration: registering cfqn=AIRBNB.SILVER.SILVER_LISTINGS (catalog='AIRBNB', schema='SILVER', table='SILVER_LISTINGS')
10:47:56.082376 [debug]: Schema hydration: registration succeeded for AIRBNB.SILVER.SILVER_LISTINGS, exists_check=true
10:47:56.082415 [debug]: Schema hydration: parsing FQN string '"AIRBNB"."SILVER"."SILVER_BOOKINGS"'
10:47:56.082440 [debug]: Schema hydration: registering cfqn=AIRBNB.SILVER.SILVER_BOOKINGS (catalog='AIRBNB', schema='SILVER', table='SILVER_BOOKINGS')
10:47:56.083946 [debug]: Schema hydration: registration succeeded for AIRBNB.SILVER.SILVER_BOOKINGS, exists_check=true
10:47:56.083984 [debug]: Schema hydration: parsing FQN string '"AIRBNB"."SILVER"."SILVER_HOSTS"'
10:47:56.084021 [debug]: Schema hydration: registering cfqn=AIRBNB.SILVER.SILVER_HOSTS (catalog='AIRBNB', schema='SILVER', table='SILVER_HOSTS')
10:47:56.085487 [debug]: Schema hydration: registration succeeded for AIRBNB.SILVER.SILVER_HOSTS, exists_check=true
10:47:56.109138 [info ]:  Succeeded [  0.95s] model dbt_schema_gold.obt (table)
10:47:56.109235 [debug]: Finished analyzing [  0.95s] model dbt_schema_gold.obt [success]
10:47:56.109311 [info ]: Started model dbt_schema_gold.listings
10:47:56.109358 [debug]: Started rendering model dbt_schema_gold.listings
10:47:56.109417 [info ]: Started model dbt_schema_gold.bookings
10:47:56.109450 [debug]: Started rendering model dbt_schema_gold.bookings
10:47:56.109757 [debug]: Schema hydration: registering 3 schemas from db_runner
10:47:56.109821 [debug]: Schema hydration: parsing FQN string '"AIRBNB"."GOLD"."DIM_HOSTS"'
10:47:56.109857 [debug]: Schema hydration: registering cfqn=AIRBNB.GOLD.DIM_HOSTS (catalog='AIRBNB', schema='GOLD', table='DIM_HOSTS')
10:47:56.111979 [debug]: Schema hydration: registration succeeded for AIRBNB.GOLD.DIM_HOSTS, exists_check=true
10:47:56.112030 [debug]: Schema hydration: parsing FQN string '"AIRBNB"."GOLD"."OBT"'
10:47:56.112057 [debug]: Schema hydration: registering cfqn=AIRBNB.GOLD.OBT (catalog='AIRBNB', schema='GOLD', table='OBT')
10:47:56.114282 [debug]: Schema hydration: registration succeeded for AIRBNB.GOLD.OBT, exists_check=true
10:47:56.114328 [debug]: Schema hydration: parsing FQN string '"AIRBNB"."GOLD"."DIM_LISTINGS"'
10:47:56.114354 [debug]: Schema hydration: registering cfqn=AIRBNB.GOLD.DIM_LISTINGS (catalog='AIRBNB', schema='GOLD', table='DIM_LISTINGS')
10:47:56.115481 [debug]: Compiled SQL for node model.aws_dbt_snowflake_project.listings at target\.lsp\compiled\models\gold\ephemeral\listings.sql
10:47:56.115632 [debug]: Started analyzing model dbt_schema_gold.listings
10:47:56.116086 [debug]: Schema hydration: registration succeeded for AIRBNB.GOLD.DIM_LISTINGS, exists_check=true
10:47:56.116141 [debug]: Finished rendering [  0.01s] model dbt_schema_gold.listings [success]
10:47:56.118993 [debug]: Compiled SQL for node model.aws_dbt_snowflake_project.bookings at target\.lsp\compiled\models\gold\ephemeral\bookings.sql
10:47:56.119090 [debug]: Started analyzing model dbt_schema_gold.bookings
10:47:56.119203 [debug]: Finished rendering [  0.01s] model dbt_schema_gold.bookings [success]
10:47:56.119224 [info ]: Finished rendering [  0.97s] (8 nodes, 0 skipped, 3 errors)
10:47:56.121873 [info ]:  Succeeded [  0.01s] model dbt_schema_gold.bookings (ephemeral)
10:47:56.121930 [debug]: Finished analyzing [  0.00s] model dbt_schema_gold.bookings [success]
10:47:56.122853 [info ]:  Succeeded [  0.01s] model dbt_schema_gold.listings (ephemeral)
10:47:56.122893 [debug]: Finished analyzing [  0.01s] model dbt_schema_gold.listings [success]
10:47:56.131932 [info ]:  Succeeded [  0.98s] model dbt_schema_gold.fact (table)
10:47:56.131983 [debug]: Finished analyzing [  0.98s] model dbt_schema_gold.fact [success]
10:47:56.131996 [info ]: Finished analyzing [  0.98s] (8 nodes, 4 skipped, 0 errors)
10:47:56.148478 [info ]: Cached model count updated: 5 models (accurate)
10:48:08.222214 [info ]: Started loading project
10:48:08.223149 [info ]: Loading ~/.dbt/profiles.yml
10:48:08.226873 [info ]: Started loading project
10:48:08.227447 [info ]: Loading ~/.dbt/profiles.yml
10:48:08.227543 [info ]: Finished loading project [  0.01s]
10:48:08.231012 [debug]:    Started loading packages
10:48:08.234068 [debug]:     Loaded [  0.00s] packages
10:48:08.234742 [info ]: Started parsing
10:48:08.257555 [info ]: Finished loading project [  0.03s]
10:48:08.262914 [debug]: Finished parsing models\gold\ephemeral\bookings.sql [  0.00s]
10:48:08.263696 [debug]: Finished parsing models\gold\ephemeral\listings.sql [  0.00s]
10:48:08.264454 [debug]: Finished parsing models\gold\fact.sql [  0.00s]
10:48:08.265175 [debug]: Finished parsing models\gold\obt.sql [  0.00s]
10:48:08.267792 [debug]: Finished parsing models\silver\silver_bookings.sql [  0.00s]
10:48:08.268529 [debug]: Finished parsing analyses\explore.sql [  0.00s]
10:48:08.269130 [debug]: Finished parsing analyses\if_else.sql [  0.00s]
10:48:08.270678 [debug]: Finished parsing analyses\loop.sql [  0.00s]
10:48:08.272020 [debug]: Finished parsing tests\source_tests.sql [  0.00s]
10:48:08.272604 [error]: dbt1005: Ref 'bronze_bookings' not found in project. Searched for 'aws_dbt_snowflake_project.bronze_bookings, bronze_bookings'
  --> models\silver\silver_bookings.sql:16:6
10:48:08.272626 [warn ]: dbt1005: Source 'staging.bookings' not found in project. Searched for 'bookings'
  --> tests\source_tests.sql:8:2
10:48:08.272654 [error]: dbt1005: Ref 'bronze_bookings' not found in project. Searched for 'aws_dbt_snowflake_project.bronze_bookings, bronze_bookings'
  --> analyses\if_else.sql:4:15
10:48:08.272663 [error]: dbt1005: Ref 'bronze_bookings' not found in project. Searched for 'aws_dbt_snowflake_project.bronze_bookings, bronze_bookings'
  --> analyses\loop.sql:8:6
10:48:08.273285 [info ]: Cached model count updated: 5 models (estimate)
10:48:08.273295 [info ]: Cached model count updated: 5 models (accurate)
10:48:08.273327 [info ]: Started scheduling
10:48:08.273422 [info ]: Finished scheduling [  0.00s]
10:48:08.273444 [info ]: Started scheduling
10:48:08.273500 [info ]: Finished scheduling [  0.00s]
10:48:08.274591 [info ]: Started deferring state
10:48:08.274616 [info ]: Finished deferring state [  0.00s]
10:48:08.275106 [info ]: Started downloading schemas
10:48:08.275153 [debug]:    Started downloading relations
10:48:08.275181 [debug]:   Finished [  0.00s] downloading relations
10:48:08.275250 [info ]: Finished parsing [  0.04s]
10:48:09.177020 [debug]: Query executed on node unknown:
describe table "AIRBNB"."DBT_SCHEMA_SILVER"."SILVER_BOOKINGS"
10:48:10.414495 [info ]: Finished downloading schemas [  2.14s]
10:48:10.550616 [info ]: Started building task graph
10:48:10.550766 [info ]: Finished building task graph [  0.00s]
10:48:10.550930 [info ]: Started rendering (8 nodes)
10:48:10.550947 [info ]: Started model dbt_schema_gold.fact
10:48:10.550959 [debug]: Started rendering model dbt_schema_gold.fact
10:48:10.550992 [info ]: Started model dbt_schema_gold.obt
10:48:10.550998 [debug]: Started rendering model dbt_schema_gold.obt
10:48:10.551013 [info ]: Started analysis dbt_schema.loop
10:48:10.551020 [debug]: Started rendering analysis dbt_schema.loop
10:48:10.551029 [info ]: Started analysis dbt_schema.if_else
10:48:10.551035 [debug]: Started rendering analysis dbt_schema.if_else
10:48:10.551044 [info ]: Started analysis dbt_schema.explore
10:48:10.551051 [debug]: Started rendering analysis dbt_schema.explore
10:48:10.551062 [info ]: Started model dbt_schema_silver.silver_bookings
10:48:10.551072 [debug]: Started rendering model dbt_schema_silver.silver_bookings
10:48:10.551753 [error]: dbt1501: Failed to render SQL not a key type: ref not found for package: aws_dbt_snowflake_project, model: bronze_bookings, version: None
(in analyses\loop.sql:8:6)
  --> analyses\loop.sql:8:6
10:48:10.551811 [info ]: Started analyzing (8 nodes)
10:48:10.551826 [debug]: Started analyzing analysis dbt_schema.loop
10:48:10.551847 [info ]:     Failed [-------] analysis dbt_schema.loop (analysis)
10:48:10.551869 [debug]: Finished analyzing [  0.00s] analysis dbt_schema.loop [skipped]
10:48:10.551898 [error]: dbt1501: Failed to render SQL not a key type: ref not found for package: aws_dbt_snowflake_project, model: bronze_bookings, version: None
(in analyses\if_else.sql:4:15)
  --> analyses\if_else.sql:4:15
10:48:10.551917 [debug]: Started analyzing analysis dbt_schema.if_else
10:48:10.551930 [info ]:     Failed [-------] analysis dbt_schema.if_else (analysis)
10:48:10.551930 [debug]: Finished rendering [  0.00s] analysis dbt_schema.loop [error]
10:48:10.551942 [debug]: Finished analyzing [  0.00s] analysis dbt_schema.if_else [skipped]
10:48:10.551962 [error]: dbt1501: Failed to render SQL not a key type: ref not found for package: aws_dbt_snowflake_project, model: bronze_bookings, version: None
(in models\silver\silver_bookings.sql:16:6)
  --> models\silver\silver_bookings.sql:16:6
10:48:10.551989 [debug]: Started analyzing model dbt_schema_silver.silver_bookings
10:48:10.552004 [info ]:     Failed [-------] model dbt_schema_silver.silver_bookings (incremental)
10:48:10.552007 [debug]: Finished rendering [  0.00s] analysis dbt_schema.if_else [error]
10:48:10.552016 [debug]: Finished analyzing [  0.00s] model dbt_schema_silver.silver_bookings [skipped]
10:48:10.552036 [debug]: Finished rendering [  0.00s] model dbt_schema_silver.silver_bookings [error]
10:48:10.552945 [debug]: Compiled SQL for node analysis.aws_dbt_snowflake_project.explore at target\.lsp\compiled\analyses\explore.sql
10:48:10.553211 [debug]: Finished rendering [  0.00s] analysis dbt_schema.explore [success]
10:48:10.553261 [debug]: Started analyzing analysis dbt_schema.explore
10:48:10.553294 [info ]:    Skipped [-------] analysis dbt_schema.explore (analysis)
10:48:10.553318 [debug]: Finished analyzing [  0.00s] analysis dbt_schema.explore [skipped]
10:48:10.553356 [debug]: Compiled SQL for node model.aws_dbt_snowflake_project.obt at target\.lsp\compiled\models\gold\obt.sql
10:48:10.553427 [debug]: Started analyzing model dbt_schema_gold.obt
10:48:10.553615 [debug]: Compiled SQL for node model.aws_dbt_snowflake_project.fact at target\.lsp\compiled\models\gold\fact.sql
10:48:10.553665 [debug]: Started analyzing model dbt_schema_gold.fact
10:48:10.554152 [debug]: Finished rendering [  0.00s] model dbt_schema_gold.fact [success]
10:48:10.554186 [debug]: Finished rendering [  0.00s] model dbt_schema_gold.obt [success]
10:48:11.029612 [debug]: Query executed on node model.aws_dbt_snowflake_project.fact:
describe table "AIRBNB"."GOLD"."DIM_HOSTS"
10:48:11.035156 [debug]: Query executed on node model.aws_dbt_snowflake_project.obt:
describe table "AIRBNB"."SILVER"."SILVER_BOOKINGS"
10:48:11.041536 [debug]: Query executed on node model.aws_dbt_snowflake_project.fact:
describe table "AIRBNB"."GOLD"."DIM_LISTINGS"
10:48:11.046311 [debug]: Query executed on node model.aws_dbt_snowflake_project.obt:
describe table "AIRBNB"."SILVER"."SILVER_LISTINGS"
10:48:11.515424 [error]: dbt8995: Adapter operation was cancelled
10:48:11.515526 [info ]:     Failed [  0.96s] model dbt_schema_gold.fact (table)
10:48:11.531576 [info ]: Finished rendering [  0.98s] (8 nodes, 0 skipped, 3 errors)
10:48:11.531653 [info ]:  Succeeded [  0.00s] model dbt_schema_gold.obt (table)
10:48:11.572425 [info ]: Started loading project
10:48:11.573148 [info ]: Loading ~/.dbt/profiles.yml
10:48:11.576714 [debug]:    Started loading packages
10:48:11.578978 [debug]:     Loaded [  0.00s] packages
10:48:11.579635 [info ]: Started parsing
10:48:11.603278 [info ]: Finished loading project [  0.03s]
10:48:11.607308 [debug]: Finished parsing models\gold\ephemeral\bookings.sql [  0.00s]
10:48:11.608132 [debug]: Finished parsing models\gold\ephemeral\listings.sql [  0.00s]
10:48:11.608910 [debug]: Finished parsing models\gold\fact.sql [  0.00s]
10:48:11.609654 [debug]: Finished parsing models\gold\obt.sql [  0.00s]
10:48:11.611801 [debug]: Finished parsing models\silver\silver_bookings.sql [  0.00s]
10:48:11.612535 [debug]: Finished parsing analyses\explore.sql [  0.00s]
10:48:11.613035 [debug]: Finished parsing analyses\if_else.sql [  0.00s]
10:48:11.614839 [debug]: Finished parsing analyses\loop.sql [  0.00s]
10:48:11.616268 [debug]: Finished parsing tests\source_tests.sql [  0.00s]
10:48:11.616589 [error]: dbt1005: Ref 'bronze_bookings' not found in project. Searched for 'aws_dbt_snowflake_project.bronze_bookings, bronze_bookings'
  --> models\silver\silver_bookings.sql:16:6
10:48:11.616635 [warn ]: dbt1005: Source 'staging.bookings' not found in project. Searched for 'bookings'
  --> tests\source_tests.sql:8:2
10:48:11.616649 [error]: dbt1005: Ref 'bronze_bookings' not found in project. Searched for 'aws_dbt_snowflake_project.bronze_bookings, bronze_bookings'
  --> analyses\if_else.sql:4:15
10:48:11.616657 [error]: dbt1005: Ref 'bronze_bookings' not found in project. Searched for 'aws_dbt_snowflake_project.bronze_bookings, bronze_bookings'
  --> analyses\loop.sql:8:6
10:48:11.617152 [info ]: Cached model count updated: 5 models (estimate)
10:48:11.617160 [info ]: Cached model count updated: 5 models (accurate)
10:48:11.617200 [info ]: Started scheduling
10:48:11.617266 [info ]: Finished scheduling [  0.00s]
10:48:11.617280 [info ]: Started scheduling
10:48:11.617316 [info ]: Finished scheduling [  0.00s]
10:48:11.618036 [info ]: Started deferring state
10:48:11.618057 [info ]: Finished deferring state [  0.00s]
10:48:11.618361 [info ]: Started downloading schemas
10:48:11.618395 [debug]:    Started downloading relations
10:48:11.618415 [debug]:   Finished [  0.00s] downloading relations
10:48:11.618472 [info ]: Finished parsing [  0.04s]
10:48:12.143625 [debug]: Finished analyzing [  1.59s] model dbt_schema_gold.fact [error]
10:48:12.147394 [debug]: Finished analyzing [  1.59s] model dbt_schema_gold.obt [no-op]
10:48:12.147424 [info ]: Finished analyzing [  1.60s] (8 nodes, 4 skipped, 1 errors)
10:48:12.253179 [debug]: Query executed on node unknown:
describe table "AIRBNB"."DBT_SCHEMA_SILVER"."SILVER_BOOKINGS"
10:48:13.515061 [info ]: Finished downloading schemas [  1.90s]
10:48:13.637801 [info ]: Started building task graph
10:48:13.637950 [info ]: Finished building task graph [  0.00s]
10:48:13.638101 [info ]: Started rendering (8 nodes)
10:48:13.638116 [info ]: Started model dbt_schema_gold.fact
10:48:13.638126 [debug]: Started rendering model dbt_schema_gold.fact
10:48:13.638146 [info ]: Started model dbt_schema_gold.obt
10:48:13.638157 [debug]: Started rendering model dbt_schema_gold.obt
10:48:13.638189 [info ]: Started analysis dbt_schema.loop
10:48:13.638195 [debug]: Started rendering analysis dbt_schema.loop
10:48:13.638204 [info ]: Started analysis dbt_schema.if_else
10:48:13.638211 [debug]: Started rendering analysis dbt_schema.if_else
10:48:13.638223 [info ]: Started analysis dbt_schema.explore
10:48:13.638232 [debug]: Started rendering analysis dbt_schema.explore
10:48:13.638245 [info ]: Started model dbt_schema_silver.silver_bookings
10:48:13.638258 [debug]: Started rendering model dbt_schema_silver.silver_bookings
10:48:13.638932 [error]: dbt1501: Failed to render SQL not a key type: ref not found for package: aws_dbt_snowflake_project, model: bronze_bookings, version: None
(in analyses\if_else.sql:4:15)
  --> analyses\if_else.sql:4:15
10:48:13.638985 [info ]: Started analyzing (8 nodes)
10:48:13.639001 [debug]: Started analyzing analysis dbt_schema.if_else
10:48:13.639024 [info ]:     Failed [-------] analysis dbt_schema.if_else (analysis)
10:48:13.639048 [debug]: Finished analyzing [  0.00s] analysis dbt_schema.if_else [skipped]
10:48:13.639075 [error]: dbt1501: Failed to render SQL not a key type: ref not found for package: aws_dbt_snowflake_project, model: bronze_bookings, version: None
(in analyses\loop.sql:8:6)
  --> analyses\loop.sql:8:6
10:48:13.639093 [debug]: Started analyzing analysis dbt_schema.loop
10:48:13.639107 [info ]:     Failed [-------] analysis dbt_schema.loop (analysis)
10:48:13.639109 [debug]: Finished rendering [  0.00s] analysis dbt_schema.if_else [error]
10:48:13.639118 [debug]: Finished analyzing [  0.00s] analysis dbt_schema.loop [skipped]
10:48:13.639148 [debug]: Finished rendering [  0.00s] analysis dbt_schema.loop [error]
10:48:13.639135 [error]: dbt1501: Failed to render SQL not a key type: ref not found for package: aws_dbt_snowflake_project, model: bronze_bookings, version: None
(in models\silver\silver_bookings.sql:16:6)
  --> models\silver\silver_bookings.sql:16:6
10:48:13.639224 [debug]: Started analyzing model dbt_schema_silver.silver_bookings
10:48:13.639245 [info ]:     Failed [-------] model dbt_schema_silver.silver_bookings (incremental)
10:48:13.639247 [debug]: Finished rendering [  0.00s] model dbt_schema_silver.silver_bookings [error]
10:48:13.639263 [debug]: Finished analyzing [  0.00s] model dbt_schema_silver.silver_bookings [skipped]
10:48:13.640122 [debug]: Compiled SQL for node analysis.aws_dbt_snowflake_project.explore at target\.lsp\compiled\analyses\explore.sql
10:48:13.640195 [debug]: Finished rendering [  0.00s] analysis dbt_schema.explore [success]
10:48:13.640229 [debug]: Started analyzing analysis dbt_schema.explore
10:48:13.640251 [info ]:    Skipped [-------] analysis dbt_schema.explore (analysis)
10:48:13.640268 [debug]: Finished analyzing [  0.00s] analysis dbt_schema.explore [skipped]
10:48:13.640984 [debug]: Compiled SQL for node model.aws_dbt_snowflake_project.obt at target\.lsp\compiled\models\gold\obt.sql
10:48:13.641089 [debug]: Started analyzing model dbt_schema_gold.obt
10:48:13.641118 [debug]: Finished rendering [  0.00s] model dbt_schema_gold.obt [success]
10:48:13.641323 [debug]: Compiled SQL for node model.aws_dbt_snowflake_project.fact at target\.lsp\compiled\models\gold\fact.sql
10:48:13.641381 [debug]: Started analyzing model dbt_schema_gold.fact
10:48:13.641674 [debug]: Finished rendering [  0.00s] model dbt_schema_gold.fact [success]
10:48:14.196063 [debug]: Query executed on node model.aws_dbt_snowflake_project.obt:
describe table "AIRBNB"."SILVER"."SILVER_HOSTS"
10:48:14.208676 [debug]: Query executed on node model.aws_dbt_snowflake_project.fact:
describe table "AIRBNB"."GOLD"."OBT"
10:48:14.209551 [debug]: Query executed on node model.aws_dbt_snowflake_project.obt:
describe table "AIRBNB"."SILVER"."SILVER_BOOKINGS"
10:48:14.214674 [debug]: Query executed on node model.aws_dbt_snowflake_project.fact:
describe table "AIRBNB"."GOLD"."DIM_LISTINGS"
10:48:14.305128 [debug]: Query executed on node model.aws_dbt_snowflake_project.obt:
describe table "AIRBNB"."SILVER"."SILVER_LISTINGS"
10:48:14.314605 [debug]: Query executed on node model.aws_dbt_snowflake_project.fact:
describe table "AIRBNB"."GOLD"."DIM_HOSTS"
10:48:14.566446 [debug]: Schema hydration: registering 3 schemas from db_runner
10:48:14.566488 [debug]: Schema hydration: parsing FQN string '"AIRBNB"."SILVER"."SILVER_LISTINGS"'
10:48:14.566512 [debug]: Schema hydration: registering cfqn=AIRBNB.SILVER.SILVER_LISTINGS (catalog='AIRBNB', schema='SILVER', table='SILVER_LISTINGS')
10:48:14.567956 [debug]: Schema hydration: registration succeeded for AIRBNB.SILVER.SILVER_LISTINGS, exists_check=true
10:48:14.567984 [debug]: Schema hydration: parsing FQN string '"AIRBNB"."SILVER"."SILVER_HOSTS"'
10:48:14.568001 [debug]: Schema hydration: registering cfqn=AIRBNB.SILVER.SILVER_HOSTS (catalog='AIRBNB', schema='SILVER', table='SILVER_HOSTS')
10:48:14.568779 [debug]: Schema hydration: registration succeeded for AIRBNB.SILVER.SILVER_HOSTS, exists_check=true
10:48:14.568801 [debug]: Schema hydration: parsing FQN string '"AIRBNB"."SILVER"."SILVER_BOOKINGS"'
10:48:14.568815 [debug]: Schema hydration: registering cfqn=AIRBNB.SILVER.SILVER_BOOKINGS (catalog='AIRBNB', schema='SILVER', table='SILVER_BOOKINGS')
10:48:14.569806 [debug]: Schema hydration: registration succeeded for AIRBNB.SILVER.SILVER_BOOKINGS, exists_check=true
10:48:14.583772 [info ]:  Succeeded [  0.94s] model dbt_schema_gold.obt (table)
10:48:14.583831 [debug]: Finished analyzing [  0.94s] model dbt_schema_gold.obt [success]
10:48:14.583881 [info ]: Started model dbt_schema_gold.listings
10:48:14.583911 [debug]: Started rendering model dbt_schema_gold.listings
10:48:14.583945 [info ]: Started model dbt_schema_gold.bookings
10:48:14.583961 [debug]: Started rendering model dbt_schema_gold.bookings
10:48:14.584106 [debug]: Schema hydration: registering 3 schemas from db_runner
10:48:14.584125 [debug]: Schema hydration: parsing FQN string '"AIRBNB"."GOLD"."DIM_HOSTS"'
10:48:14.584144 [debug]: Schema hydration: registering cfqn=AIRBNB.GOLD.DIM_HOSTS (catalog='AIRBNB', schema='GOLD', table='DIM_HOSTS')
10:48:14.585335 [debug]: Schema hydration: registration succeeded for AIRBNB.GOLD.DIM_HOSTS, exists_check=true
10:48:14.585368 [debug]: Schema hydration: parsing FQN string '"AIRBNB"."GOLD"."OBT"'
10:48:14.585385 [debug]: Schema hydration: registering cfqn=AIRBNB.GOLD.OBT (catalog='AIRBNB', schema='GOLD', table='OBT')
10:48:14.587523 [debug]: Schema hydration: registration succeeded for AIRBNB.GOLD.OBT, exists_check=true
10:48:14.587562 [debug]: Schema hydration: parsing FQN string '"AIRBNB"."GOLD"."DIM_LISTINGS"'
10:48:14.587583 [debug]: Schema hydration: registering cfqn=AIRBNB.GOLD.DIM_LISTINGS (catalog='AIRBNB', schema='GOLD', table='DIM_LISTINGS')
10:48:14.587987 [debug]: Compiled SQL for node model.aws_dbt_snowflake_project.listings at target\.lsp\compiled\models\gold\ephemeral\listings.sql
10:48:14.588098 [debug]: Started analyzing model dbt_schema_gold.listings
10:48:14.588631 [debug]: Finished rendering [  0.00s] model dbt_schema_gold.listings [success]
10:48:14.588795 [debug]: Schema hydration: registration succeeded for AIRBNB.GOLD.DIM_LISTINGS, exists_check=true
10:48:14.591207 [debug]: Compiled SQL for node model.aws_dbt_snowflake_project.bookings at target\.lsp\compiled\models\gold\ephemeral\bookings.sql
10:48:14.591336 [debug]: Started analyzing model dbt_schema_gold.bookings
10:48:14.591743 [debug]: Finished rendering [  0.01s] model dbt_schema_gold.bookings [success]
10:48:14.591779 [info ]: Finished rendering [  0.95s] (8 nodes, 0 skipped, 3 errors)
10:48:14.592781 [info ]:  Succeeded [  0.01s] model dbt_schema_gold.listings (ephemeral)
10:48:14.592835 [debug]: Finished analyzing [  0.00s] model dbt_schema_gold.listings [success]
10:48:14.595220 [info ]:  Succeeded [  0.01s] model dbt_schema_gold.bookings (ephemeral)
10:48:14.595280 [debug]: Finished analyzing [  0.00s] model dbt_schema_gold.bookings [success]
10:48:14.602553 [info ]:  Succeeded [  0.96s] model dbt_schema_gold.fact (table)
10:48:14.602609 [debug]: Finished analyzing [  0.96s] model dbt_schema_gold.fact [success]
10:48:14.602622 [info ]: Finished analyzing [  0.96s] (8 nodes, 4 skipped, 0 errors)
10:48:14.608184 [info ]: Cached model count updated: 5 models (accurate)
10:50:59.338969 [info ]: Started loading project
10:50:59.339713 [info ]: Loading ~/.dbt/profiles.yml
10:50:59.343634 [info ]: Started loading project
10:50:59.344239 [info ]: Loading ~/.dbt/profiles.yml
10:50:59.344323 [info ]: Finished loading project [  0.01s]
10:50:59.348919 [debug]:    Started loading packages
10:50:59.351639 [debug]:     Loaded [  0.00s] packages
10:50:59.352264 [info ]: Started parsing
10:50:59.376035 [info ]: Finished loading project [  0.03s]
10:50:59.380215 [debug]: Finished parsing models\gold\ephemeral\bookings.sql [  0.00s]
10:50:59.380853 [debug]: Finished parsing models\gold\ephemeral\hosts.sql [  0.00s]
10:50:59.381633 [debug]: Finished parsing models\gold\ephemeral\listings.sql [  0.00s]
10:50:59.382848 [debug]: Finished parsing models\gold\fact.sql [  0.00s]
10:50:59.383611 [debug]: Finished parsing models\gold\obt.sql [  0.00s]
10:50:59.385891 [debug]: Finished parsing models\silver\silver_bookings.sql [  0.00s]
10:50:59.386758 [debug]: Finished parsing analyses\explore.sql [  0.00s]
10:50:59.387508 [debug]: Finished parsing analyses\if_else.sql [  0.00s]
10:50:59.389178 [debug]: Finished parsing analyses\loop.sql [  0.00s]
10:50:59.390730 [debug]: Finished parsing tests\source_tests.sql [  0.00s]
10:50:59.391089 [error]: dbt1005: Ref 'bronze_bookings' not found in project. Searched for 'aws_dbt_snowflake_project.bronze_bookings, bronze_bookings'
  --> models\silver\silver_bookings.sql:16:6
10:50:59.391110 [warn ]: dbt1005: Source 'staging.bookings' not found in project. Searched for 'bookings'
  --> tests\source_tests.sql:8:2
10:50:59.391129 [error]: dbt1005: Ref 'bronze_bookings' not found in project. Searched for 'aws_dbt_snowflake_project.bronze_bookings, bronze_bookings'
  --> analyses\if_else.sql:4:15
10:50:59.391137 [error]: dbt1005: Ref 'bronze_bookings' not found in project. Searched for 'aws_dbt_snowflake_project.bronze_bookings, bronze_bookings'
  --> analyses\loop.sql:8:6
10:50:59.391804 [info ]: Cached model count updated: 6 models (estimate)
10:50:59.391830 [info ]: Cached model count updated: 6 models (accurate)
10:50:59.391858 [info ]: Started scheduling
10:50:59.391926 [info ]: Finished scheduling [  0.00s]
10:50:59.391942 [info ]: Started scheduling
10:50:59.391980 [info ]: Finished scheduling [  0.00s]
10:50:59.392681 [info ]: Started deferring state
10:50:59.392707 [info ]: Finished deferring state [  0.00s]
10:50:59.393081 [info ]: Started downloading schemas
10:50:59.393117 [debug]:    Started downloading relations
10:50:59.393141 [debug]:   Finished [  0.00s] downloading relations
10:50:59.393202 [info ]: Finished parsing [  0.04s]
10:51:00.268786 [debug]: Query executed on node unknown:
describe table "AIRBNB"."DBT_SCHEMA_SILVER"."SILVER_BOOKINGS"
10:51:01.490025 [info ]: Finished downloading schemas [  2.10s]
10:51:01.520925 [info ]: Started loading project
10:51:01.521659 [info ]: Loading ~/.dbt/profiles.yml
10:51:01.525254 [debug]:    Started loading packages
10:51:01.527600 [debug]:     Loaded [  0.00s] packages
10:51:01.528199 [info ]: Started parsing
10:51:01.552833 [info ]: Finished loading project [  0.03s]
10:51:01.557070 [debug]: Finished parsing models\gold\ephemeral\bookings.sql [  0.00s]
10:51:01.557789 [debug]: Finished parsing models\gold\ephemeral\hosts.sql [  0.00s]
10:51:01.558512 [debug]: Finished parsing models\gold\ephemeral\listings.sql [  0.00s]
10:51:01.559245 [debug]: Finished parsing models\gold\fact.sql [  0.00s]
10:51:01.559969 [debug]: Finished parsing models\gold\obt.sql [  0.00s]
10:51:01.562416 [debug]: Finished parsing models\silver\silver_bookings.sql [  0.00s]
10:51:01.563088 [debug]: Finished parsing analyses\explore.sql [  0.00s]
10:51:01.563624 [debug]: Finished parsing analyses\if_else.sql [  0.00s]
10:51:01.565736 [debug]: Finished parsing analyses\loop.sql [  0.00s]
10:51:01.567124 [debug]: Finished parsing tests\source_tests.sql [  0.00s]
10:51:01.567573 [error]: dbt1005: Ref 'bronze_bookings' not found in project. Searched for 'aws_dbt_snowflake_project.bronze_bookings, bronze_bookings'
  --> models\silver\silver_bookings.sql:16:6
10:51:01.567596 [warn ]: dbt1005: Source 'staging.bookings' not found in project. Searched for 'bookings'
  --> tests\source_tests.sql:8:2
10:51:01.567617 [error]: dbt1005: Ref 'bronze_bookings' not found in project. Searched for 'aws_dbt_snowflake_project.bronze_bookings, bronze_bookings'
  --> analyses\if_else.sql:4:15
10:51:01.567624 [error]: dbt1005: Ref 'bronze_bookings' not found in project. Searched for 'aws_dbt_snowflake_project.bronze_bookings, bronze_bookings'
  --> analyses\loop.sql:8:6
10:51:01.568184 [info ]: Cached model count updated: 6 models (estimate)
10:51:01.568194 [info ]: Cached model count updated: 6 models (accurate)
10:51:01.568221 [info ]: Started scheduling
10:51:01.568293 [info ]: Finished scheduling [  0.00s]
10:51:01.568309 [info ]: Started scheduling
10:51:01.568349 [info ]: Finished scheduling [  0.00s]
10:51:01.569035 [info ]: Started deferring state
10:51:01.569055 [info ]: Finished deferring state [  0.00s]
10:51:01.569358 [info ]: Started downloading schemas
10:51:01.569390 [debug]:    Started downloading relations
10:51:01.569410 [debug]:   Finished [  0.00s] downloading relations
10:51:01.569461 [info ]: Finished parsing [  0.04s]
10:51:02.169479 [debug]: Query executed on node unknown:
describe table "AIRBNB"."DBT_SCHEMA_SILVER"."SILVER_BOOKINGS"
10:51:02.810564 [info ]: Started loading project
10:51:02.811279 [info ]: Loading ~/.dbt/profiles.yml
10:51:02.815382 [debug]:    Started loading packages
10:51:02.818612 [debug]:     Loaded [  0.00s] packages
10:51:02.819309 [info ]: Started parsing
10:51:02.841880 [info ]: Finished loading project [  0.03s]
10:51:02.845200 [debug]: Finished parsing models\gold\ephemeral\bookings.sql [  0.00s]
10:51:02.846043 [debug]: Finished parsing models\gold\ephemeral\hosts.sql [  0.00s]
10:51:02.847249 [debug]: Finished parsing models\gold\ephemeral\listings.sql [  0.00s]
10:51:02.848115 [debug]: Finished parsing models\gold\fact.sql [  0.00s]
10:51:02.848908 [debug]: Finished parsing models\gold\obt.sql [  0.00s]
10:51:02.851194 [debug]: Finished parsing models\silver\silver_bookings.sql [  0.00s]
10:51:02.851735 [debug]: Finished parsing analyses\explore.sql [  0.00s]
10:51:02.852266 [debug]: Finished parsing analyses\if_else.sql [  0.00s]
10:51:02.853839 [debug]: Finished parsing analyses\loop.sql [  0.00s]
10:51:02.855109 [debug]: Finished parsing tests\source_tests.sql [  0.00s]
10:51:02.855491 [error]: dbt1005: Ref 'bronze_bookings' not found in project. Searched for 'aws_dbt_snowflake_project.bronze_bookings, bronze_bookings'
  --> models\silver\silver_bookings.sql:16:6
10:51:02.855512 [warn ]: dbt1005: Source 'staging.bookings' not found in project. Searched for 'bookings'
  --> tests\source_tests.sql:8:2
10:51:02.855538 [error]: dbt1005: Ref 'bronze_bookings' not found in project. Searched for 'aws_dbt_snowflake_project.bronze_bookings, bronze_bookings'
  --> analyses\if_else.sql:4:15
10:51:02.855547 [error]: dbt1005: Ref 'bronze_bookings' not found in project. Searched for 'aws_dbt_snowflake_project.bronze_bookings, bronze_bookings'
  --> analyses\loop.sql:8:6
10:51:02.855999 [info ]: Cached model count updated: 6 models (estimate)
10:51:02.856007 [info ]: Cached model count updated: 6 models (accurate)
10:51:02.856033 [info ]: Started scheduling
10:51:02.856103 [info ]: Finished scheduling [  0.00s]
10:51:02.856118 [info ]: Started scheduling
10:51:02.856162 [info ]: Finished scheduling [  0.00s]
10:51:02.856795 [info ]: Started deferring state
10:51:02.856821 [info ]: Finished deferring state [  0.00s]
10:51:02.857129 [info ]: Started downloading schemas
10:51:02.857163 [debug]:    Started downloading relations
10:51:02.857182 [debug]:   Finished [  0.00s] downloading relations
10:51:02.857231 [info ]: Finished parsing [  0.04s]
10:51:03.276433 [info ]: Finished downloading schemas [  1.71s]
10:51:03.463407 [debug]: Query executed on node unknown:
describe table "AIRBNB"."DBT_SCHEMA_SILVER"."SILVER_BOOKINGS"
10:51:04.679487 [info ]: Finished downloading schemas [  1.82s]
10:51:04.842402 [info ]: Started building task graph
10:51:04.842544 [info ]: Finished building task graph [  0.00s]
10:51:04.842706 [info ]: Started rendering (9 nodes)
10:51:04.842724 [info ]: Started model dbt_schema_gold.fact
10:51:04.842737 [debug]: Started rendering model dbt_schema_gold.fact
10:51:04.842758 [info ]: Started model dbt_schema_gold.obt
10:51:04.842766 [debug]: Started rendering model dbt_schema_gold.obt
10:51:04.842784 [info ]: Started analysis dbt_schema.loop
10:51:04.842791 [debug]: Started rendering analysis dbt_schema.loop
10:51:04.842802 [info ]: Started analysis dbt_schema.if_else
10:51:04.842810 [debug]: Started rendering analysis dbt_schema.if_else
10:51:04.842821 [info ]: Started analysis dbt_schema.explore
10:51:04.842830 [debug]: Started rendering analysis dbt_schema.explore
10:51:04.842841 [info ]: Started model dbt_schema_silver.silver_bookings
10:51:04.842849 [debug]: Started rendering model dbt_schema_silver.silver_bookings
10:51:04.843670 [error]: dbt1501: Failed to render SQL not a key type: ref not found for package: aws_dbt_snowflake_project, model: bronze_bookings, version: None
(in analyses\loop.sql:8:6)
  --> analyses\loop.sql:8:6
10:51:04.843722 [info ]: Started analyzing (9 nodes)
10:51:04.843738 [debug]: Started analyzing analysis dbt_schema.loop
10:51:04.843764 [info ]:     Failed [-------] analysis dbt_schema.loop (analysis)
10:51:04.843788 [debug]: Finished analyzing [  0.00s] analysis dbt_schema.loop [skipped]
10:51:04.843824 [error]: dbt1501: Failed to render SQL not a key type: ref not found for package: aws_dbt_snowflake_project, model: bronze_bookings, version: None
(in analyses\if_else.sql:4:15)
  --> analyses\if_else.sql:4:15
10:51:04.843848 [debug]: Finished rendering [  0.00s] analysis dbt_schema.loop [error]
10:51:04.843860 [debug]: Started analyzing analysis dbt_schema.if_else
10:51:04.843877 [info ]:     Failed [  0.00s] analysis dbt_schema.if_else (analysis)
10:51:04.843896 [debug]: Finished analyzing [  0.00s] analysis dbt_schema.if_else [skipped]
10:51:04.843924 [error]: dbt1501: Failed to render SQL not a key type: ref not found for package: aws_dbt_snowflake_project, model: bronze_bookings, version: None
(in models\silver\silver_bookings.sql:16:6)
  --> models\silver\silver_bookings.sql:16:6
10:51:04.843955 [debug]: Started analyzing model dbt_schema_silver.silver_bookings
10:51:04.843954 [debug]: Finished rendering [  0.00s] analysis dbt_schema.if_else [error]
10:51:04.843970 [info ]:     Failed [  0.00s] model dbt_schema_silver.silver_bookings (incremental)
10:51:04.843973 [debug]: Finished rendering [  0.00s] model dbt_schema_silver.silver_bookings [error]
10:51:04.843988 [debug]: Finished analyzing [  0.00s] model dbt_schema_silver.silver_bookings [skipped]
10:51:04.844808 [debug]: Compiled SQL for node model.aws_dbt_snowflake_project.fact at target\.lsp\compiled\models\gold\fact.sql
10:51:04.844886 [debug]: Started analyzing model dbt_schema_gold.fact
10:51:04.846265 [debug]: Compiled SQL for node model.aws_dbt_snowflake_project.obt at target\.lsp\compiled\models\gold\obt.sql
10:51:04.846601 [debug]: Started analyzing model dbt_schema_gold.obt
10:51:04.846718 [debug]: Compiled SQL for node analysis.aws_dbt_snowflake_project.explore at target\.lsp\compiled\analyses\explore.sql
10:51:04.846780 [debug]: Finished rendering [  0.00s] analysis dbt_schema.explore [success]
10:51:04.846814 [debug]: Started analyzing analysis dbt_schema.explore
10:51:04.846838 [info ]:    Skipped [-------] analysis dbt_schema.explore (analysis)
10:51:04.846858 [debug]: Finished analyzing [  0.00s] analysis dbt_schema.explore [skipped]
10:51:04.846896 [debug]: Finished rendering [  0.00s] model dbt_schema_gold.fact [success]
10:51:04.846915 [debug]: Finished rendering [  0.00s] model dbt_schema_gold.obt [success]
10:51:05.448771 [debug]: Query executed on node model.aws_dbt_snowflake_project.obt:
describe table "AIRBNB"."SILVER"."SILVER_HOSTS"
10:51:05.453431 [debug]: Query executed on node model.aws_dbt_snowflake_project.fact:
describe table "AIRBNB"."GOLD"."DIM_LISTINGS"
10:51:05.484774 [debug]: Query executed on node model.aws_dbt_snowflake_project.fact:
describe table "AIRBNB"."GOLD"."OBT"
10:51:05.490788 [debug]: Query executed on node model.aws_dbt_snowflake_project.obt:
describe table "AIRBNB"."SILVER"."SILVER_LISTINGS"
10:51:05.549669 [debug]: Query executed on node model.aws_dbt_snowflake_project.obt:
describe table "AIRBNB"."SILVER"."SILVER_BOOKINGS"
10:51:05.555344 [debug]: Query executed on node model.aws_dbt_snowflake_project.fact:
describe table "AIRBNB"."GOLD"."DIM_HOSTS"
10:51:05.891212 [debug]: Schema hydration: registering 3 schemas from db_runner
10:51:05.891266 [debug]: Schema hydration: parsing FQN string '"AIRBNB"."GOLD"."DIM_HOSTS"'
10:51:05.891299 [debug]: Schema hydration: registering cfqn=AIRBNB.GOLD.DIM_HOSTS (catalog='AIRBNB', schema='GOLD', table='DIM_HOSTS')
10:51:05.893121 [debug]: Schema hydration: registration succeeded for AIRBNB.GOLD.DIM_HOSTS, exists_check=true
10:51:05.893160 [debug]: Schema hydration: parsing FQN string '"AIRBNB"."GOLD"."DIM_LISTINGS"'
10:51:05.893186 [debug]: Schema hydration: registering cfqn=AIRBNB.GOLD.DIM_LISTINGS (catalog='AIRBNB', schema='GOLD', table='DIM_LISTINGS')
10:51:05.894849 [debug]: Schema hydration: registration succeeded for AIRBNB.GOLD.DIM_LISTINGS, exists_check=true
10:51:05.894890 [debug]: Schema hydration: parsing FQN string '"AIRBNB"."GOLD"."OBT"'
10:51:05.894914 [debug]: Schema hydration: registering cfqn=AIRBNB.GOLD.OBT (catalog='AIRBNB', schema='GOLD', table='OBT')
10:51:05.897105 [debug]: Schema hydration: registration succeeded for AIRBNB.GOLD.OBT, exists_check=true
10:51:05.916581 [info ]:  Succeeded [  1.07s] model dbt_schema_gold.fact (table)
10:51:05.916675 [debug]: Finished analyzing [  1.07s] model dbt_schema_gold.fact [success]
10:51:05.916819 [debug]: Schema hydration: registering 3 schemas from db_runner
10:51:05.916848 [debug]: Schema hydration: parsing FQN string '"AIRBNB"."SILVER"."SILVER_HOSTS"'
10:51:05.916878 [debug]: Schema hydration: registering cfqn=AIRBNB.SILVER.SILVER_HOSTS (catalog='AIRBNB', schema='SILVER', table='SILVER_HOSTS')
10:51:05.918203 [debug]: Schema hydration: registration succeeded for AIRBNB.SILVER.SILVER_HOSTS, exists_check=true
10:51:05.918221 [debug]: Schema hydration: parsing FQN string '"AIRBNB"."SILVER"."SILVER_BOOKINGS"'
10:51:05.918230 [debug]: Schema hydration: registering cfqn=AIRBNB.SILVER.SILVER_BOOKINGS (catalog='AIRBNB', schema='SILVER', table='SILVER_BOOKINGS')
10:51:05.918757 [debug]: Schema hydration: registration succeeded for AIRBNB.SILVER.SILVER_BOOKINGS, exists_check=true
10:51:05.918772 [debug]: Schema hydration: parsing FQN string '"AIRBNB"."SILVER"."SILVER_LISTINGS"'
10:51:05.918780 [debug]: Schema hydration: registering cfqn=AIRBNB.SILVER.SILVER_LISTINGS (catalog='AIRBNB', schema='SILVER', table='SILVER_LISTINGS')
10:51:05.919327 [debug]: Schema hydration: registration succeeded for AIRBNB.SILVER.SILVER_LISTINGS, exists_check=true
10:51:05.925742 [info ]:  Succeeded [  1.08s] model dbt_schema_gold.obt (table)
10:51:05.925781 [debug]: Finished analyzing [  1.08s] model dbt_schema_gold.obt [success]
10:51:05.925840 [info ]: Started model dbt_schema_gold.hosts
10:51:05.925857 [debug]: Started rendering model dbt_schema_gold.hosts
10:51:05.925880 [info ]: Started model dbt_schema_gold.bookings
10:51:05.925890 [debug]: Started rendering model dbt_schema_gold.bookings
10:51:05.925909 [info ]: Started model dbt_schema_gold.listings
10:51:05.925919 [debug]: Started rendering model dbt_schema_gold.listings
10:51:05.928760 [debug]: Compiled SQL for node model.aws_dbt_snowflake_project.bookings at target\.lsp\compiled\models\gold\ephemeral\bookings.sql
10:51:05.928884 [debug]: Started analyzing model dbt_schema_gold.bookings
10:51:05.931605 [debug]: Finished rendering [  0.01s] model dbt_schema_gold.bookings [success]
10:51:05.931818 [debug]: Compiled SQL for node model.aws_dbt_snowflake_project.hosts at target\.lsp\compiled\models\gold\ephemeral\hosts.sql
10:51:05.931911 [debug]: Started analyzing model dbt_schema_gold.hosts
10:51:05.932454 [debug]: Finished rendering [  0.01s] model dbt_schema_gold.hosts [success]
10:51:05.932684 [info ]:  Succeeded [  0.01s] model dbt_schema_gold.bookings (ephemeral)
10:51:05.932715 [debug]: Finished analyzing [  0.00s] model dbt_schema_gold.bookings [success]
10:51:05.935086 [debug]: Compiled SQL for node model.aws_dbt_snowflake_project.listings at target\.lsp\compiled\models\gold\ephemeral\listings.sql
10:51:05.935209 [debug]: Started analyzing model dbt_schema_gold.listings
10:51:05.935417 [debug]: Finished rendering [  0.01s] model dbt_schema_gold.listings [success]
10:51:05.935442 [info ]: Finished rendering [  1.09s] (9 nodes, 0 skipped, 3 errors)
10:51:05.936163 [info ]:  Succeeded [  0.01s] model dbt_schema_gold.hosts (ephemeral)
10:51:05.936200 [debug]: Finished analyzing [  0.00s] model dbt_schema_gold.hosts [success]
10:51:05.938039 [info ]:  Succeeded [  0.01s] model dbt_schema_gold.listings (ephemeral)
10:51:05.938090 [debug]: Finished analyzing [  0.00s] model dbt_schema_gold.listings [success]
10:51:05.938103 [info ]: Finished analyzing [  1.09s] (9 nodes, 4 skipped, 0 errors)
10:51:05.944258 [info ]: Cached model count updated: 6 models (accurate)
10:51:21.088419 [info ]: Started loading project
10:51:21.089355 [info ]: Loading ~/.dbt/profiles.yml
10:51:21.106687 [info ]: Started parsing
10:51:21.123636 [info ]: Finished loading project [  0.04s]
10:51:21.127172 [debug]: Finished parsing models\silver\silver_bookings.sql [  0.00s]
10:51:21.127837 [debug]: Finished parsing analyses\if_else.sql [  0.00s]
10:51:21.129533 [debug]: Finished parsing analyses\loop.sql [  0.00s]
10:51:21.132504 [error]: dbt1005: Ref 'bronze_bookings' not found in project. Searched for 'aws_dbt_snowflake_project.bronze_bookings, bronze_bookings'
  --> models\silver\silver_bookings.sql:16:6
10:51:21.132549 [warn ]: dbt1005: Source 'staging.bookings' not found in project. Searched for 'bookings'
  --> tests\source_tests.sql:8:2
10:51:21.132587 [error]: dbt1005: Ref 'bronze_bookings' not found in project. Searched for 'aws_dbt_snowflake_project.bronze_bookings, bronze_bookings'
  --> analyses\if_else.sql:4:15
10:51:21.132598 [error]: dbt1005: Ref 'bronze_bookings' not found in project. Searched for 'aws_dbt_snowflake_project.bronze_bookings, bronze_bookings'
  --> analyses\loop.sql:8:6
10:51:21.134040 [info ]: Cached model count updated: 6 models (estimate)
10:51:21.134054 [info ]: Cached model count updated: 6 models (accurate)
10:51:21.134512 [info ]: Started scheduling
10:51:21.137005 [info ]: Finished scheduling [  0.00s]
10:51:21.137221 [debug]: Incremental compilation - 2 nodes selected: {"analysis.aws_dbt_snowflake_project.explore", "model.aws_dbt_snowflake_project.silver_bookings"}
10:51:21.138244 [info ]: Started deferring state
10:51:21.138261 [info ]: Finished deferring state [  0.00s]
10:51:21.138542 [info ]: Started downloading schemas
10:51:21.138568 [debug]:    Started downloading relations
10:51:21.138588 [debug]:   Finished [  0.00s] downloading relations
10:51:21.138600 [info ]: Finished downloading schemas [  0.00s]
10:51:21.254675 [info ]: Started building task graph
10:51:21.254755 [info ]: Finished building task graph [  0.00s]
10:51:21.254966 [info ]: Started rendering (2 nodes)
10:51:21.254986 [info ]: Started analysis dbt_schema.explore
10:51:21.254997 [debug]: Started rendering analysis dbt_schema.explore
10:51:21.255022 [info ]: Started model dbt_schema_silver.silver_bookings
10:51:21.255028 [debug]: Started rendering model dbt_schema_silver.silver_bookings
10:51:21.255074 [info ]: Finished parsing [  0.15s]
10:51:21.255880 [error]: dbt1501: Failed to render SQL not a key type: ref not found for package: aws_dbt_snowflake_project, model: bronze_bookings, version: None
(in models\silver\silver_bookings.sql:16:6)
  --> models\silver\silver_bookings.sql:16:6
10:51:21.255946 [info ]: Started analyzing (2 nodes)
10:51:21.255962 [debug]: Started analyzing model dbt_schema_silver.silver_bookings
10:51:21.255980 [info ]:     Failed [-------] model dbt_schema_silver.silver_bookings (incremental)
10:51:21.255977 [debug]: Finished rendering [  0.00s] model dbt_schema_silver.silver_bookings [error]
10:51:21.255997 [debug]: Finished analyzing [  0.00s] model dbt_schema_silver.silver_bookings [skipped]
10:51:21.257166 [debug]: Compiled SQL for node analysis.aws_dbt_snowflake_project.explore at target\.lsp\compiled\analyses\explore.sql
10:51:21.257232 [debug]: Finished rendering [  0.00s] analysis dbt_schema.explore [success]
10:51:21.257248 [info ]: Finished rendering [  0.00s] (2 nodes, 0 skipped, 1 errors)
10:51:21.257288 [debug]: Started analyzing analysis dbt_schema.explore
10:51:21.257317 [info ]:    Skipped [-------] analysis dbt_schema.explore (analysis)
10:51:21.257335 [debug]: Finished analyzing [  0.00s] analysis dbt_schema.explore [skipped]
10:51:21.257340 [info ]: Finished analyzing [  0.00s] (2 nodes, 2 skipped, 0 errors)
10:51:21.263301 [info ]: Cached model count updated: 6 models (accurate)
10:51:21.409561 [info ]: Started loading project
10:51:21.410344 [info ]: Loading ~/.dbt/profiles.yml
10:51:21.414502 [info ]: Started parsing
10:51:21.430480 [info ]: Finished loading project [  0.02s]
10:51:21.433299 [debug]: Finished parsing models\silver\silver_bookings.sql [  0.00s]
10:51:21.433896 [debug]: Finished parsing analyses\if_else.sql [  0.00s]
10:51:21.435621 [debug]: Finished parsing analyses\loop.sql [  0.00s]
10:51:21.435863 [error]: dbt1005: Ref 'bronze_bookings' not found in project. Searched for 'aws_dbt_snowflake_project.bronze_bookings, bronze_bookings'
  --> models\silver\silver_bookings.sql:16:6
10:51:21.435895 [warn ]: dbt1005: Source 'staging.bookings' not found in project. Searched for 'bookings'
  --> tests\source_tests.sql:8:2
10:51:21.435911 [error]: dbt1005: Ref 'bronze_bookings' not found in project. Searched for 'aws_dbt_snowflake_project.bronze_bookings, bronze_bookings'
  --> analyses\if_else.sql:4:15
10:51:21.435935 [error]: dbt1005: Ref 'bronze_bookings' not found in project. Searched for 'aws_dbt_snowflake_project.bronze_bookings, bronze_bookings'
  --> analyses\loop.sql:8:6
10:51:21.437347 [info ]: Cached model count updated: 6 models (estimate)
10:51:21.437362 [info ]: Cached model count updated: 6 models (accurate)
10:51:21.437393 [info ]: Started scheduling
10:51:21.437440 [info ]: Finished scheduling [  0.00s]
10:51:21.437456 [debug]: Incremental compilation - 0 nodes selected: {}
10:51:21.439436 [warn ]: dbt1600: The selection criterion '' does not match any enabled nodes
10:51:21.439469 [warn ]: dbt1601: Nothing to do. Try checking your model configs and model specification args
10:51:21.440138 [info ]: Started deferring state
10:51:21.440158 [info ]: Finished deferring state [  0.00s]
10:51:21.440453 [info ]: Started downloading schemas
10:51:21.440472 [debug]:    Started downloading relations
10:51:21.440491 [debug]:   Finished [  0.00s] downloading relations
10:51:21.440520 [warn ]: dbt1014: Failed to download incremental schema for 'model.aws_dbt_snowflake_project.silver_bookings'. Setting 'static_analysis' to off. Skipping analysis for : [Snowflake] 002003 (02000): SQL compilation error:
Schema 'AIRBNB.DBT_SCHEMA_SILVER' does not exist or not authorized.
10:51:21.440573 [info ]: Finished parsing [  0.03s]
10:51:21.557038 [info ]: Started building task graph
10:51:21.557080 [info ]: Finished building task graph [  0.00s]
10:51:21.563099 [info ]: Cached model count updated: 6 models (accurate)
10:51:21.563149 [info ]: Finished downloading schemas [  0.12s]
10:52:02.192165 [info ]: Started loading project
10:52:02.193021 [info ]: Loading ~/.dbt/profiles.yml
10:52:02.196846 [info ]: Started loading project
10:52:02.197461 [info ]: Loading ~/.dbt/profiles.yml
10:52:02.197547 [info ]: Finished loading project [  0.01s]
10:52:02.201017 [debug]:    Started loading packages
10:52:02.203601 [debug]:     Loaded [  0.00s] packages
10:52:02.204209 [info ]: Started parsing
10:52:02.227317 [info ]: Finished loading project [  0.03s]
10:52:02.232086 [debug]: Finished parsing models\gold\ephemeral\bookings.sql [  0.00s]
10:52:02.232737 [debug]: Finished parsing models\gold\ephemeral\hosts.sql [  0.00s]
10:52:02.233567 [debug]: Finished parsing models\gold\ephemeral\listings.sql [  0.00s]
10:52:02.234401 [debug]: Finished parsing models\gold\fact.sql [  0.00s]
10:52:02.235220 [debug]: Finished parsing models\gold\obt.sql [  0.00s]
10:52:02.235916 [debug]: Finished parsing models\silver\silver_bookings.sql [  0.00s]
10:52:02.238215 [debug]: Finished parsing models\silver\silver_listings.sql [  0.00s]
10:52:02.239132 [debug]: Finished parsing analyses\explore.sql [  0.00s]
10:52:02.239796 [debug]: Finished parsing analyses\if_else.sql [  0.00s]
10:52:02.241822 [debug]: Finished parsing analyses\loop.sql [  0.00s]
10:52:02.243199 [debug]: Finished parsing tests\source_tests.sql [  0.00s]
10:52:02.243594 [error]: dbt1005: Ref 'bronze_bookings' not found in project. Searched for 'aws_dbt_snowflake_project.bronze_bookings, bronze_bookings'
  --> models\silver\silver_bookings.sql:16:6
10:52:02.243616 [warn ]: dbt1005: Source 'staging.bookings' not found in project. Searched for 'bookings'
  --> tests\source_tests.sql:8:2
10:52:02.243629 [error]: dbt1005: Ref 'bronze_bookings' not found in project. Searched for 'aws_dbt_snowflake_project.bronze_bookings, bronze_bookings'
  --> analyses\if_else.sql:4:15
10:52:02.243639 [error]: dbt1005: Ref 'bronze_bookings' not found in project. Searched for 'aws_dbt_snowflake_project.bronze_bookings, bronze_bookings'
  --> analyses\loop.sql:8:6
10:52:02.244260 [info ]: Cached model count updated: 7 models (estimate)
10:52:02.244272 [info ]: Cached model count updated: 7 models (accurate)
10:52:02.244303 [info ]: Started scheduling
10:52:02.244382 [info ]: Finished scheduling [  0.00s]
10:52:02.244399 [info ]: Started scheduling
10:52:02.244443 [info ]: Finished scheduling [  0.00s]
10:52:02.245035 [info ]: Started deferring state
10:52:02.245053 [info ]: Finished deferring state [  0.00s]
10:52:02.245382 [info ]: Started downloading schemas
10:52:02.245415 [debug]:    Started downloading relations
10:52:02.245437 [debug]:   Finished [  0.00s] downloading relations
10:52:02.245557 [info ]: Finished parsing [  0.04s]
10:52:03.064781 [debug]: Query executed on node unknown:
describe table "AIRBNB"."DBT_SCHEMA_SILVER"."SILVER_BOOKINGS"
10:52:04.269855 [info ]: Finished downloading schemas [  2.02s]
10:52:04.405785 [info ]: Started building task graph
10:52:04.405962 [info ]: Finished building task graph [  0.00s]
10:52:04.406196 [info ]: Started rendering (9 nodes)
10:52:04.406220 [info ]: Started model dbt_schema_gold.fact
10:52:04.406236 [debug]: Started rendering model dbt_schema_gold.fact
10:52:04.406259 [info ]: Started model dbt_schema_gold.obt
10:52:04.406270 [debug]: Started rendering model dbt_schema_gold.obt
10:52:04.406306 [info ]: Started analysis dbt_schema.loop
10:52:04.406314 [debug]: Started rendering analysis dbt_schema.loop
10:52:04.406325 [info ]: Started analysis dbt_schema.if_else
10:52:04.406334 [debug]: Started rendering analysis dbt_schema.if_else
10:52:04.406346 [info ]: Started analysis dbt_schema.explore
10:52:04.406354 [debug]: Started rendering analysis dbt_schema.explore
10:52:04.406366 [info ]: Started model dbt_schema_silver.silver_bookings
10:52:04.406382 [debug]: Started rendering model dbt_schema_silver.silver_bookings
10:52:04.407180 [error]: dbt1501: Failed to render SQL not a key type: ref not found for package: aws_dbt_snowflake_project, model: bronze_bookings, version: None
(in analyses\if_else.sql:4:15)
  --> analyses\if_else.sql:4:15
10:52:04.407228 [info ]: Started analyzing (9 nodes)
10:52:04.407242 [debug]: Started analyzing analysis dbt_schema.if_else
10:52:04.407265 [info ]:     Failed [-------] analysis dbt_schema.if_else (analysis)
10:52:04.407289 [debug]: Finished analyzing [  0.00s] analysis dbt_schema.if_else [skipped]
10:52:04.407317 [error]: dbt1501: Failed to render SQL not a key type: ref not found for package: aws_dbt_snowflake_project, model: bronze_bookings, version: None
(in analyses\loop.sql:8:6)
  --> analyses\loop.sql:8:6
10:52:04.407336 [debug]: Started analyzing analysis dbt_schema.loop
10:52:04.407349 [info ]:     Failed [  0.00s] analysis dbt_schema.loop (analysis)
10:52:04.407355 [debug]: Finished rendering [  0.00s] analysis dbt_schema.if_else [error]
10:52:04.407364 [debug]: Finished analyzing [  0.00s] analysis dbt_schema.loop [skipped]
10:52:04.407385 [error]: dbt1501: Failed to render SQL not a key type: ref not found for package: aws_dbt_snowflake_project, model: bronze_bookings, version: None
(in models\silver\silver_bookings.sql:16:6)
  --> models\silver\silver_bookings.sql:16:6
10:52:04.407408 [debug]: Finished rendering [  0.00s] analysis dbt_schema.loop [error]
10:52:04.407414 [debug]: Started analyzing model dbt_schema_silver.silver_bookings
10:52:04.407427 [info ]:     Failed [  0.00s] model dbt_schema_silver.silver_bookings (incremental)
10:52:04.407434 [debug]: Finished rendering [  0.00s] model dbt_schema_silver.silver_bookings [error]
10:52:04.407441 [debug]: Finished analyzing [  0.00s] model dbt_schema_silver.silver_bookings [skipped]
10:52:04.408255 [debug]: Compiled SQL for node model.aws_dbt_snowflake_project.fact at target\.lsp\compiled\models\gold\fact.sql
10:52:04.408323 [debug]: Compiled SQL for node model.aws_dbt_snowflake_project.obt at target\.lsp\compiled\models\gold\obt.sql
10:52:04.408334 [debug]: Started analyzing model dbt_schema_gold.fact
10:52:04.408339 [debug]: Compiled SQL for node analysis.aws_dbt_snowflake_project.explore at target\.lsp\compiled\analyses\explore.sql
10:52:04.408364 [debug]: Started analyzing model dbt_schema_gold.obt
10:52:04.408370 [debug]: Finished rendering [  0.00s] model dbt_schema_gold.obt [success]
10:52:04.408378 [debug]: Finished rendering [  0.00s] model dbt_schema_gold.fact [success]
10:52:04.408381 [debug]: Finished rendering [  0.00s] analysis dbt_schema.explore [success]
10:52:04.408396 [debug]: Started analyzing analysis dbt_schema.explore
10:52:04.408415 [info ]:    Skipped [-------] analysis dbt_schema.explore (analysis)
10:52:04.408501 [debug]: Finished analyzing [  0.00s] analysis dbt_schema.explore [skipped]
10:52:05.109146 [debug]: Query executed on node model.aws_dbt_snowflake_project.obt:
describe table "AIRBNB"."SILVER"."SILVER_BOOKINGS"
10:52:05.116837 [debug]: Query executed on node model.aws_dbt_snowflake_project.fact:
describe table "AIRBNB"."GOLD"."OBT"
10:52:05.123639 [debug]: Query executed on node model.aws_dbt_snowflake_project.obt:
describe table "AIRBNB"."SILVER"."SILVER_HOSTS"
10:52:05.128247 [debug]: Query executed on node model.aws_dbt_snowflake_project.fact:
describe table "AIRBNB"."GOLD"."DIM_HOSTS"
10:52:05.230426 [debug]: Query executed on node model.aws_dbt_snowflake_project.fact:
describe table "AIRBNB"."GOLD"."DIM_LISTINGS"
10:52:05.234110 [debug]: Query executed on node model.aws_dbt_snowflake_project.obt:
describe table "AIRBNB"."SILVER"."SILVER_LISTINGS"
10:52:05.593821 [debug]: Schema hydration: registering 3 schemas from db_runner
10:52:05.593865 [debug]: Schema hydration: parsing FQN string '"AIRBNB"."SILVER"."SILVER_LISTINGS"'
10:52:05.593886 [debug]: Schema hydration: registering cfqn=AIRBNB.SILVER.SILVER_LISTINGS (catalog='AIRBNB', schema='SILVER', table='SILVER_LISTINGS')
10:52:05.594933 [debug]: Schema hydration: registration succeeded for AIRBNB.SILVER.SILVER_LISTINGS, exists_check=true
10:52:05.594971 [debug]: Schema hydration: parsing FQN string '"AIRBNB"."SILVER"."SILVER_BOOKINGS"'
10:52:05.594984 [debug]: Schema hydration: registering cfqn=AIRBNB.SILVER.SILVER_BOOKINGS (catalog='AIRBNB', schema='SILVER', table='SILVER_BOOKINGS')
10:52:05.596058 [debug]: Schema hydration: registration succeeded for AIRBNB.SILVER.SILVER_BOOKINGS, exists_check=true
10:52:05.596086 [debug]: Schema hydration: parsing FQN string '"AIRBNB"."SILVER"."SILVER_HOSTS"'
10:52:05.596102 [debug]: Schema hydration: registering cfqn=AIRBNB.SILVER.SILVER_HOSTS (catalog='AIRBNB', schema='SILVER', table='SILVER_HOSTS')
10:52:05.596992 [debug]: Schema hydration: registration succeeded for AIRBNB.SILVER.SILVER_HOSTS, exists_check=true
10:52:05.605081 [info ]:  Succeeded [  1.20s] model dbt_schema_gold.obt (table)
10:52:05.605123 [debug]: Finished analyzing [  1.20s] model dbt_schema_gold.obt [success]
10:52:05.605159 [info ]: Started model dbt_schema_gold.listings
10:52:05.605178 [debug]: Started rendering model dbt_schema_gold.listings
10:52:05.605201 [info ]: Started model dbt_schema_gold.hosts
10:52:05.605231 [debug]: Started rendering model dbt_schema_gold.hosts
10:52:05.605267 [info ]: Started model dbt_schema_gold.bookings
10:52:05.605280 [debug]: Started rendering model dbt_schema_gold.bookings
10:52:05.605355 [debug]: Schema hydration: registering 3 schemas from db_runner
10:52:05.605371 [debug]: Schema hydration: parsing FQN string '"AIRBNB"."GOLD"."DIM_HOSTS"'
10:52:05.605411 [debug]: Schema hydration: registering cfqn=AIRBNB.GOLD.DIM_HOSTS (catalog='AIRBNB', schema='GOLD', table='DIM_HOSTS')
10:52:05.606604 [debug]: Schema hydration: registration succeeded for AIRBNB.GOLD.DIM_HOSTS, exists_check=true
10:52:05.606634 [debug]: Schema hydration: parsing FQN string '"AIRBNB"."GOLD"."OBT"'
10:52:05.606649 [debug]: Schema hydration: registering cfqn=AIRBNB.GOLD.OBT (catalog='AIRBNB', schema='GOLD', table='OBT')
10:52:05.607722 [debug]: Schema hydration: registration succeeded for AIRBNB.GOLD.OBT, exists_check=true
10:52:05.607745 [debug]: Schema hydration: parsing FQN string '"AIRBNB"."GOLD"."DIM_LISTINGS"'
10:52:05.607758 [debug]: Schema hydration: registering cfqn=AIRBNB.GOLD.DIM_LISTINGS (catalog='AIRBNB', schema='GOLD', table='DIM_LISTINGS')
10:52:05.608349 [debug]: Schema hydration: registration succeeded for AIRBNB.GOLD.DIM_LISTINGS, exists_check=true
10:52:05.608848 [debug]: Compiled SQL for node model.aws_dbt_snowflake_project.hosts at target\.lsp\compiled\models\gold\ephemeral\hosts.sql
10:52:05.608933 [debug]: Started analyzing model dbt_schema_gold.hosts
10:52:05.609117 [debug]: Finished rendering [  0.00s] model dbt_schema_gold.hosts [success]
10:52:05.610565 [debug]: Compiled SQL for node model.aws_dbt_snowflake_project.listings at target\.lsp\compiled\models\gold\ephemeral\listings.sql
10:52:05.610689 [debug]: Started analyzing model dbt_schema_gold.listings
10:52:05.610999 [debug]: Compiled SQL for node model.aws_dbt_snowflake_project.bookings at target\.lsp\compiled\models\gold\ephemeral\bookings.sql
10:52:05.611069 [debug]: Started analyzing model dbt_schema_gold.bookings
10:52:05.612599 [debug]: Finished rendering [  0.01s] model dbt_schema_gold.listings [success]
10:52:05.612651 [debug]: Finished rendering [  0.01s] model dbt_schema_gold.bookings [success]
10:52:05.612661 [info ]: Finished rendering [  1.21s] (9 nodes, 0 skipped, 3 errors)
10:52:05.613331 [info ]:  Succeeded [  0.01s] model dbt_schema_gold.bookings (ephemeral)
10:52:05.613367 [debug]: Finished analyzing [  0.00s] model dbt_schema_gold.bookings [success]
10:52:05.613417 [info ]:  Succeeded [  0.01s] model dbt_schema_gold.hosts (ephemeral)
10:52:05.614304 [debug]: Finished analyzing [  0.01s] model dbt_schema_gold.hosts [success]
10:52:05.614350 [info ]:  Succeeded [  0.01s] model dbt_schema_gold.listings (ephemeral)
10:52:05.614367 [debug]: Finished analyzing [  0.00s] model dbt_schema_gold.listings [success]
10:52:05.619030 [info ]:  Succeeded [  1.21s] model dbt_schema_gold.fact (table)
10:52:05.619080 [debug]: Finished analyzing [  1.21s] model dbt_schema_gold.fact [success]
10:52:05.619092 [info ]: Finished analyzing [  1.21s] (9 nodes, 4 skipped, 0 errors)
10:52:05.627264 [info ]: Cached model count updated: 7 models (accurate)
10:52:14.311665 [info ]: Started loading project
10:52:14.312455 [info ]: Loading ~/.dbt/profiles.yml
10:52:14.316591 [info ]: Started parsing
10:52:14.333350 [info ]: Finished loading project [  0.02s]
10:52:14.336148 [debug]: Finished parsing models\silver\silver_bookings.sql [  0.00s]
10:52:14.338128 [debug]: Finished parsing models\silver\silver_listings.sql [  0.00s]
10:52:14.339032 [debug]: Finished parsing analyses\if_else.sql [  0.00s]
10:52:14.340788 [debug]: Finished parsing analyses\loop.sql [  0.00s]
10:52:14.341040 [error]: dbt1005: Ref 'bronze_bookings' not found in project. Searched for 'aws_dbt_snowflake_project.bronze_bookings, bronze_bookings'
  --> models\silver\silver_bookings.sql:16:6
10:52:14.341067 [error]: dbt1005: Ref 'bronze_listings' not found in project. Searched for 'aws_dbt_snowflake_project.bronze_listings, bronze_listings'
  --> models\silver\silver_listings.sql:17:5
10:52:14.341099 [warn ]: dbt1005: Source 'staging.bookings' not found in project. Searched for 'bookings'
  --> tests\source_tests.sql:8:2
10:52:14.341113 [error]: dbt1005: Ref 'bronze_bookings' not found in project. Searched for 'aws_dbt_snowflake_project.bronze_bookings, bronze_bookings'
  --> analyses\if_else.sql:4:15
10:52:14.341123 [error]: dbt1005: Ref 'bronze_bookings' not found in project. Searched for 'aws_dbt_snowflake_project.bronze_bookings, bronze_bookings'
  --> analyses\loop.sql:8:6
10:52:14.342738 [info ]: Cached model count updated: 7 models (estimate)
10:52:14.342754 [info ]: Cached model count updated: 7 models (accurate)
10:52:14.342795 [info ]: Started scheduling
10:52:14.342865 [info ]: Finished scheduling [  0.00s]
10:52:14.342878 [debug]: Incremental compilation - 1 nodes selected: {"model.aws_dbt_snowflake_project.silver_listings"}
10:52:14.343474 [info ]: Started deferring state
10:52:14.343494 [info ]: Finished deferring state [  0.00s]
10:52:14.343825 [info ]: Started downloading schemas
10:52:14.343859 [debug]:    Started downloading relations
10:52:14.343881 [debug]:   Finished [  0.00s] downloading relations
10:52:14.343911 [warn ]: dbt1014: Failed to download incremental schema for 'model.aws_dbt_snowflake_project.silver_bookings'. Setting 'static_analysis' to off. Skipping analysis for : [Snowflake] 002003 (02000): SQL compilation error:
Schema 'AIRBNB.DBT_SCHEMA_SILVER' does not exist or not authorized.
10:52:14.343957 [info ]: Finished parsing [  0.03s]
10:52:14.799421 [debug]: Query executed on node unknown:
describe table "AIRBNB"."DBT_SCHEMA_SILVER"."SILVER_LISTINGS"
10:52:15.260194 [info ]: Cached model count updated: 7 models (accurate)
10:52:15.301391 [info ]: Started loading project
10:52:15.302535 [info ]: Loading ~/.dbt/profiles.yml
10:52:15.307796 [info ]: Started parsing
10:52:15.325304 [info ]: Finished loading project [  0.02s]
10:52:15.327814 [debug]: Finished parsing models\silver\silver_bookings.sql [  0.00s]
10:52:15.329210 [debug]: Finished parsing models\silver\silver_listings.sql [  0.00s]
10:52:15.329982 [debug]: Finished parsing analyses\if_else.sql [  0.00s]
10:52:15.331645 [debug]: Finished parsing analyses\loop.sql [  0.00s]
10:52:15.332016 [error]: dbt1005: Ref 'bronze_bookings' not found in project. Searched for 'aws_dbt_snowflake_project.bronze_bookings, bronze_bookings'
  --> models\silver\silver_bookings.sql:16:6
10:52:15.332039 [error]: dbt1005: Ref 'bronze_listings' not found in project. Searched for 'aws_dbt_snowflake_project.bronze_listings, bronze_listings'
  --> models\silver\silver_listings.sql:17:5
10:52:15.332059 [warn ]: dbt1005: Source 'staging.bookings' not found in project. Searched for 'bookings'
  --> tests\source_tests.sql:8:2
10:52:15.332083 [error]: dbt1005: Ref 'bronze_bookings' not found in project. Searched for 'aws_dbt_snowflake_project.bronze_bookings, bronze_bookings'
  --> analyses\if_else.sql:4:15
10:52:15.332097 [error]: dbt1005: Ref 'bronze_bookings' not found in project. Searched for 'aws_dbt_snowflake_project.bronze_bookings, bronze_bookings'
  --> analyses\loop.sql:8:6
10:52:15.333675 [info ]: Cached model count updated: 7 models (estimate)
10:52:15.333696 [info ]: Cached model count updated: 7 models (accurate)
10:52:15.333747 [info ]: Started scheduling
10:52:15.333815 [info ]: Finished scheduling [  0.00s]
10:52:15.333829 [debug]: Incremental compilation - 1 nodes selected: {"model.aws_dbt_snowflake_project.silver_listings"}
10:52:15.334679 [info ]: Started deferring state
10:52:15.334720 [info ]: Finished deferring state [  0.00s]
10:52:15.335306 [info ]: Started downloading schemas
10:52:15.335365 [debug]:    Started downloading relations
10:52:15.335400 [debug]:   Finished [  0.00s] downloading relations
10:52:15.335445 [warn ]: dbt1014: Failed to download incremental schema for 'model.aws_dbt_snowflake_project.silver_bookings'. Setting 'static_analysis' to off. Skipping analysis for : [Snowflake] 002003 (02000): SQL compilation error:
Schema 'AIRBNB.DBT_SCHEMA_SILVER' does not exist or not authorized.
10:52:15.335497 [info ]: Finished parsing [  0.03s]
10:52:15.801270 [debug]: Query executed on node unknown:
describe table "AIRBNB"."DBT_SCHEMA_SILVER"."SILVER_LISTINGS"
10:52:15.946182 [info ]: Finished downloading schemas [  1.60s]
10:52:16.985906 [info ]: Finished downloading schemas [  1.65s]
10:52:17.139968 [info ]: Started building task graph
10:52:17.140025 [info ]: Finished building task graph [  0.00s]
10:52:17.140152 [info ]: Started rendering (1 nodes)
10:52:17.140166 [info ]: Started model dbt_schema_silver.silver_listings
10:52:17.140175 [debug]: Started rendering model dbt_schema_silver.silver_listings
10:52:17.141123 [error]: dbt1501: Failed to render SQL not a key type: ref not found for package: aws_dbt_snowflake_project, model: bronze_listings, version: None
(in models\silver\silver_listings.sql:17:5)
  --> models\silver\silver_listings.sql:17:5
10:52:17.141171 [info ]: Started analyzing (1 nodes)
10:52:17.141178 [debug]: Started analyzing model dbt_schema_silver.silver_listings
10:52:17.141210 [info ]:     Failed [-------] model dbt_schema_silver.silver_listings (incremental)
10:52:17.141226 [debug]: Finished analyzing [  0.00s] model dbt_schema_silver.silver_listings [skipped]
10:52:17.141232 [info ]: Finished analyzing [  0.00s] (1 nodes, 1 skipped, 0 errors)
10:52:17.146178 [info ]: Cached model count updated: 7 models (accurate)
10:52:17.146238 [debug]: Finished rendering [  0.01s] model dbt_schema_silver.silver_listings [error]
10:52:17.146251 [info ]: Finished rendering [  0.01s] (1 nodes, 0 skipped, 1 errors)
10:52:28.526038 [info ]: Started loading project
10:52:28.527069 [info ]: Loading ~/.dbt/profiles.yml
10:52:28.531904 [info ]: Started loading project
10:52:28.532564 [info ]: Loading ~/.dbt/profiles.yml
10:52:28.532628 [info ]: Finished loading project [  0.01s]
10:52:28.536391 [debug]:    Started loading packages
10:52:28.539113 [debug]:     Loaded [  0.00s] packages
10:52:28.539707 [info ]: Started parsing
10:52:28.563157 [info ]: Finished loading project [  0.03s]
10:52:28.566924 [debug]: Finished parsing models\gold\ephemeral\bookings.sql [  0.00s]
10:52:28.567591 [debug]: Finished parsing models\gold\ephemeral\hosts.sql [  0.00s]
10:52:28.568271 [debug]: Finished parsing models\gold\ephemeral\listings.sql [  0.00s]
10:52:28.569014 [debug]: Finished parsing models\gold\fact.sql [  0.00s]
10:52:28.569847 [debug]: Finished parsing models\gold\obt.sql [  0.00s]
10:52:28.570671 [debug]: Finished parsing models\silver\silver_bookings.sql [  0.00s]
10:52:28.571213 [debug]: Finished parsing models\silver\silver_hosts.sql [  0.00s]
10:52:28.574093 [debug]: Finished parsing models\silver\silver_listings.sql [  0.00s]
10:52:28.574893 [debug]: Finished parsing analyses\explore.sql [  0.00s]
10:52:28.575536 [debug]: Finished parsing analyses\if_else.sql [  0.00s]
10:52:28.577191 [debug]: Finished parsing analyses\loop.sql [  0.00s]
10:52:28.578847 [debug]: Finished parsing tests\source_tests.sql [  0.00s]
10:52:28.579235 [error]: dbt1005: Ref 'bronze_bookings' not found in project. Searched for 'aws_dbt_snowflake_project.bronze_bookings, bronze_bookings'
  --> models\silver\silver_bookings.sql:16:6
10:52:28.579267 [error]: dbt1005: Ref 'bronze_listings' not found in project. Searched for 'aws_dbt_snowflake_project.bronze_listings, bronze_listings'
  --> models\silver\silver_listings.sql:17:5
10:52:28.579282 [warn ]: dbt1005: Source 'staging.bookings' not found in project. Searched for 'bookings'
  --> tests\source_tests.sql:8:2
10:52:28.579299 [error]: dbt1005: Ref 'bronze_bookings' not found in project. Searched for 'aws_dbt_snowflake_project.bronze_bookings, bronze_bookings'
  --> analyses\if_else.sql:4:15
10:52:28.579314 [error]: dbt1005: Ref 'bronze_bookings' not found in project. Searched for 'aws_dbt_snowflake_project.bronze_bookings, bronze_bookings'
  --> analyses\loop.sql:8:6
10:52:28.580281 [info ]: Cached model count updated: 8 models (estimate)
10:52:28.580300 [info ]: Cached model count updated: 8 models (accurate)
10:52:28.580354 [info ]: Started scheduling
10:52:28.580776 [info ]: Finished scheduling [  0.00s]
10:52:28.580816 [info ]: Started scheduling
10:52:28.580901 [info ]: Finished scheduling [  0.00s]
10:52:28.581944 [info ]: Started deferring state
10:52:28.581966 [info ]: Finished deferring state [  0.00s]
10:52:28.582451 [info ]: Started downloading schemas
10:52:28.582504 [debug]:    Started downloading relations
10:52:28.582537 [debug]:   Finished [  0.00s] downloading relations
10:52:28.582689 [info ]: Finished parsing [  0.04s]
10:52:30.065340 [debug]: Query executed on node unknown:
describe table "AIRBNB"."DBT_SCHEMA_SILVER"."SILVER_LISTINGS"
10:52:30.073518 [debug]: Query executed on node unknown:
describe table "AIRBNB"."DBT_SCHEMA_SILVER"."SILVER_BOOKINGS"
10:52:31.317156 [info ]: Finished downloading schemas [  2.73s]
10:52:31.494337 [info ]: Started building task graph
10:52:31.494480 [info ]: Finished building task graph [  0.00s]
10:52:31.494679 [info ]: Started rendering (10 nodes)
10:52:31.494698 [info ]: Started model dbt_schema_silver.silver_listings
10:52:31.494712 [debug]: Started rendering model dbt_schema_silver.silver_listings
10:52:31.494732 [info ]: Started model dbt_schema_gold.fact
10:52:31.494744 [debug]: Started rendering model dbt_schema_gold.fact
10:52:31.494776 [info ]: Started model dbt_schema_gold.obt
10:52:31.494784 [debug]: Started rendering model dbt_schema_gold.obt
10:52:31.494797 [info ]: Started analysis dbt_schema.loop
10:52:31.494807 [debug]: Started rendering analysis dbt_schema.loop
10:52:31.494820 [info ]: Started analysis dbt_schema.if_else
10:52:31.494829 [debug]: Started rendering analysis dbt_schema.if_else
10:52:31.494841 [info ]: Started analysis dbt_schema.explore
10:52:31.494851 [debug]: Started rendering analysis dbt_schema.explore
10:52:31.494862 [info ]: Started model dbt_schema_silver.silver_bookings
10:52:31.494869 [debug]: Started rendering model dbt_schema_silver.silver_bookings
10:52:31.496283 [error]: dbt1501: Failed to render SQL not a key type: ref not found for package: aws_dbt_snowflake_project, model: bronze_listings, version: None
(in models\silver\silver_listings.sql:17:5)
  --> models\silver\silver_listings.sql:17:5
10:52:31.496354 [info ]: Started analyzing (10 nodes)
10:52:31.496372 [debug]: Started analyzing model dbt_schema_silver.silver_listings
10:52:31.496398 [info ]:     Failed [  0.00s] model dbt_schema_silver.silver_listings (incremental)
10:52:31.496427 [debug]: Finished analyzing [  0.00s] model dbt_schema_silver.silver_listings [skipped]
10:52:31.496465 [debug]: Finished rendering [  0.00s] model dbt_schema_silver.silver_listings [error]
10:52:31.496921 [error]: dbt1501: Failed to render SQL not a key type: ref not found for package: aws_dbt_snowflake_project, model: bronze_bookings, version: None
(in models\silver\silver_bookings.sql:16:6)
  --> models\silver\silver_bookings.sql:16:6
10:52:31.497014 [debug]: Started analyzing model dbt_schema_silver.silver_bookings
10:52:31.497043 [info ]:     Failed [  0.00s] model dbt_schema_silver.silver_bookings (incremental)
10:52:31.497092 [debug]: Finished analyzing [  0.00s] model dbt_schema_silver.silver_bookings [skipped]
10:52:31.497117 [debug]: Finished rendering [  0.00s] model dbt_schema_silver.silver_bookings [error]
10:52:31.497125 [error]: dbt1501: Failed to render SQL not a key type: ref not found for package: aws_dbt_snowflake_project, model: bronze_bookings, version: None
(in analyses\loop.sql:8:6)
  --> analyses\loop.sql:8:6
10:52:31.497149 [debug]: Started analyzing analysis dbt_schema.loop
10:52:31.497164 [info ]:     Failed [  0.00s] analysis dbt_schema.loop (analysis)
10:52:31.497178 [debug]: Finished analyzing [  0.00s] analysis dbt_schema.loop [skipped]
10:52:31.497204 [debug]: Finished rendering [  0.00s] analysis dbt_schema.loop [error]
10:52:31.497248 [error]: dbt1501: Failed to render SQL not a key type: ref not found for package: aws_dbt_snowflake_project, model: bronze_bookings, version: None
(in analyses\if_else.sql:4:15)
  --> analyses\if_else.sql:4:15
10:52:31.497289 [debug]: Started analyzing analysis dbt_schema.if_else
10:52:31.497313 [info ]:     Failed [  0.00s] analysis dbt_schema.if_else (analysis)
10:52:31.497334 [debug]: Finished analyzing [  0.00s] analysis dbt_schema.if_else [skipped]
10:52:31.497364 [debug]: Finished rendering [  0.00s] analysis dbt_schema.if_else [error]
10:52:31.497949 [debug]: Compiled SQL for node analysis.aws_dbt_snowflake_project.explore at target\.lsp\compiled\analyses\explore.sql
10:52:31.498023 [debug]: Finished rendering [  0.00s] analysis dbt_schema.explore [success]
10:52:31.498074 [debug]: Started analyzing analysis dbt_schema.explore
10:52:31.498077 [debug]: Compiled SQL for node model.aws_dbt_snowflake_project.fact at target\.lsp\compiled\models\gold\fact.sql
10:52:31.498100 [info ]:    Skipped [-------] analysis dbt_schema.explore (analysis)
10:52:31.498117 [debug]: Finished analyzing [  0.00s] analysis dbt_schema.explore [skipped]
10:52:31.498135 [debug]: Finished rendering [  0.00s] model dbt_schema_gold.fact [success]
10:52:31.498146 [debug]: Started analyzing model dbt_schema_gold.fact
10:52:31.500029 [debug]: Compiled SQL for node model.aws_dbt_snowflake_project.obt at target\.lsp\compiled\models\gold\obt.sql
10:52:31.500139 [debug]: Started analyzing model dbt_schema_gold.obt
10:52:31.500465 [debug]: Finished rendering [  0.01s] model dbt_schema_gold.obt [success]
10:52:32.125809 [debug]: Query executed on node model.aws_dbt_snowflake_project.obt:
describe table "AIRBNB"."SILVER"."SILVER_BOOKINGS"
10:52:32.128999 [debug]: Query executed on node model.aws_dbt_snowflake_project.fact:
describe table "AIRBNB"."GOLD"."DIM_HOSTS"
10:52:32.131786 [debug]: Query executed on node model.aws_dbt_snowflake_project.fact:
describe table "AIRBNB"."GOLD"."OBT"
10:52:32.136439 [debug]: Query executed on node model.aws_dbt_snowflake_project.obt:
describe table "AIRBNB"."SILVER"."SILVER_LISTINGS"
10:52:32.240370 [debug]: Query executed on node model.aws_dbt_snowflake_project.fact:
describe table "AIRBNB"."GOLD"."DIM_LISTINGS"
10:52:32.242983 [debug]: Query executed on node model.aws_dbt_snowflake_project.obt:
describe table "AIRBNB"."SILVER"."SILVER_HOSTS"
10:52:32.531738 [debug]: Schema hydration: registering 3 schemas from db_runner
10:52:32.531773 [debug]: Schema hydration: parsing FQN string '"AIRBNB"."GOLD"."DIM_LISTINGS"'
10:52:32.531793 [debug]: Schema hydration: registering cfqn=AIRBNB.GOLD.DIM_LISTINGS (catalog='AIRBNB', schema='GOLD', table='DIM_LISTINGS')
10:52:32.532826 [debug]: Schema hydration: registration succeeded for AIRBNB.GOLD.DIM_LISTINGS, exists_check=true
10:52:32.532851 [debug]: Schema hydration: parsing FQN string '"AIRBNB"."GOLD"."DIM_HOSTS"'
10:52:32.532867 [debug]: Schema hydration: registering cfqn=AIRBNB.GOLD.DIM_HOSTS (catalog='AIRBNB', schema='GOLD', table='DIM_HOSTS')
10:52:32.534103 [debug]: Schema hydration: registration succeeded for AIRBNB.GOLD.DIM_HOSTS, exists_check=true
10:52:32.534135 [debug]: Schema hydration: parsing FQN string '"AIRBNB"."GOLD"."OBT"'
10:52:32.534156 [debug]: Schema hydration: registering cfqn=AIRBNB.GOLD.OBT (catalog='AIRBNB', schema='GOLD', table='OBT')
10:52:32.535547 [debug]: Schema hydration: registration succeeded for AIRBNB.GOLD.OBT, exists_check=true
10:52:32.551739 [info ]:  Succeeded [  1.06s] model dbt_schema_gold.fact (table)
10:52:32.551801 [debug]: Finished analyzing [  1.05s] model dbt_schema_gold.fact [success]
10:52:32.551910 [debug]: Schema hydration: registering 3 schemas from db_runner
10:52:32.551932 [debug]: Schema hydration: parsing FQN string '"AIRBNB"."SILVER"."SILVER_BOOKINGS"'
10:52:32.551952 [debug]: Schema hydration: registering cfqn=AIRBNB.SILVER.SILVER_BOOKINGS (catalog='AIRBNB', schema='SILVER', table='SILVER_BOOKINGS')
10:52:32.553043 [debug]: Schema hydration: registration succeeded for AIRBNB.SILVER.SILVER_BOOKINGS, exists_check=true
10:52:32.553072 [debug]: Schema hydration: parsing FQN string '"AIRBNB"."SILVER"."SILVER_LISTINGS"'
10:52:32.553089 [debug]: Schema hydration: registering cfqn=AIRBNB.SILVER.SILVER_LISTINGS (catalog='AIRBNB', schema='SILVER', table='SILVER_LISTINGS')
10:52:32.554184 [debug]: Schema hydration: registration succeeded for AIRBNB.SILVER.SILVER_LISTINGS, exists_check=true
10:52:32.554237 [debug]: Schema hydration: parsing FQN string '"AIRBNB"."SILVER"."SILVER_HOSTS"'
10:52:32.554256 [debug]: Schema hydration: registering cfqn=AIRBNB.SILVER.SILVER_HOSTS (catalog='AIRBNB', schema='SILVER', table='SILVER_HOSTS')
10:52:32.555339 [debug]: Schema hydration: registration succeeded for AIRBNB.SILVER.SILVER_HOSTS, exists_check=true
10:52:32.564047 [info ]:  Succeeded [  1.07s] model dbt_schema_gold.obt (table)
10:52:32.564113 [debug]: Finished analyzing [  1.06s] model dbt_schema_gold.obt [success]
10:52:32.564157 [info ]: Started model dbt_schema_gold.hosts
10:52:32.564178 [debug]: Started rendering model dbt_schema_gold.hosts
10:52:32.564202 [info ]: Started model dbt_schema_gold.bookings
10:52:32.564213 [debug]: Started rendering model dbt_schema_gold.bookings
10:52:32.564231 [info ]: Started model dbt_schema_gold.listings
10:52:32.564240 [debug]: Started rendering model dbt_schema_gold.listings
10:52:32.567779 [debug]: Compiled SQL for node model.aws_dbt_snowflake_project.bookings at target\.lsp\compiled\models\gold\ephemeral\bookings.sql
10:52:32.567926 [debug]: Started analyzing model dbt_schema_gold.bookings
10:52:32.576749 [debug]: Finished rendering [  0.01s] model dbt_schema_gold.bookings [success]
10:52:32.579355 [debug]: Compiled SQL for node model.aws_dbt_snowflake_project.listings at target\.lsp\compiled\models\gold\ephemeral\listings.sql
10:52:32.579499 [debug]: Finished rendering [  0.02s] model dbt_schema_gold.listings [success]
10:52:32.579551 [debug]: Started analyzing model dbt_schema_gold.listings
10:52:32.580781 [debug]: Compiled SQL for node model.aws_dbt_snowflake_project.hosts at target\.lsp\compiled\models\gold\ephemeral\hosts.sql
10:52:32.580875 [debug]: Started analyzing model dbt_schema_gold.hosts
10:52:32.581279 [info ]:  Succeeded [  0.02s] model dbt_schema_gold.bookings (ephemeral)
10:52:32.581314 [debug]: Finished analyzing [  0.01s] model dbt_schema_gold.bookings [success]
10:52:32.581355 [debug]: Finished rendering [  0.02s] model dbt_schema_gold.hosts [success]
10:52:32.581365 [info ]: Finished rendering [  1.09s] (10 nodes, 0 skipped, 4 errors)
10:52:32.581973 [info ]:  Succeeded [  0.02s] model dbt_schema_gold.listings (ephemeral)
10:52:32.582006 [debug]: Finished analyzing [  0.00s] model dbt_schema_gold.listings [success]
10:52:32.583501 [info ]:  Succeeded [  0.02s] model dbt_schema_gold.hosts (ephemeral)
10:52:32.583553 [debug]: Finished analyzing [  0.00s] model dbt_schema_gold.hosts [success]
10:52:32.583565 [info ]: Finished analyzing [  1.09s] (10 nodes, 5 skipped, 0 errors)
10:52:32.595399 [info ]: Cached model count updated: 8 models (accurate)
10:52:38.632205 [info ]: Started loading project
10:52:38.632968 [info ]: Loading ~/.dbt/profiles.yml
10:52:38.639820 [info ]: Started parsing
10:52:38.674180 [info ]: Finished loading project [  0.04s]
10:52:38.685751 [debug]: Finished parsing models\silver\silver_bookings.sql [  0.00s]
10:52:38.686464 [debug]: Finished parsing models\silver\silver_hosts.sql [  0.00s]
10:52:38.688734 [debug]: Finished parsing models\silver\silver_listings.sql [  0.00s]
10:52:38.689572 [debug]: Finished parsing analyses\if_else.sql [  0.00s]
10:52:38.691641 [debug]: Finished parsing analyses\loop.sql [  0.00s]
10:52:38.692118 [error]: dbt1005: Ref 'bronze_bookings' not found in project. Searched for 'aws_dbt_snowflake_project.bronze_bookings, bronze_bookings'
  --> models\silver\silver_bookings.sql:16:6
10:52:38.692146 [error]: dbt1005: Ref 'bronze_hosts' not found in project. Searched for 'aws_dbt_snowflake_project.bronze_hosts, bronze_hosts'
  --> models\silver\silver_hosts.sql:17:5
10:52:38.692162 [error]: dbt1005: Ref 'bronze_listings' not found in project. Searched for 'aws_dbt_snowflake_project.bronze_listings, bronze_listings'
  --> models\silver\silver_listings.sql:17:5
10:52:38.692184 [warn ]: dbt1005: Source 'staging.bookings' not found in project. Searched for 'bookings'
  --> tests\source_tests.sql:8:2
10:52:38.692211 [error]: dbt1005: Ref 'bronze_bookings' not found in project. Searched for 'aws_dbt_snowflake_project.bronze_bookings, bronze_bookings'
  --> analyses\if_else.sql:4:15
10:52:38.692235 [error]: dbt1005: Ref 'bronze_bookings' not found in project. Searched for 'aws_dbt_snowflake_project.bronze_bookings, bronze_bookings'
  --> analyses\loop.sql:8:6
10:52:38.694527 [info ]: Cached model count updated: 8 models (estimate)
10:52:38.694551 [info ]: Cached model count updated: 8 models (accurate)
10:52:38.694600 [info ]: Started scheduling
10:52:38.694699 [info ]: Finished scheduling [  0.00s]
10:52:38.694713 [debug]: Incremental compilation - 1 nodes selected: {"model.aws_dbt_snowflake_project.silver_hosts"}
10:52:38.695269 [info ]: Started deferring state
10:52:38.695285 [info ]: Finished deferring state [  0.00s]
10:52:38.695662 [info ]: Started downloading schemas
10:52:38.695703 [debug]:    Started downloading relations
10:52:38.695738 [debug]:   Finished [  0.00s] downloading relations
10:52:38.695767 [warn ]: dbt1014: Failed to download incremental schema for 'model.aws_dbt_snowflake_project.silver_bookings'. Setting 'static_analysis' to off. Skipping analysis for : [Snowflake] 002003 (02000): SQL compilation error:
Schema 'AIRBNB.DBT_SCHEMA_SILVER' does not exist or not authorized.
10:52:38.695776 [warn ]: dbt1014: Failed to download incremental schema for 'model.aws_dbt_snowflake_project.silver_listings'. Setting 'static_analysis' to off. Skipping analysis for : [Snowflake] 002003 (02000): SQL compilation error:
Schema 'AIRBNB.DBT_SCHEMA_SILVER' does not exist or not authorized.
10:52:38.695842 [info ]: Finished parsing [  0.06s]
10:52:39.129084 [debug]: Query executed on node unknown:
describe table "AIRBNB"."DBT_SCHEMA_SILVER"."SILVER_HOSTS"
10:52:39.582129 [info ]: Cached model count updated: 8 models (accurate)
10:52:39.633513 [info ]: Started loading project
10:52:39.634477 [info ]: Loading ~/.dbt/profiles.yml
10:52:39.639612 [info ]: Started parsing
10:52:39.654766 [info ]: Finished loading project [  0.02s]
10:52:39.657266 [debug]: Finished parsing models\silver\silver_bookings.sql [  0.00s]
10:52:39.658055 [debug]: Finished parsing models\silver\silver_hosts.sql [  0.00s]
10:52:39.659714 [debug]: Finished parsing models\silver\silver_listings.sql [  0.00s]
10:52:39.660418 [debug]: Finished parsing analyses\if_else.sql [  0.00s]
10:52:39.662187 [debug]: Finished parsing analyses\loop.sql [  0.00s]
10:52:39.662458 [error]: dbt1005: Ref 'bronze_bookings' not found in project. Searched for 'aws_dbt_snowflake_project.bronze_bookings, bronze_bookings'
  --> models\silver\silver_bookings.sql:16:6
10:52:39.662477 [error]: dbt1005: Ref 'bronze_hosts' not found in project. Searched for 'aws_dbt_snowflake_project.bronze_hosts, bronze_hosts'
  --> models\silver\silver_hosts.sql:17:5
10:52:39.662505 [error]: dbt1005: Ref 'bronze_listings' not found in project. Searched for 'aws_dbt_snowflake_project.bronze_listings, bronze_listings'
  --> models\silver\silver_listings.sql:17:5
10:52:39.662518 [warn ]: dbt1005: Source 'staging.bookings' not found in project. Searched for 'bookings'
  --> tests\source_tests.sql:8:2
10:52:39.662534 [error]: dbt1005: Ref 'bronze_bookings' not found in project. Searched for 'aws_dbt_snowflake_project.bronze_bookings, bronze_bookings'
  --> analyses\if_else.sql:4:15
10:52:39.662542 [error]: dbt1005: Ref 'bronze_bookings' not found in project. Searched for 'aws_dbt_snowflake_project.bronze_bookings, bronze_bookings'
  --> analyses\loop.sql:8:6
10:52:39.663963 [info ]: Cached model count updated: 8 models (estimate)
10:52:39.663979 [info ]: Cached model count updated: 8 models (accurate)
10:52:39.664025 [info ]: Started scheduling
10:52:39.664114 [info ]: Finished scheduling [  0.00s]
10:52:39.664130 [debug]: Incremental compilation - 1 nodes selected: {"model.aws_dbt_snowflake_project.silver_hosts"}
10:52:39.664625 [info ]: Started deferring state
10:52:39.664642 [info ]: Finished deferring state [  0.00s]
10:52:39.665018 [info ]: Started downloading schemas
10:52:39.665055 [debug]:    Started downloading relations
10:52:39.665076 [debug]:   Finished [  0.00s] downloading relations
10:52:39.665103 [warn ]: dbt1014: Failed to download incremental schema for 'model.aws_dbt_snowflake_project.silver_bookings'. Setting 'static_analysis' to off. Skipping analysis for : [Snowflake] 002003 (02000): SQL compilation error:
Schema 'AIRBNB.DBT_SCHEMA_SILVER' does not exist or not authorized.
10:52:39.665113 [warn ]: dbt1014: Failed to download incremental schema for 'model.aws_dbt_snowflake_project.silver_listings'. Setting 'static_analysis' to off. Skipping analysis for : [Snowflake] 002003 (02000): SQL compilation error:
Schema 'AIRBNB.DBT_SCHEMA_SILVER' does not exist or not authorized.
10:52:39.665167 [info ]: Finished parsing [  0.03s]
10:52:40.130581 [debug]: Query executed on node unknown:
describe table "AIRBNB"."DBT_SCHEMA_SILVER"."SILVER_HOSTS"
10:52:40.266218 [info ]: Finished downloading schemas [  1.57s]
10:52:41.385305 [info ]: Finished downloading schemas [  1.72s]
10:52:41.529264 [info ]: Started building task graph
10:52:41.529323 [info ]: Finished building task graph [  0.00s]
10:52:41.529435 [info ]: Started rendering (1 nodes)
10:52:41.529451 [info ]: Started model dbt_schema_silver.silver_hosts
10:52:41.529460 [debug]: Started rendering model dbt_schema_silver.silver_hosts
10:52:41.530389 [error]: dbt1501: Failed to render SQL not a key type: ref not found for package: aws_dbt_snowflake_project, model: bronze_hosts, version: None
(in models\silver\silver_hosts.sql:17:5)
  --> models\silver\silver_hosts.sql:17:5
10:52:41.530429 [info ]: Started analyzing (1 nodes)
10:52:41.530445 [debug]: Started analyzing model dbt_schema_silver.silver_hosts
10:52:41.530476 [info ]:     Failed [-------] model dbt_schema_silver.silver_hosts (incremental)
10:52:41.530492 [debug]: Finished analyzing [  0.00s] model dbt_schema_silver.silver_hosts [skipped]
10:52:41.530498 [info ]: Finished analyzing [  0.00s] (1 nodes, 1 skipped, 0 errors)
10:52:41.536381 [info ]: Cached model count updated: 8 models (accurate)
10:52:41.536417 [debug]: Finished rendering [  0.01s] model dbt_schema_silver.silver_hosts [error]
10:52:41.536430 [info ]: Finished rendering [  0.01s] (1 nodes, 0 skipped, 1 errors)
10:53:05.620450 [info ]: Started loading project
10:53:05.621369 [info ]: Loading ~/.dbt/profiles.yml
10:53:05.625033 [info ]: Started loading project
10:53:05.625625 [info ]: Loading ~/.dbt/profiles.yml
10:53:05.625710 [info ]: Finished loading project [  0.01s]
10:53:05.629191 [debug]:    Started loading packages
10:53:05.631656 [debug]:     Loaded [  0.00s] packages
10:53:05.632231 [info ]: Started parsing
10:53:05.654908 [info ]: Finished loading project [  0.03s]
10:53:05.659294 [debug]: Finished parsing models\gold\ephemeral\bookings.sql [  0.00s]
10:53:05.660143 [debug]: Finished parsing models\gold\ephemeral\hosts.sql [  0.00s]
10:53:05.660969 [debug]: Finished parsing models\gold\ephemeral\listings.sql [  0.00s]
10:53:05.661734 [debug]: Finished parsing models\gold\fact.sql [  0.00s]
10:53:05.662575 [debug]: Finished parsing models\gold\obt.sql [  0.00s]
10:53:05.663313 [debug]: Finished parsing models\silver\silver_bookings.sql [  0.00s]
10:53:05.663997 [debug]: Finished parsing models\silver\silver_hosts.sql [  0.00s]
10:53:05.666787 [debug]: Finished parsing models\silver\silver_listings.sql [  0.00s]
10:53:05.667293 [debug]: Finished parsing analyses\explore.sql [  0.00s]
10:53:05.667764 [debug]: Finished parsing analyses\if_else.sql [  0.00s]
10:53:05.669457 [debug]: Finished parsing analyses\loop.sql [  0.00s]
10:53:05.670766 [debug]: Finished parsing tests\source_tests.sql [  0.00s]
10:53:05.671097 [error]: dbt1005: Ref 'bronze_bookings' not found in project. Searched for 'aws_dbt_snowflake_project.bronze_bookings, bronze_bookings'
  --> models\silver\silver_bookings.sql:16:6
10:53:05.671128 [error]: dbt1005: Ref 'bronze_hosts' not found in project. Searched for 'aws_dbt_snowflake_project.bronze_hosts, bronze_hosts'
  --> models\silver\silver_hosts.sql:17:5
10:53:05.671138 [error]: dbt1005: Ref 'bronze_listings' not found in project. Searched for 'aws_dbt_snowflake_project.bronze_listings, bronze_listings'
  --> models\silver\silver_listings.sql:17:5
10:53:05.671165 [warn ]: dbt1005: Source 'staging.bookings' not found in project. Searched for 'bookings'
  --> tests\source_tests.sql:8:2
10:53:05.671177 [error]: dbt1005: Ref 'bronze_bookings' not found in project. Searched for 'aws_dbt_snowflake_project.bronze_bookings, bronze_bookings'
  --> analyses\if_else.sql:4:15
10:53:05.671184 [error]: dbt1005: Ref 'bronze_bookings' not found in project. Searched for 'aws_dbt_snowflake_project.bronze_bookings, bronze_bookings'
  --> analyses\loop.sql:8:6
10:53:05.671759 [info ]: Cached model count updated: 8 models (estimate)
10:53:05.671768 [info ]: Cached model count updated: 8 models (accurate)
10:53:05.671795 [info ]: Started scheduling
10:53:05.671880 [info ]: Finished scheduling [  0.00s]
10:53:05.671895 [info ]: Started scheduling
10:53:05.671958 [info ]: Finished scheduling [  0.00s]
10:53:05.672882 [info ]: Started deferring state
10:53:05.672907 [info ]: Finished deferring state [  0.00s]
10:53:05.673266 [info ]: Started downloading schemas
10:53:05.673308 [debug]:    Started downloading relations
10:53:05.673328 [debug]:   Finished [  0.00s] downloading relations
10:53:05.673394 [info ]: Finished parsing [  0.04s]
10:53:06.483476 [debug]: Query executed on node unknown:
describe table "AIRBNB"."DBT_SCHEMA_SILVER"."SILVER_BOOKINGS"
10:53:06.491100 [debug]: Query executed on node unknown:
describe table "AIRBNB"."DBT_SCHEMA_SILVER"."SILVER_HOSTS"
10:53:07.343822 [info ]: Started loading project
10:53:07.344586 [info ]: Loading ~/.dbt/profiles.yml
10:53:07.348436 [debug]:    Started loading packages
10:53:07.351503 [debug]:     Loaded [  0.00s] packages
10:53:07.352360 [info ]: Started parsing
10:53:07.376723 [info ]: Finished loading project [  0.03s]
10:53:07.380316 [debug]: Finished parsing models\gold\ephemeral\bookings.sql [  0.00s]
10:53:07.381322 [debug]: Finished parsing models\gold\ephemeral\hosts.sql [  0.00s]
10:53:07.382094 [debug]: Finished parsing models\gold\ephemeral\listings.sql [  0.00s]
10:53:07.382820 [debug]: Finished parsing models\gold\fact.sql [  0.00s]
10:53:07.383478 [debug]: Finished parsing models\gold\obt.sql [  0.00s]
10:53:07.384252 [debug]: Finished parsing models\silver\silver_bookings.sql [  0.00s]
10:53:07.384950 [debug]: Finished parsing models\silver\silver_hosts.sql [  0.00s]
10:53:07.388001 [debug]: Finished parsing models\silver\silver_listings.sql [  0.00s]
10:53:07.388601 [debug]: Finished parsing analyses\explore.sql [  0.00s]
10:53:07.389034 [debug]: Finished parsing analyses\if_else.sql [  0.00s]
10:53:07.390630 [debug]: Finished parsing analyses\loop.sql [  0.00s]
10:53:07.391843 [debug]: Finished parsing tests\source_tests.sql [  0.00s]
10:53:07.392319 [error]: dbt1005: Ref 'bronze_bookings' not found in project. Searched for 'aws_dbt_snowflake_project.bronze_bookings, bronze_bookings'
  --> models\silver\silver_bookings.sql:16:6
10:53:07.392344 [error]: dbt1005: Ref 'bronze_hosts' not found in project. Searched for 'aws_dbt_snowflake_project.bronze_hosts, bronze_hosts'
  --> models\silver\silver_hosts.sql:17:5
10:53:07.392353 [error]: dbt1005: Ref 'bronze_listings' not found in project. Searched for 'aws_dbt_snowflake_project.bronze_listings, bronze_listings'
  --> models\silver\silver_listings.sql:17:5
10:53:07.392363 [warn ]: dbt1005: Source 'staging.bookings' not found in project. Searched for 'bookings'
  --> tests\source_tests.sql:8:2
10:53:07.392379 [error]: dbt1005: Ref 'bronze_bookings' not found in project. Searched for 'aws_dbt_snowflake_project.bronze_bookings, bronze_bookings'
  --> analyses\if_else.sql:4:15
10:53:07.392401 [error]: dbt1005: Ref 'bronze_bookings' not found in project. Searched for 'aws_dbt_snowflake_project.bronze_bookings, bronze_bookings'
  --> analyses\loop.sql:8:6
10:53:07.392932 [info ]: Cached model count updated: 8 models (estimate)
10:53:07.392941 [info ]: Cached model count updated: 8 models (accurate)
10:53:07.392971 [info ]: Started scheduling
10:53:07.393059 [info ]: Finished scheduling [  0.00s]
10:53:07.393075 [info ]: Started scheduling
10:53:07.393146 [info ]: Finished scheduling [  0.00s]
10:53:07.394078 [info ]: Started deferring state
10:53:07.394104 [info ]: Finished deferring state [  0.00s]
10:53:07.394438 [info ]: Started downloading schemas
10:53:07.394482 [debug]:    Started downloading relations
10:53:07.394506 [debug]:   Finished [  0.00s] downloading relations
10:53:07.394586 [info ]: Finished parsing [  0.04s]
10:53:07.573361 [info ]: Finished downloading schemas [  1.90s]
10:53:07.953770 [debug]: Query executed on node unknown:
describe table "AIRBNB"."DBT_SCHEMA_SILVER"."SILVER_BOOKINGS"
10:53:07.969073 [debug]: Query executed on node unknown:
describe table "AIRBNB"."DBT_SCHEMA_SILVER"."SILVER_HOSTS"
10:53:09.184221 [debug]: Query executed on node unknown:
describe table "AIRBNB"."DBT_SCHEMA_SILVER"."SILVER_LISTINGS"
10:53:10.437822 [info ]: Finished downloading schemas [  3.04s]
10:53:10.568546 [info ]: Started building task graph
10:53:10.568676 [info ]: Finished building task graph [  0.00s]
10:53:10.568816 [info ]: Started rendering (11 nodes)
10:53:10.568831 [info ]: Started model dbt_schema_silver.silver_listings
10:53:10.568840 [debug]: Started rendering model dbt_schema_silver.silver_listings
10:53:10.568855 [info ]: Started model dbt_schema_silver.silver_hosts
10:53:10.568860 [debug]: Started rendering model dbt_schema_silver.silver_hosts
10:53:10.568871 [info ]: Started model dbt_schema_gold.fact
10:53:10.568875 [debug]: Started rendering model dbt_schema_gold.fact
10:53:10.568884 [info ]: Started model dbt_schema_gold.obt
10:53:10.568902 [debug]: Started rendering model dbt_schema_gold.obt
10:53:10.568912 [info ]: Started analysis dbt_schema.loop
10:53:10.568917 [debug]: Started rendering analysis dbt_schema.loop
10:53:10.568925 [info ]: Started analysis dbt_schema.if_else
10:53:10.568930 [debug]: Started rendering analysis dbt_schema.if_else
10:53:10.568937 [info ]: Started analysis dbt_schema.explore
10:53:10.568942 [debug]: Started rendering analysis dbt_schema.explore
10:53:10.568952 [info ]: Started model dbt_schema_silver.silver_bookings
10:53:10.568960 [debug]: Started rendering model dbt_schema_silver.silver_bookings
10:53:10.569913 [error]: dbt1501: Failed to render SQL not a key type: ref not found for package: aws_dbt_snowflake_project, model: bronze_listings, version: None
(in models\silver\silver_listings.sql:17:5)
  --> models\silver\silver_listings.sql:17:5
10:53:10.569964 [info ]: Started analyzing (11 nodes)
10:53:10.569976 [debug]: Started analyzing model dbt_schema_silver.silver_listings
10:53:10.569998 [info ]:     Failed [  0.00s] model dbt_schema_silver.silver_listings (incremental)
10:53:10.570021 [debug]: Finished analyzing [  0.00s] model dbt_schema_silver.silver_listings [skipped]
10:53:10.570049 [error]: dbt1501: Failed to render SQL not a key type: ref not found for package: aws_dbt_snowflake_project, model: bronze_bookings, version: None
(in models\silver\silver_bookings.sql:16:6)
  --> models\silver\silver_bookings.sql:16:6
10:53:10.570074 [debug]: Started analyzing model dbt_schema_silver.silver_bookings
10:53:10.570079 [debug]: Finished rendering [  0.00s] model dbt_schema_silver.silver_listings [error]
10:53:10.570089 [info ]:     Failed [  0.00s] model dbt_schema_silver.silver_bookings (incremental)
10:53:10.570102 [debug]: Finished analyzing [  0.00s] model dbt_schema_silver.silver_bookings [skipped]
10:53:10.570099 [debug]: Finished rendering [  0.00s] model dbt_schema_silver.silver_bookings [error]
10:53:10.570122 [error]: dbt1501: Failed to render SQL not a key type: ref not found for package: aws_dbt_snowflake_project, model: bronze_bookings, version: None
(in analyses\if_else.sql:4:15)
  --> analyses\if_else.sql:4:15
10:53:10.570144 [debug]: Started analyzing analysis dbt_schema.if_else
10:53:10.570157 [info ]:     Failed [  0.00s] analysis dbt_schema.if_else (analysis)
10:53:10.570169 [debug]: Finished analyzing [  0.00s] analysis dbt_schema.if_else [skipped]
10:53:10.570189 [error]: dbt1501: Failed to render SQL not a key type: ref not found for package: aws_dbt_snowflake_project, model: bronze_bookings, version: None
(in analyses\loop.sql:8:6)
  --> analyses\loop.sql:8:6
10:53:10.570204 [debug]: Started analyzing analysis dbt_schema.loop
10:53:10.570217 [info ]:     Failed [  0.00s] analysis dbt_schema.loop (analysis)
10:53:10.570229 [debug]: Finished analyzing [  0.00s] analysis dbt_schema.loop [skipped]
10:53:10.570233 [debug]: Finished rendering [  0.00s] analysis dbt_schema.if_else [error]
10:53:10.570248 [error]: dbt1501: Failed to render SQL not a key type: ref not found for package: aws_dbt_snowflake_project, model: bronze_hosts, version: None
(in models\silver\silver_hosts.sql:17:5)
  --> models\silver\silver_hosts.sql:17:5
10:53:10.570259 [debug]: Finished rendering [  0.00s] analysis dbt_schema.loop [error]
10:53:10.570264 [debug]: Started analyzing model dbt_schema_silver.silver_hosts
10:53:10.570278 [info ]:     Failed [  0.00s] model dbt_schema_silver.silver_hosts (incremental)
10:53:10.570288 [debug]: Finished analyzing [  0.00s] model dbt_schema_silver.silver_hosts [skipped]
10:53:10.570314 [debug]: Finished rendering [  0.00s] model dbt_schema_silver.silver_hosts [error]
10:53:10.571120 [debug]: Compiled SQL for node analysis.aws_dbt_snowflake_project.explore at target\.lsp\compiled\analyses\explore.sql
10:53:10.571187 [debug]: Finished rendering [  0.00s] analysis dbt_schema.explore [success]
10:53:10.571223 [debug]: Started analyzing analysis dbt_schema.explore
10:53:10.571236 [debug]: Compiled SQL for node model.aws_dbt_snowflake_project.fact at target\.lsp\compiled\models\gold\fact.sql
10:53:10.571246 [info ]:    Skipped [-------] analysis dbt_schema.explore (analysis)
10:53:10.571263 [debug]: Finished analyzing [  0.00s] analysis dbt_schema.explore [skipped]
10:53:10.571282 [debug]: Started analyzing model dbt_schema_gold.fact
10:53:10.571286 [debug]: Finished rendering [  0.00s] model dbt_schema_gold.fact [success]
10:53:10.572353 [debug]: Compiled SQL for node model.aws_dbt_snowflake_project.obt at target\.lsp\compiled\models\gold\obt.sql
10:53:10.572460 [debug]: Started analyzing model dbt_schema_gold.obt
10:53:10.572851 [debug]: Finished rendering [  0.00s] model dbt_schema_gold.obt [success]
10:53:10.933150 [info ]: Loading ~/.dbt/profiles.yml
10:53:11.304808 [debug]: Query executed on node model.aws_dbt_snowflake_project.obt:
describe table "AIRBNB"."SILVER"."SILVER_LISTINGS"
10:53:11.311376 [debug]: Query executed on node model.aws_dbt_snowflake_project.obt:
describe table "AIRBNB"."SILVER"."SILVER_HOSTS"
10:53:11.313302 [debug]: Query executed on node model.aws_dbt_snowflake_project.fact:
describe table "AIRBNB"."GOLD"."OBT"
10:53:11.315052 [debug]: Query executed on node model.aws_dbt_snowflake_project.fact:
describe table "AIRBNB"."GOLD"."DIM_HOSTS"
10:53:11.485188 [debug]: Query executed on node model.aws_dbt_snowflake_project.obt:
describe table "AIRBNB"."SILVER"."SILVER_BOOKINGS"
10:53:11.492394 [debug]: Query executed on node model.aws_dbt_snowflake_project.fact:
describe table "AIRBNB"."GOLD"."DIM_LISTINGS"
10:53:11.799675 [debug]: Schema hydration: registering 3 schemas from db_runner
10:53:11.799709 [debug]: Schema hydration: parsing FQN string '"AIRBNB"."SILVER"."SILVER_BOOKINGS"'
10:53:11.799726 [debug]: Schema hydration: registering cfqn=AIRBNB.SILVER.SILVER_BOOKINGS (catalog='AIRBNB', schema='SILVER', table='SILVER_BOOKINGS')
10:53:11.800357 [debug]: Schema hydration: registration succeeded for AIRBNB.SILVER.SILVER_BOOKINGS, exists_check=true
10:53:11.800377 [debug]: Schema hydration: parsing FQN string '"AIRBNB"."SILVER"."SILVER_HOSTS"'
10:53:11.800386 [debug]: Schema hydration: registering cfqn=AIRBNB.SILVER.SILVER_HOSTS (catalog='AIRBNB', schema='SILVER', table='SILVER_HOSTS')
10:53:11.801088 [debug]: Schema hydration: registration succeeded for AIRBNB.SILVER.SILVER_HOSTS, exists_check=true
10:53:11.801108 [debug]: Schema hydration: parsing FQN string '"AIRBNB"."SILVER"."SILVER_LISTINGS"'
10:53:11.801118 [debug]: Schema hydration: registering cfqn=AIRBNB.SILVER.SILVER_LISTINGS (catalog='AIRBNB', schema='SILVER', table='SILVER_LISTINGS')
10:53:11.801772 [debug]: Schema hydration: registration succeeded for AIRBNB.SILVER.SILVER_LISTINGS, exists_check=true
10:53:11.809706 [info ]:  Succeeded [  1.24s] model dbt_schema_gold.obt (table)
10:53:11.809750 [debug]: Finished analyzing [  1.24s] model dbt_schema_gold.obt [success]
10:53:11.809783 [info ]: Started model dbt_schema_gold.bookings
10:53:11.809803 [debug]: Started rendering model dbt_schema_gold.bookings
10:53:11.809827 [info ]: Started model dbt_schema_gold.hosts
10:53:11.809838 [debug]: Started rendering model dbt_schema_gold.hosts
10:53:11.809856 [info ]: Started model dbt_schema_gold.listings
10:53:11.809866 [debug]: Started rendering model dbt_schema_gold.listings
10:53:11.815717 [debug]: Compiled SQL for node model.aws_dbt_snowflake_project.listings at target\.lsp\compiled\models\gold\ephemeral\listings.sql
10:53:11.815839 [debug]: Started analyzing model dbt_schema_gold.listings
10:53:11.816148 [debug]: Compiled SQL for node model.aws_dbt_snowflake_project.bookings at target\.lsp\compiled\models\gold\ephemeral\bookings.sql
10:53:11.816217 [debug]: Started analyzing model dbt_schema_gold.bookings
10:53:11.816548 [debug]: Finished rendering [  0.01s] model dbt_schema_gold.listings [success]
10:53:11.816591 [debug]: Finished rendering [  0.01s] model dbt_schema_gold.bookings [success]
10:53:11.818552 [info ]:  Succeeded [  0.01s] model dbt_schema_gold.bookings (ephemeral)
10:53:11.818599 [debug]: Finished analyzing [  0.00s] model dbt_schema_gold.bookings [success]
10:53:11.818642 [debug]: Compiled SQL for node model.aws_dbt_snowflake_project.hosts at target\.lsp\compiled\models\gold\ephemeral\hosts.sql
10:53:11.818726 [debug]: Finished rendering [  0.01s] model dbt_schema_gold.hosts [success]
10:53:11.818748 [info ]: Finished rendering [  1.25s] (11 nodes, 0 skipped, 5 errors)
10:53:11.818897 [debug]: Started analyzing model dbt_schema_gold.hosts
10:53:11.819411 [info ]:  Succeeded [  0.01s] model dbt_schema_gold.listings (ephemeral)
10:53:11.819445 [debug]: Finished analyzing [  0.00s] model dbt_schema_gold.listings [success]
10:53:11.821835 [info ]:  Succeeded [  0.01s] model dbt_schema_gold.hosts (ephemeral)
10:53:11.821883 [debug]: Finished analyzing [  0.00s] model dbt_schema_gold.hosts [success]
10:53:11.847078 [debug]: Schema hydration: registering 3 schemas from db_runner
10:53:11.847109 [debug]: Schema hydration: parsing FQN string '"AIRBNB"."GOLD"."DIM_HOSTS"'
10:53:11.847125 [debug]: Schema hydration: registering cfqn=AIRBNB.GOLD.DIM_HOSTS (catalog='AIRBNB', schema='GOLD', table='DIM_HOSTS')
10:53:11.848045 [debug]: Schema hydration: registration succeeded for AIRBNB.GOLD.DIM_HOSTS, exists_check=true
10:53:11.848067 [debug]: Schema hydration: parsing FQN string '"AIRBNB"."GOLD"."DIM_LISTINGS"'
10:53:11.848080 [debug]: Schema hydration: registering cfqn=AIRBNB.GOLD.DIM_LISTINGS (catalog='AIRBNB', schema='GOLD', table='DIM_LISTINGS')
10:53:11.848842 [debug]: Schema hydration: registration succeeded for AIRBNB.GOLD.DIM_LISTINGS, exists_check=true
10:53:11.848866 [debug]: Schema hydration: parsing FQN string '"AIRBNB"."GOLD"."OBT"'
10:53:11.848878 [debug]: Schema hydration: registering cfqn=AIRBNB.GOLD.OBT (catalog='AIRBNB', schema='GOLD', table='OBT')
10:53:11.849768 [debug]: Schema hydration: registration succeeded for AIRBNB.GOLD.OBT, exists_check=true
10:53:11.857492 [info ]:  Succeeded [  1.29s] model dbt_schema_gold.fact (table)
10:53:11.857546 [debug]: Finished analyzing [  1.29s] model dbt_schema_gold.fact [success]
10:53:11.857558 [info ]: Finished analyzing [  1.29s] (11 nodes, 6 skipped, 0 errors)
10:53:11.864891 [info ]: Cached model count updated: 8 models (accurate)
10:56:11.985304 [info ]: Started loading project
10:56:11.986223 [info ]: Loading ~/.dbt/profiles.yml
10:56:11.991424 [info ]: Started loading project
10:56:11.992183 [info ]: Loading ~/.dbt/profiles.yml
10:56:11.992219 [info ]: Finished loading project [  0.01s]
10:56:11.995984 [debug]:    Started loading packages
10:56:11.998867 [debug]:     Loaded [  0.00s] packages
10:56:11.999492 [info ]: Started parsing
10:56:12.022801 [info ]: Finished loading project [  0.03s]
10:56:12.042094 [debug]: Finished parsing snapshots\dim_bookings.yml [  0.01s]
10:56:12.059960 [debug]: Finished parsing target\snapshots\dim_bookings.sql [  0.01s]
10:56:12.061364 [debug]: Finished parsing models\gold\ephemeral\bookings.sql [  0.00s]
10:56:12.062059 [debug]: Finished parsing models\gold\ephemeral\hosts.sql [  0.00s]
10:56:12.062647 [debug]: Finished parsing models\gold\ephemeral\listings.sql [  0.00s]
10:56:12.063268 [debug]: Finished parsing models\gold\fact.sql [  0.00s]
10:56:12.064064 [debug]: Finished parsing models\gold\obt.sql [  0.00s]
10:56:12.064874 [debug]: Finished parsing models\silver\silver_bookings.sql [  0.00s]
10:56:12.065636 [debug]: Finished parsing models\silver\silver_hosts.sql [  0.00s]
10:56:12.068878 [debug]: Finished parsing models\silver\silver_listings.sql [  0.00s]
10:56:12.069425 [debug]: Finished parsing analyses\explore.sql [  0.00s]
10:56:12.069835 [debug]: Finished parsing analyses\if_else.sql [  0.00s]
10:56:12.071427 [debug]: Finished parsing analyses\loop.sql [  0.00s]
10:56:12.072618 [debug]: Finished parsing tests\source_tests.sql [  0.00s]
10:56:12.073027 [error]: dbt1005: Ref 'bronze_bookings' not found in project. Searched for 'aws_dbt_snowflake_project.bronze_bookings, bronze_bookings'
  --> models\silver\silver_bookings.sql:16:6
10:56:12.073050 [error]: dbt1005: Ref 'bronze_hosts' not found in project. Searched for 'aws_dbt_snowflake_project.bronze_hosts, bronze_hosts'
  --> models\silver\silver_hosts.sql:17:5
10:56:12.073060 [error]: dbt1005: Ref 'bronze_listings' not found in project. Searched for 'aws_dbt_snowflake_project.bronze_listings, bronze_listings'
  --> models\silver\silver_listings.sql:17:5
10:56:12.073075 [warn ]: dbt1005: Source 'staging.bookings' not found in project. Searched for 'bookings'
  --> tests\source_tests.sql:8:2
10:56:12.073113 [error]: dbt1005: Ref 'bronze_bookings' not found in project. Searched for 'aws_dbt_snowflake_project.bronze_bookings, bronze_bookings'
  --> analyses\if_else.sql:4:15
10:56:12.073125 [error]: dbt1005: Ref 'bronze_bookings' not found in project. Searched for 'aws_dbt_snowflake_project.bronze_bookings, bronze_bookings'
  --> analyses\loop.sql:8:6
10:56:12.073962 [info ]: Cached model count updated: 8 models (estimate)
10:56:12.073984 [info ]: Cached model count updated: 8 models (accurate)
10:56:12.074066 [info ]: Started scheduling
10:56:12.074584 [info ]: Finished scheduling [  0.00s]
10:56:12.074617 [info ]: Started scheduling
10:56:12.074691 [info ]: Finished scheduling [  0.00s]
10:56:12.074755 [debug]: Initializing schema store with entry: Selected("snapshot.aws_dbt_snowflake_project.dim_bookings") and interval: None
10:56:12.075788 [info ]: Started deferring state
10:56:12.075809 [info ]: Finished deferring state [  0.00s]
10:56:12.076189 [info ]: Started downloading schemas
10:56:12.076241 [debug]:    Started downloading relations
10:56:12.076270 [debug]:   Finished [  0.00s] downloading relations
10:56:12.076442 [info ]: Finished parsing [  0.08s]
10:56:12.900400 [debug]: Query executed on node unknown:
describe table "AIRBNB"."DBT_SCHEMA_SILVER"."SILVER_HOSTS"
10:56:12.904464 [debug]: Query executed on node unknown:
describe table "AIRBNB"."DBT_SCHEMA_SILVER"."SILVER_BOOKINGS"
10:56:14.082784 [debug]: Query executed on node unknown:
describe table "AIRBNB"."DBT_SCHEMA_SILVER"."SILVER_LISTINGS"
10:56:15.418389 [info ]: Finished downloading schemas [  3.34s]
10:56:15.567031 [info ]: Started building task graph
10:56:15.567207 [info ]: Finished building task graph [  0.00s]
10:56:15.567416 [info ]: Started rendering (12 nodes)
10:56:15.567432 [info ]: Started model dbt_schema_silver.silver_listings
10:56:15.567462 [debug]: Started rendering model dbt_schema_silver.silver_listings
10:56:15.567480 [info ]: Started model dbt_schema_silver.silver_hosts
10:56:15.567485 [debug]: Started rendering model dbt_schema_silver.silver_hosts
10:56:15.567505 [info ]: Started model dbt_schema_gold.fact
10:56:15.567511 [debug]: Started rendering model dbt_schema_gold.fact
10:56:15.567520 [info ]: Started model dbt_schema_gold.obt
10:56:15.567540 [debug]: Started rendering model dbt_schema_gold.obt
10:56:15.567551 [info ]: Started analysis dbt_schema.loop
10:56:15.567557 [debug]: Started rendering analysis dbt_schema.loop
10:56:15.567566 [info ]: Started analysis dbt_schema.if_else
10:56:15.567573 [debug]: Started rendering analysis dbt_schema.if_else
10:56:15.567580 [info ]: Started analysis dbt_schema.explore
10:56:15.567585 [debug]: Started rendering analysis dbt_schema.explore
10:56:15.567594 [info ]: Started model dbt_schema_silver.silver_bookings
10:56:15.567600 [debug]: Started rendering model dbt_schema_silver.silver_bookings
10:56:15.568465 [error]: dbt1501: Failed to render SQL not a key type: ref not found for package: aws_dbt_snowflake_project, model: bronze_bookings, version: None
(in analyses\if_else.sql:4:15)
  --> analyses\if_else.sql:4:15
10:56:15.568520 [info ]: Started analyzing (12 nodes)
10:56:15.568539 [debug]: Started analyzing analysis dbt_schema.if_else
10:56:15.568566 [info ]:     Failed [-------] analysis dbt_schema.if_else (analysis)
10:56:15.568591 [debug]: Finished analyzing [  0.00s] analysis dbt_schema.if_else [skipped]
10:56:15.568624 [error]: dbt1501: Failed to render SQL not a key type: ref not found for package: aws_dbt_snowflake_project, model: bronze_hosts, version: None
(in models\silver\silver_hosts.sql:17:5)
  --> models\silver\silver_hosts.sql:17:5
10:56:15.568648 [debug]: Started analyzing model dbt_schema_silver.silver_hosts
10:56:15.568660 [debug]: Finished rendering [  0.00s] analysis dbt_schema.if_else [error]
10:56:15.568666 [info ]:     Failed [  0.00s] model dbt_schema_silver.silver_hosts (incremental)
10:56:15.568680 [debug]: Finished analyzing [  0.00s] model dbt_schema_silver.silver_hosts [skipped]
10:56:15.568706 [error]: dbt1501: Failed to render SQL not a key type: ref not found for package: aws_dbt_snowflake_project, model: bronze_bookings, version: None
(in models\silver\silver_bookings.sql:16:6)
  --> models\silver\silver_bookings.sql:16:6
10:56:15.568738 [debug]: Started analyzing model dbt_schema_silver.silver_bookings
10:56:15.568742 [debug]: Finished rendering [  0.00s] model dbt_schema_silver.silver_hosts [error]
10:56:15.568752 [info ]:     Failed [  0.00s] model dbt_schema_silver.silver_bookings (incremental)
10:56:15.568767 [debug]: Finished analyzing [  0.00s] model dbt_schema_silver.silver_bookings [skipped]
10:56:15.568774 [debug]: Finished rendering [  0.00s] model dbt_schema_silver.silver_bookings [error]
10:56:15.568788 [error]: dbt1501: Failed to render SQL not a key type: ref not found for package: aws_dbt_snowflake_project, model: bronze_bookings, version: None
(in analyses\loop.sql:8:6)
  --> analyses\loop.sql:8:6
10:56:15.568808 [debug]: Started analyzing analysis dbt_schema.loop
10:56:15.568824 [info ]:     Failed [  0.00s] analysis dbt_schema.loop (analysis)
10:56:15.568838 [debug]: Finished analyzing [  0.00s] analysis dbt_schema.loop [skipped]
10:56:15.568861 [error]: dbt1501: Failed to render SQL not a key type: ref not found for package: aws_dbt_snowflake_project, model: bronze_listings, version: None
(in models\silver\silver_listings.sql:17:5)
  --> models\silver\silver_listings.sql:17:5
10:56:15.568879 [debug]: Started analyzing model dbt_schema_silver.silver_listings
10:56:15.568884 [debug]: Finished rendering [  0.00s] analysis dbt_schema.loop [error]
10:56:15.568891 [info ]:     Failed [  0.00s] model dbt_schema_silver.silver_listings (incremental)
10:56:15.568903 [debug]: Finished analyzing [  0.00s] model dbt_schema_silver.silver_listings [skipped]
10:56:15.568931 [debug]: Finished rendering [  0.00s] model dbt_schema_silver.silver_listings [error]
10:56:15.569799 [debug]: Compiled SQL for node analysis.aws_dbt_snowflake_project.explore at target\.lsp\compiled\analyses\explore.sql
10:56:15.569880 [debug]: Finished rendering [  0.00s] analysis dbt_schema.explore [success]
10:56:15.569916 [debug]: Started analyzing analysis dbt_schema.explore
10:56:15.569944 [info ]:    Skipped [-------] analysis dbt_schema.explore (analysis)
10:56:15.569962 [debug]: Finished analyzing [  0.00s] analysis dbt_schema.explore [skipped]
10:56:15.569987 [debug]: Compiled SQL for node model.aws_dbt_snowflake_project.fact at target\.lsp\compiled\models\gold\fact.sql
10:56:15.570020 [debug]: Started analyzing model dbt_schema_gold.fact
10:56:15.570080 [debug]: Finished rendering [  0.00s] model dbt_schema_gold.fact [success]
10:56:15.571042 [debug]: Compiled SQL for node model.aws_dbt_snowflake_project.obt at target\.lsp\compiled\models\gold\obt.sql
10:56:15.571148 [debug]: Started analyzing model dbt_schema_gold.obt
10:56:15.571661 [debug]: Finished rendering [  0.00s] model dbt_schema_gold.obt [success]
10:56:16.272998 [debug]: Query executed on node model.aws_dbt_snowflake_project.obt:
describe table "AIRBNB"."SILVER"."SILVER_LISTINGS"
10:56:16.284564 [debug]: Query executed on node model.aws_dbt_snowflake_project.obt:
describe table "AIRBNB"."SILVER"."SILVER_BOOKINGS"
10:56:16.287579 [debug]: Query executed on node model.aws_dbt_snowflake_project.fact:
describe table "AIRBNB"."GOLD"."DIM_LISTINGS"
10:56:16.310345 [debug]: Query executed on node model.aws_dbt_snowflake_project.fact:
describe table "AIRBNB"."GOLD"."DIM_HOSTS"
10:56:16.386871 [debug]: Query executed on node model.aws_dbt_snowflake_project.fact:
describe table "AIRBNB"."GOLD"."OBT"
10:56:16.573205 [debug]: Query executed on node model.aws_dbt_snowflake_project.obt:
describe table "AIRBNB"."SILVER"."SILVER_HOSTS"
10:56:16.791870 [debug]: Schema hydration: registering 3 schemas from db_runner
10:56:16.791924 [debug]: Schema hydration: parsing FQN string '"AIRBNB"."SILVER"."SILVER_LISTINGS"'
10:56:16.791956 [debug]: Schema hydration: registering cfqn=AIRBNB.SILVER.SILVER_LISTINGS (catalog='AIRBNB', schema='SILVER', table='SILVER_LISTINGS')
10:56:16.793706 [debug]: Schema hydration: registration succeeded for AIRBNB.SILVER.SILVER_LISTINGS, exists_check=true
10:56:16.793735 [debug]: Schema hydration: parsing FQN string '"AIRBNB"."SILVER"."SILVER_BOOKINGS"'
10:56:16.793752 [debug]: Schema hydration: registering cfqn=AIRBNB.SILVER.SILVER_BOOKINGS (catalog='AIRBNB', schema='SILVER', table='SILVER_BOOKINGS')
10:56:16.794911 [debug]: Schema hydration: registration succeeded for AIRBNB.SILVER.SILVER_BOOKINGS, exists_check=true
10:56:16.794938 [debug]: Schema hydration: parsing FQN string '"AIRBNB"."SILVER"."SILVER_HOSTS"'
10:56:16.794953 [debug]: Schema hydration: registering cfqn=AIRBNB.SILVER.SILVER_HOSTS (catalog='AIRBNB', schema='SILVER', table='SILVER_HOSTS')
10:56:16.796052 [debug]: Schema hydration: registration succeeded for AIRBNB.SILVER.SILVER_HOSTS, exists_check=true
10:56:16.814792 [info ]:  Succeeded [  1.25s] model dbt_schema_gold.obt (table)
10:56:16.814864 [debug]: Finished analyzing [  1.24s] model dbt_schema_gold.obt [success]
10:56:16.814933 [info ]: Started model dbt_schema_gold.bookings
10:56:16.814975 [debug]: Started rendering model dbt_schema_gold.bookings
10:56:16.815029 [info ]: Started model dbt_schema_gold.listings
10:56:16.815054 [debug]: Started rendering model dbt_schema_gold.listings
10:56:16.815093 [info ]: Started model dbt_schema_gold.hosts
10:56:16.815116 [debug]: Started rendering model dbt_schema_gold.hosts
10:56:16.815935 [debug]: Schema hydration: registering 3 schemas from db_runner
10:56:16.815975 [debug]: Schema hydration: parsing FQN string '"AIRBNB"."GOLD"."DIM_LISTINGS"'
10:56:16.816003 [debug]: Schema hydration: registering cfqn=AIRBNB.GOLD.DIM_LISTINGS (catalog='AIRBNB', schema='GOLD', table='DIM_LISTINGS')
10:56:16.818413 [debug]: Schema hydration: registration succeeded for AIRBNB.GOLD.DIM_LISTINGS, exists_check=true
10:56:16.818461 [debug]: Schema hydration: parsing FQN string '"AIRBNB"."GOLD"."DIM_HOSTS"'
10:56:16.818492 [debug]: Schema hydration: registering cfqn=AIRBNB.GOLD.DIM_HOSTS (catalog='AIRBNB', schema='GOLD', table='DIM_HOSTS')
10:56:16.820310 [debug]: Schema hydration: registration succeeded for AIRBNB.GOLD.DIM_HOSTS, exists_check=true
10:56:16.820350 [debug]: Schema hydration: parsing FQN string '"AIRBNB"."GOLD"."OBT"'
10:56:16.820376 [debug]: Schema hydration: registering cfqn=AIRBNB.GOLD.OBT (catalog='AIRBNB', schema='GOLD', table='OBT')
10:56:16.822460 [debug]: Schema hydration: registration succeeded for AIRBNB.GOLD.OBT, exists_check=true
10:56:16.825595 [debug]: Compiled SQL for node model.aws_dbt_snowflake_project.hosts at target\.lsp\compiled\models\gold\ephemeral\hosts.sql
10:56:16.825760 [debug]: Started analyzing model dbt_schema_gold.hosts
10:56:16.825891 [debug]: Finished rendering [  0.01s] model dbt_schema_gold.hosts [success]
10:56:16.830256 [debug]: Compiled SQL for node model.aws_dbt_snowflake_project.listings at target\.lsp\compiled\models\gold\ephemeral\listings.sql
10:56:16.830430 [debug]: Started analyzing model dbt_schema_gold.listings
10:56:16.831651 [info ]:  Succeeded [  0.01s] model dbt_schema_gold.hosts (ephemeral)
10:56:16.831688 [debug]: Finished analyzing [  0.01s] model dbt_schema_gold.hosts [success]
10:56:16.831725 [debug]: Finished rendering [  0.02s] model dbt_schema_gold.listings [success]
10:56:16.833465 [info ]:  Succeeded [  0.02s] model dbt_schema_gold.listings (ephemeral)
10:56:16.833509 [debug]: Finished analyzing [  0.00s] model dbt_schema_gold.listings [success]
10:56:16.833557 [debug]: Compiled SQL for node model.aws_dbt_snowflake_project.bookings at target\.lsp\compiled\models\gold\ephemeral\bookings.sql
10:56:16.833612 [debug]: Started analyzing model dbt_schema_gold.bookings
10:56:16.834081 [debug]: Finished rendering [  0.02s] model dbt_schema_gold.bookings [success]
10:56:16.836158 [info ]:  Succeeded [  0.02s] model dbt_schema_gold.bookings (ephemeral)
10:56:16.836202 [debug]: Finished analyzing [  0.00s] model dbt_schema_gold.bookings [success]
10:56:16.836257 [info ]: Started snapshot dbt_schema_gold.dim_bookings
10:56:16.836276 [debug]: Started rendering snapshot dbt_schema_gold.dim_bookings
10:56:16.838855 [info ]:  Succeeded [  1.27s] model dbt_schema_gold.fact (table)
10:56:16.838891 [debug]: Finished analyzing [  1.27s] model dbt_schema_gold.fact [success]
10:56:16.849145 [debug]: Compiled SQL for node snapshot.aws_dbt_snowflake_project.dim_bookings at target\.lsp\compiled\snapshots\dim_bookings.sql
10:56:16.849248 [debug]: Finished rendering [  0.01s] snapshot dbt_schema_gold.dim_bookings [success]
10:56:16.849271 [info ]: Finished rendering [  1.28s] (12 nodes, 0 skipped, 5 errors)
10:56:16.849308 [debug]: Started analyzing snapshot dbt_schema_gold.dim_bookings
10:56:16.876713 [info ]:  Succeeded [  0.04s] snapshot dbt_schema_gold.dim_bookings (table)
10:56:16.876750 [debug]: Finished analyzing [  0.03s] snapshot dbt_schema_gold.dim_bookings [success]
10:56:16.876759 [info ]: Finished analyzing [  1.31s] (12 nodes, 6 skipped, 0 errors)
10:56:16.882400 [info ]: Cached model count updated: 8 models (accurate)
10:56:22.673623 [info ]: Started loading project
10:56:22.674522 [info ]: Loading ~/.dbt/profiles.yml
10:56:22.680437 [info ]: Started loading project
10:56:22.681215 [info ]: Loading ~/.dbt/profiles.yml
10:56:22.681339 [info ]: Finished loading project [  0.01s]
10:56:22.685756 [debug]:    Started loading packages
10:56:22.689369 [debug]:     Loaded [  0.00s] packages
10:56:22.690015 [info ]: Started parsing
10:56:22.712118 [info ]: Finished loading project [  0.03s]
10:56:22.713351 [debug]: Finished parsing snapshots\dim_bookings.yml [  0.00s]
10:56:22.713581 [debug]: Finished parsing snapshots\dim_hosts.yml [  0.00s]
10:56:22.716984 [debug]: Finished parsing target\snapshots\dim_bookings.sql [  0.00s]
10:56:22.718318 [debug]: Finished parsing models\gold\ephemeral\bookings.sql [  0.00s]
10:56:22.718965 [debug]: Finished parsing models\gold\ephemeral\hosts.sql [  0.00s]
10:56:22.720007 [debug]: Finished parsing models\gold\ephemeral\listings.sql [  0.00s]
10:56:22.720982 [debug]: Finished parsing models\gold\fact.sql [  0.00s]
10:56:22.722142 [debug]: Finished parsing models\gold\obt.sql [  0.00s]
10:56:22.723359 [debug]: Finished parsing models\silver\silver_bookings.sql [  0.00s]
10:56:22.724406 [debug]: Finished parsing models\silver\silver_hosts.sql [  0.00s]
10:56:22.728008 [debug]: Finished parsing models\silver\silver_listings.sql [  0.00s]
10:56:22.728727 [debug]: Finished parsing analyses\explore.sql [  0.00s]
10:56:22.729387 [debug]: Finished parsing analyses\if_else.sql [  0.00s]
10:56:22.731150 [debug]: Finished parsing analyses\loop.sql [  0.00s]
10:56:22.732523 [debug]: Finished parsing tests\source_tests.sql [  0.00s]
10:56:22.732888 [error]: dbt1005: Ref 'bronze_bookings' not found in project. Searched for 'aws_dbt_snowflake_project.bronze_bookings, bronze_bookings'
  --> models\silver\silver_bookings.sql:16:6
10:56:22.732919 [error]: dbt1005: Ref 'bronze_hosts' not found in project. Searched for 'aws_dbt_snowflake_project.bronze_hosts, bronze_hosts'
  --> models\silver\silver_hosts.sql:17:5
10:56:22.732944 [error]: dbt1005: Ref 'bronze_listings' not found in project. Searched for 'aws_dbt_snowflake_project.bronze_listings, bronze_listings'
  --> models\silver\silver_listings.sql:17:5
10:56:22.732954 [warn ]: dbt1005: Source 'staging.bookings' not found in project. Searched for 'bookings'
  --> tests\source_tests.sql:8:2
10:56:22.732969 [error]: dbt1005: Ref 'bronze_bookings' not found in project. Searched for 'aws_dbt_snowflake_project.bronze_bookings, bronze_bookings'
  --> analyses\if_else.sql:4:15
10:56:22.732981 [error]: dbt1005: Ref 'bronze_bookings' not found in project. Searched for 'aws_dbt_snowflake_project.bronze_bookings, bronze_bookings'
  --> analyses\loop.sql:8:6
10:56:22.733570 [info ]: Cached model count updated: 8 models (estimate)
10:56:22.733579 [info ]: Cached model count updated: 8 models (accurate)
10:56:22.733609 [info ]: Started scheduling
10:56:22.733705 [info ]: Finished scheduling [  0.00s]
10:56:22.733720 [info ]: Started scheduling
10:56:22.733832 [info ]: Finished scheduling [  0.00s]
10:56:22.733875 [debug]: Initializing schema store with entry: Selected("snapshot.aws_dbt_snowflake_project.dim_bookings") and interval: None
10:56:22.734626 [info ]: Started deferring state
10:56:22.734653 [info ]: Finished deferring state [  0.00s]
10:56:22.734990 [info ]: Started downloading schemas
10:56:22.735049 [debug]:    Started downloading relations
10:56:22.735073 [debug]:   Finished [  0.00s] downloading relations
10:56:22.735169 [info ]: Finished parsing [  0.05s]
10:56:23.286627 [debug]: Query executed on node unknown:
describe table "AIRBNB"."DBT_SCHEMA_SILVER"."SILVER_BOOKINGS"
10:56:23.292742 [debug]: Query executed on node unknown:
describe table "AIRBNB"."DBT_SCHEMA_SILVER"."SILVER_HOSTS"
10:56:24.408698 [debug]: Query executed on node unknown:
describe table "AIRBNB"."DBT_SCHEMA_SILVER"."SILVER_LISTINGS"
10:56:25.750632 [info ]: Finished downloading schemas [  3.02s]
10:56:25.906377 [info ]: Started building task graph
10:56:25.906531 [info ]: Finished building task graph [  0.00s]
10:56:25.906756 [info ]: Started rendering (12 nodes)
10:56:25.906782 [info ]: Started model dbt_schema_silver.silver_listings
10:56:25.906810 [debug]: Started rendering model dbt_schema_silver.silver_listings
10:56:25.906832 [info ]: Started model dbt_schema_silver.silver_hosts
10:56:25.906840 [debug]: Started rendering model dbt_schema_silver.silver_hosts
10:56:25.906859 [info ]: Started model dbt_schema_gold.fact
10:56:25.906867 [debug]: Started rendering model dbt_schema_gold.fact
10:56:25.906879 [info ]: Started model dbt_schema_gold.obt
10:56:25.906886 [debug]: Started rendering model dbt_schema_gold.obt
10:56:25.906901 [info ]: Started analysis dbt_schema.loop
10:56:25.906909 [debug]: Started rendering analysis dbt_schema.loop
10:56:25.906924 [info ]: Started analysis dbt_schema.if_else
10:56:25.906932 [debug]: Started rendering analysis dbt_schema.if_else
10:56:25.906954 [info ]: Started analysis dbt_schema.explore
10:56:25.906967 [debug]: Started rendering analysis dbt_schema.explore
10:56:25.906984 [info ]: Started model dbt_schema_silver.silver_bookings
10:56:25.906993 [debug]: Started rendering model dbt_schema_silver.silver_bookings
10:56:25.907869 [error]: dbt1501: Failed to render SQL not a key type: ref not found for package: aws_dbt_snowflake_project, model: bronze_bookings, version: None
(in analyses\loop.sql:8:6)
  --> analyses\loop.sql:8:6
10:56:25.907959 [info ]: Started analyzing (12 nodes)
10:56:25.907982 [debug]: Started analyzing analysis dbt_schema.loop
10:56:25.908006 [info ]:     Failed [  0.00s] analysis dbt_schema.loop (analysis)
10:56:25.908041 [debug]: Finished analyzing [  0.00s] analysis dbt_schema.loop [skipped]
10:56:25.908140 [error]: dbt1501: Failed to render SQL not a key type: ref not found for package: aws_dbt_snowflake_project, model: bronze_bookings, version: None
(in analyses\if_else.sql:4:15)
  --> analyses\if_else.sql:4:15
10:56:25.908167 [debug]: Started analyzing analysis dbt_schema.if_else
10:56:25.908182 [debug]: Finished rendering [  0.00s] analysis dbt_schema.loop [error]
10:56:25.908185 [info ]:     Failed [  0.00s] analysis dbt_schema.if_else (analysis)
10:56:25.908204 [debug]: Finished analyzing [  0.00s] analysis dbt_schema.if_else [skipped]
10:56:25.908229 [error]: dbt1501: Failed to render SQL not a key type: ref not found for package: aws_dbt_snowflake_project, model: bronze_listings, version: None
(in models\silver\silver_listings.sql:17:5)
  --> models\silver\silver_listings.sql:17:5
10:56:25.908248 [debug]: Started analyzing model dbt_schema_silver.silver_listings
10:56:25.908261 [info ]:     Failed [  0.00s] model dbt_schema_silver.silver_listings (incremental)
10:56:25.908274 [debug]: Finished analyzing [  0.00s] model dbt_schema_silver.silver_listings [skipped]
10:56:25.908304 [debug]: Finished rendering [  0.00s] model dbt_schema_silver.silver_listings [error]
10:56:25.908325 [debug]: Finished rendering [  0.00s] analysis dbt_schema.if_else [error]
10:56:25.908402 [error]: dbt1501: Failed to render SQL not a key type: ref not found for package: aws_dbt_snowflake_project, model: bronze_bookings, version: None
(in models\silver\silver_bookings.sql:16:6)
  --> models\silver\silver_bookings.sql:16:6
10:56:25.908452 [debug]: Started analyzing model dbt_schema_silver.silver_bookings
10:56:25.908472 [info ]:     Failed [  0.00s] model dbt_schema_silver.silver_bookings (incremental)
10:56:25.908490 [debug]: Finished analyzing [  0.00s] model dbt_schema_silver.silver_bookings [skipped]
10:56:25.908568 [error]: dbt1501: Failed to render SQL not a key type: ref not found for package: aws_dbt_snowflake_project, model: bronze_hosts, version: None
(in models\silver\silver_hosts.sql:17:5)
  --> models\silver\silver_hosts.sql:17:5
10:56:25.908592 [debug]: Started analyzing model dbt_schema_silver.silver_hosts
10:56:25.908607 [info ]:     Failed [  0.00s] model dbt_schema_silver.silver_hosts (incremental)
10:56:25.908610 [debug]: Finished rendering [  0.00s] model dbt_schema_silver.silver_bookings [error]
10:56:25.908620 [debug]: Finished analyzing [  0.00s] model dbt_schema_silver.silver_hosts [skipped]
10:56:25.908645 [debug]: Finished rendering [  0.00s] model dbt_schema_silver.silver_hosts [error]
10:56:25.911693 [debug]: Compiled SQL for node analysis.aws_dbt_snowflake_project.explore at target\.lsp\compiled\analyses\explore.sql
10:56:25.912190 [debug]: Finished rendering [  0.01s] analysis dbt_schema.explore [success]
10:56:25.912649 [debug]: Started analyzing analysis dbt_schema.explore
10:56:25.912705 [info ]:    Skipped [-------] analysis dbt_schema.explore (analysis)
10:56:25.912730 [debug]: Finished analyzing [  0.00s] analysis dbt_schema.explore [skipped]
10:56:25.914868 [debug]: Compiled SQL for node model.aws_dbt_snowflake_project.obt at target\.lsp\compiled\models\gold\obt.sql
10:56:25.915061 [debug]: Started analyzing model dbt_schema_gold.obt
10:56:25.915170 [debug]: Compiled SQL for node model.aws_dbt_snowflake_project.fact at target\.lsp\compiled\models\gold\fact.sql
10:56:25.915229 [debug]: Started analyzing model dbt_schema_gold.fact
10:56:25.915354 [debug]: Finished rendering [  0.01s] model dbt_schema_gold.fact [success]
10:56:25.915529 [debug]: Finished rendering [  0.01s] model dbt_schema_gold.obt [success]
10:56:26.528887 [debug]: Query executed on node model.aws_dbt_snowflake_project.fact:
describe table "AIRBNB"."GOLD"."DIM_LISTINGS"
10:56:26.529807 [debug]: Query executed on node model.aws_dbt_snowflake_project.fact:
describe table "AIRBNB"."GOLD"."OBT"
10:56:26.529941 [debug]: Query executed on node model.aws_dbt_snowflake_project.obt:
describe table "AIRBNB"."SILVER"."SILVER_LISTINGS"
10:56:26.531195 [debug]: Query executed on node model.aws_dbt_snowflake_project.obt:
describe table "AIRBNB"."SILVER"."SILVER_BOOKINGS"
10:56:26.638598 [debug]: Query executed on node model.aws_dbt_snowflake_project.obt:
describe table "AIRBNB"."SILVER"."SILVER_HOSTS"
10:56:26.640656 [debug]: Query executed on node model.aws_dbt_snowflake_project.fact:
describe table "AIRBNB"."GOLD"."DIM_HOSTS"
10:56:26.922747 [debug]: Schema hydration: registering 3 schemas from db_runner
10:56:26.922791 [debug]: Schema hydration: parsing FQN string '"AIRBNB"."GOLD"."DIM_HOSTS"'
10:56:26.922812 [debug]: Schema hydration: registering cfqn=AIRBNB.GOLD.DIM_HOSTS (catalog='AIRBNB', schema='GOLD', table='DIM_HOSTS')
10:56:26.924489 [debug]: Schema hydration: registration succeeded for AIRBNB.GOLD.DIM_HOSTS, exists_check=true
10:56:26.924524 [debug]: Schema hydration: parsing FQN string '"AIRBNB"."GOLD"."OBT"'
10:56:26.924544 [debug]: Schema hydration: registering cfqn=AIRBNB.GOLD.OBT (catalog='AIRBNB', schema='GOLD', table='OBT')
10:56:26.925967 [debug]: Schema hydration: registration succeeded for AIRBNB.GOLD.OBT, exists_check=true
10:56:26.925998 [debug]: Schema hydration: parsing FQN string '"AIRBNB"."GOLD"."DIM_LISTINGS"'
10:56:26.926015 [debug]: Schema hydration: registering cfqn=AIRBNB.GOLD.DIM_LISTINGS (catalog='AIRBNB', schema='GOLD', table='DIM_LISTINGS')
10:56:26.927185 [debug]: Schema hydration: registration succeeded for AIRBNB.GOLD.DIM_LISTINGS, exists_check=true
10:56:26.933013 [debug]: Schema hydration: registering 3 schemas from db_runner
10:56:26.933066 [debug]: Schema hydration: parsing FQN string '"AIRBNB"."SILVER"."SILVER_BOOKINGS"'
10:56:26.933098 [debug]: Schema hydration: registering cfqn=AIRBNB.SILVER.SILVER_BOOKINGS (catalog='AIRBNB', schema='SILVER', table='SILVER_BOOKINGS')
10:56:26.935339 [debug]: Schema hydration: registration succeeded for AIRBNB.SILVER.SILVER_BOOKINGS, exists_check=true
10:56:26.935434 [debug]: Schema hydration: parsing FQN string '"AIRBNB"."SILVER"."SILVER_LISTINGS"'
10:56:26.935467 [debug]: Schema hydration: registering cfqn=AIRBNB.SILVER.SILVER_LISTINGS (catalog='AIRBNB', schema='SILVER', table='SILVER_LISTINGS')
10:56:26.937825 [debug]: Schema hydration: registration succeeded for AIRBNB.SILVER.SILVER_LISTINGS, exists_check=true
10:56:26.937875 [debug]: Schema hydration: parsing FQN string '"AIRBNB"."SILVER"."SILVER_HOSTS"'
10:56:26.937905 [debug]: Schema hydration: registering cfqn=AIRBNB.SILVER.SILVER_HOSTS (catalog='AIRBNB', schema='SILVER', table='SILVER_HOSTS')
10:56:26.939624 [debug]: Schema hydration: registration succeeded for AIRBNB.SILVER.SILVER_HOSTS, exists_check=true
10:56:26.943986 [info ]:  Succeeded [  1.04s] model dbt_schema_gold.fact (table)
10:56:26.944021 [debug]: Finished analyzing [  1.03s] model dbt_schema_gold.fact [success]
10:56:26.947943 [info ]:  Succeeded [  1.04s] model dbt_schema_gold.obt (table)
10:56:26.947976 [debug]: Finished analyzing [  1.03s] model dbt_schema_gold.obt [success]
10:56:26.948001 [info ]: Started model dbt_schema_gold.bookings
10:56:26.948014 [debug]: Started rendering model dbt_schema_gold.bookings
10:56:26.948028 [info ]: Started model dbt_schema_gold.listings
10:56:26.948034 [debug]: Started rendering model dbt_schema_gold.listings
10:56:26.948046 [info ]: Started model dbt_schema_gold.hosts
10:56:26.948052 [debug]: Started rendering model dbt_schema_gold.hosts
10:56:26.950738 [debug]: Compiled SQL for node model.aws_dbt_snowflake_project.bookings at target\.lsp\compiled\models\gold\ephemeral\bookings.sql
10:56:26.950827 [debug]: Started analyzing model dbt_schema_gold.bookings
10:56:26.951223 [debug]: Finished rendering [  0.00s] model dbt_schema_gold.bookings [success]
10:56:26.953245 [debug]: Compiled SQL for node model.aws_dbt_snowflake_project.listings at target\.lsp\compiled\models\gold\ephemeral\listings.sql
10:56:26.953352 [debug]: Started analyzing model dbt_schema_gold.listings
10:56:26.954042 [info ]:  Succeeded [  0.01s] model dbt_schema_gold.bookings (ephemeral)
10:56:26.954080 [debug]: Finished analyzing [  0.00s] model dbt_schema_gold.bookings [success]
10:56:26.954162 [info ]: Started snapshot dbt_schema_gold.dim_bookings
10:56:26.954180 [debug]: Started rendering snapshot dbt_schema_gold.dim_bookings
10:56:26.954205 [debug]: Compiled SQL for node model.aws_dbt_snowflake_project.hosts at target\.lsp\compiled\models\gold\ephemeral\hosts.sql
10:56:26.954256 [debug]: Finished rendering [  0.01s] model dbt_schema_gold.listings [success]
10:56:26.954256 [debug]: Started analyzing model dbt_schema_gold.hosts
10:56:26.954272 [debug]: Finished rendering [  0.01s] model dbt_schema_gold.hosts [success]
10:56:26.956007 [info ]:  Succeeded [  0.01s] model dbt_schema_gold.listings (ephemeral)
10:56:26.956053 [debug]: Finished analyzing [  0.00s] model dbt_schema_gold.listings [success]
10:56:26.956610 [info ]:  Succeeded [  0.01s] model dbt_schema_gold.hosts (ephemeral)
10:56:26.956647 [debug]: Finished analyzing [  0.00s] model dbt_schema_gold.hosts [success]
10:56:26.957623 [debug]: Compiled SQL for node snapshot.aws_dbt_snowflake_project.dim_bookings at target\.lsp\compiled\snapshots\dim_bookings.sql
10:56:26.957769 [debug]: Started analyzing snapshot dbt_schema_gold.dim_bookings
10:56:26.957836 [debug]: Finished rendering [  0.00s] snapshot dbt_schema_gold.dim_bookings [success]
10:56:26.957854 [info ]: Finished rendering [  1.05s] (12 nodes, 0 skipped, 5 errors)
10:56:26.960484 [info ]:  Succeeded [  0.01s] snapshot dbt_schema_gold.dim_bookings (table)
10:56:26.960519 [debug]: Finished analyzing [  0.00s] snapshot dbt_schema_gold.dim_bookings [success]
10:56:26.960527 [info ]: Finished analyzing [  1.05s] (12 nodes, 6 skipped, 0 errors)
10:56:26.967764 [info ]: Cached model count updated: 8 models (accurate)
10:56:29.196910 [info ]: Started loading project
10:56:29.197601 [info ]: Loading ~/.dbt/profiles.yml
10:56:29.201827 [info ]: Started loading project
10:56:29.202494 [info ]: Loading ~/.dbt/profiles.yml
10:56:29.202542 [info ]: Finished loading project [  0.01s]
10:56:29.206380 [debug]:    Started loading packages
10:56:29.209282 [debug]:     Loaded [  0.00s] packages
10:56:29.209930 [info ]: Started parsing
10:56:29.232801 [info ]: Finished loading project [  0.03s]
10:56:29.234385 [debug]: Finished parsing snapshots\dim_bookings.yml [  0.00s]
10:56:29.234872 [debug]: Finished parsing snapshots\dim_hosts.yml [  0.00s]
10:56:29.237747 [debug]: Finished parsing target\snapshots\dim_bookings.sql [  0.00s]
10:56:29.243807 [debug]: Finished parsing target\snapshots\dim_hosts.sql [  0.01s]
10:56:29.245186 [debug]: Finished parsing models\gold\ephemeral\bookings.sql [  0.00s]
10:56:29.245835 [debug]: Finished parsing models\gold\ephemeral\hosts.sql [  0.00s]
10:56:29.246472 [debug]: Finished parsing models\gold\ephemeral\listings.sql [  0.00s]
10:56:29.247223 [debug]: Finished parsing models\gold\fact.sql [  0.00s]
10:56:29.247994 [debug]: Finished parsing models\gold\obt.sql [  0.00s]
10:56:29.248772 [debug]: Finished parsing models\silver\silver_bookings.sql [  0.00s]
10:56:29.249492 [debug]: Finished parsing models\silver\silver_hosts.sql [  0.00s]
10:56:29.252961 [debug]: Finished parsing models\silver\silver_listings.sql [  0.00s]
10:56:29.253653 [debug]: Finished parsing analyses\explore.sql [  0.00s]
10:56:29.254246 [debug]: Finished parsing analyses\if_else.sql [  0.00s]
10:56:29.255886 [debug]: Finished parsing analyses\loop.sql [  0.00s]
10:56:29.257057 [debug]: Finished parsing tests\source_tests.sql [  0.00s]
10:56:29.257682 [error]: dbt1005: Ref 'bronze_bookings' not found in project. Searched for 'aws_dbt_snowflake_project.bronze_bookings, bronze_bookings'
  --> models\silver\silver_bookings.sql:16:6
10:56:29.257703 [error]: dbt1005: Ref 'bronze_hosts' not found in project. Searched for 'aws_dbt_snowflake_project.bronze_hosts, bronze_hosts'
  --> models\silver\silver_hosts.sql:17:5
10:56:29.257727 [error]: dbt1005: Ref 'bronze_listings' not found in project. Searched for 'aws_dbt_snowflake_project.bronze_listings, bronze_listings'
  --> models\silver\silver_listings.sql:17:5
10:56:29.257737 [warn ]: dbt1005: Source 'staging.bookings' not found in project. Searched for 'bookings'
  --> tests\source_tests.sql:8:2
10:56:29.257761 [error]: dbt1005: Ref 'bronze_bookings' not found in project. Searched for 'aws_dbt_snowflake_project.bronze_bookings, bronze_bookings'
  --> analyses\if_else.sql:4:15
10:56:29.257777 [error]: dbt1005: Ref 'bronze_bookings' not found in project. Searched for 'aws_dbt_snowflake_project.bronze_bookings, bronze_bookings'
  --> analyses\loop.sql:8:6
10:56:29.258351 [info ]: Cached model count updated: 8 models (estimate)
10:56:29.258362 [info ]: Cached model count updated: 8 models (accurate)
10:56:29.258397 [info ]: Started scheduling
10:56:29.258509 [info ]: Finished scheduling [  0.00s]
10:56:29.258529 [info ]: Started scheduling
10:56:29.258618 [info ]: Finished scheduling [  0.00s]
10:56:29.258664 [debug]: Initializing schema store with entry: Selected("snapshot.aws_dbt_snowflake_project.dim_bookings") and interval: None
10:56:29.258733 [debug]: Initializing schema store with entry: Selected("snapshot.aws_dbt_snowflake_project.dim_hosts") and interval: None
10:56:29.259455 [info ]: Started deferring state
10:56:29.259478 [info ]: Finished deferring state [  0.00s]
10:56:29.259785 [info ]: Started downloading schemas
10:56:29.259833 [debug]:    Started downloading relations
10:56:29.259853 [debug]:   Finished [  0.00s] downloading relations
10:56:29.259945 [info ]: Finished parsing [  0.05s]
10:56:30.054440 [debug]: Query executed on node unknown:
describe table "AIRBNB"."DBT_SCHEMA_SILVER"."SILVER_BOOKINGS"
10:56:30.063597 [debug]: Query executed on node unknown:
describe table "AIRBNB"."DBT_SCHEMA_SILVER"."SILVER_HOSTS"
10:56:30.915603 [info ]: Started loading project
10:56:30.916356 [info ]: Loading ~/.dbt/profiles.yml
10:56:30.920275 [debug]:    Started loading packages
10:56:30.923382 [debug]:     Loaded [  0.00s] packages
10:56:30.923994 [info ]: Started parsing
10:56:30.945824 [info ]: Finished loading project [  0.03s]
10:56:30.947000 [debug]: Finished parsing snapshots\dim_bookings.yml [  0.00s]
10:56:30.947202 [debug]: Finished parsing snapshots\dim_hosts.yml [  0.00s]
10:56:30.950372 [debug]: Finished parsing target\snapshots\dim_bookings.sql [  0.00s]
10:56:30.951581 [debug]: Finished parsing target\snapshots\dim_hosts.sql [  0.00s]
10:56:30.952914 [debug]: Finished parsing models\gold\ephemeral\bookings.sql [  0.00s]
10:56:30.953690 [debug]: Finished parsing models\gold\ephemeral\hosts.sql [  0.00s]
10:56:30.954327 [debug]: Finished parsing models\gold\ephemeral\listings.sql [  0.00s]
10:56:30.954885 [debug]: Finished parsing models\gold\fact.sql [  0.00s]
10:56:30.955467 [debug]: Finished parsing models\gold\obt.sql [  0.00s]
10:56:30.956060 [debug]: Finished parsing models\silver\silver_bookings.sql [  0.00s]
10:56:30.956500 [debug]: Finished parsing models\silver\silver_hosts.sql [  0.00s]
10:56:30.959272 [debug]: Finished parsing models\silver\silver_listings.sql [  0.00s]
10:56:30.959738 [debug]: Finished parsing analyses\explore.sql [  0.00s]
10:56:30.960172 [debug]: Finished parsing analyses\if_else.sql [  0.00s]
10:56:30.961770 [debug]: Finished parsing analyses\loop.sql [  0.00s]
10:56:30.962819 [debug]: Finished parsing tests\source_tests.sql [  0.00s]
10:56:30.963264 [error]: dbt1005: Ref 'bronze_bookings' not found in project. Searched for 'aws_dbt_snowflake_project.bronze_bookings, bronze_bookings'
  --> models\silver\silver_bookings.sql:16:6
10:56:30.963288 [error]: dbt1005: Ref 'bronze_hosts' not found in project. Searched for 'aws_dbt_snowflake_project.bronze_hosts, bronze_hosts'
  --> models\silver\silver_hosts.sql:17:5
10:56:30.963297 [error]: dbt1005: Ref 'bronze_listings' not found in project. Searched for 'aws_dbt_snowflake_project.bronze_listings, bronze_listings'
  --> models\silver\silver_listings.sql:17:5
10:56:30.963308 [warn ]: dbt1005: Source 'staging.bookings' not found in project. Searched for 'bookings'
  --> tests\source_tests.sql:8:2
10:56:30.963327 [error]: dbt1005: Ref 'bronze_bookings' not found in project. Searched for 'aws_dbt_snowflake_project.bronze_bookings, bronze_bookings'
  --> analyses\if_else.sql:4:15
10:56:30.963341 [error]: dbt1005: Ref 'bronze_bookings' not found in project. Searched for 'aws_dbt_snowflake_project.bronze_bookings, bronze_bookings'
  --> analyses\loop.sql:8:6
10:56:30.963852 [info ]: Cached model count updated: 8 models (estimate)
10:56:30.963862 [info ]: Cached model count updated: 8 models (accurate)
10:56:30.963893 [info ]: Started scheduling
10:56:30.964019 [info ]: Finished scheduling [  0.00s]
10:56:30.964041 [info ]: Started scheduling
10:56:30.964128 [info ]: Finished scheduling [  0.00s]
10:56:30.964184 [debug]: Initializing schema store with entry: Selected("snapshot.aws_dbt_snowflake_project.dim_bookings") and interval: None
10:56:30.964264 [debug]: Initializing schema store with entry: Selected("snapshot.aws_dbt_snowflake_project.dim_hosts") and interval: None
10:56:30.964921 [info ]: Started deferring state
10:56:30.964945 [info ]: Finished deferring state [  0.00s]
10:56:30.965259 [info ]: Started downloading schemas
10:56:30.965309 [debug]:    Started downloading relations
10:56:30.965331 [debug]:   Finished [  0.00s] downloading relations
10:56:30.965399 [info ]: Finished parsing [  0.04s]
10:56:31.180743 [info ]: Finished downloading schemas [  1.92s]
10:56:31.558837 [debug]: Query executed on node unknown:
describe table "AIRBNB"."DBT_SCHEMA_SILVER"."SILVER_BOOKINGS"
10:56:31.619814 [debug]: Query executed on node unknown:
describe table "AIRBNB"."DBT_SCHEMA_SILVER"."SILVER_HOSTS"
10:56:32.736776 [debug]: Query executed on node unknown:
describe table "AIRBNB"."DBT_SCHEMA_SILVER"."SILVER_LISTINGS"
10:56:33.979681 [info ]: Finished downloading schemas [  3.01s]
10:56:34.125063 [info ]: Started building task graph
10:56:34.125229 [info ]: Finished building task graph [  0.00s]
10:56:34.125399 [info ]: Started rendering (13 nodes)
10:56:34.125419 [info ]: Started model dbt_schema_silver.silver_listings
10:56:34.125434 [debug]: Started rendering model dbt_schema_silver.silver_listings
10:56:34.125454 [info ]: Started model dbt_schema_silver.silver_hosts
10:56:34.125461 [debug]: Started rendering model dbt_schema_silver.silver_hosts
10:56:34.125489 [info ]: Started model dbt_schema_gold.fact
10:56:34.125496 [debug]: Started rendering model dbt_schema_gold.fact
10:56:34.125507 [info ]: Started model dbt_schema_gold.obt
10:56:34.125515 [debug]: Started rendering model dbt_schema_gold.obt
10:56:34.125528 [info ]: Started analysis dbt_schema.loop
10:56:34.125536 [debug]: Started rendering analysis dbt_schema.loop
10:56:34.125551 [info ]: Started analysis dbt_schema.if_else
10:56:34.125558 [debug]: Started rendering analysis dbt_schema.if_else
10:56:34.125568 [info ]: Started analysis dbt_schema.explore
10:56:34.125576 [debug]: Started rendering analysis dbt_schema.explore
10:56:34.125587 [info ]: Started model dbt_schema_silver.silver_bookings
10:56:34.125597 [debug]: Started rendering model dbt_schema_silver.silver_bookings
10:56:34.126447 [error]: dbt1501: Failed to render SQL not a key type: ref not found for package: aws_dbt_snowflake_project, model: bronze_bookings, version: None
(in analyses\loop.sql:8:6)
  --> analyses\loop.sql:8:6
10:56:34.126497 [info ]: Started analyzing (13 nodes)
10:56:34.126509 [debug]: Started analyzing analysis dbt_schema.loop
10:56:34.126529 [info ]:     Failed [-------] analysis dbt_schema.loop (analysis)
10:56:34.126554 [debug]: Finished analyzing [  0.00s] analysis dbt_schema.loop [skipped]
10:56:34.126582 [error]: dbt1501: Failed to render SQL not a key type: ref not found for package: aws_dbt_snowflake_project, model: bronze_bookings, version: None
(in analyses\if_else.sql:4:15)
  --> analyses\if_else.sql:4:15
10:56:34.126601 [debug]: Started analyzing analysis dbt_schema.if_else
10:56:34.126615 [info ]:     Failed [  0.00s] analysis dbt_schema.if_else (analysis)
10:56:34.126612 [debug]: Finished rendering [  0.00s] analysis dbt_schema.loop [error]
10:56:34.126631 [debug]: Finished analyzing [  0.00s] analysis dbt_schema.if_else [skipped]
10:56:34.126652 [error]: dbt1501: Failed to render SQL not a key type: ref not found for package: aws_dbt_snowflake_project, model: bronze_bookings, version: None
(in models\silver\silver_bookings.sql:16:6)
  --> models\silver\silver_bookings.sql:16:6
10:56:34.126680 [debug]: Started analyzing model dbt_schema_silver.silver_bookings
10:56:34.126681 [debug]: Finished rendering [  0.00s] analysis dbt_schema.if_else [error]
10:56:34.126693 [info ]:     Failed [  0.00s] model dbt_schema_silver.silver_bookings (incremental)
10:56:34.126708 [debug]: Finished analyzing [  0.00s] model dbt_schema_silver.silver_bookings [skipped]
10:56:34.126707 [debug]: Finished rendering [  0.00s] model dbt_schema_silver.silver_bookings [error]
10:56:34.126729 [error]: dbt1501: Failed to render SQL not a key type: ref not found for package: aws_dbt_snowflake_project, model: bronze_hosts, version: None
(in models\silver\silver_hosts.sql:17:5)
  --> models\silver\silver_hosts.sql:17:5
10:56:34.126747 [debug]: Started analyzing model dbt_schema_silver.silver_hosts
10:56:34.126760 [info ]:     Failed [  0.00s] model dbt_schema_silver.silver_hosts (incremental)
10:56:34.126774 [debug]: Finished analyzing [  0.00s] model dbt_schema_silver.silver_hosts [skipped]
10:56:34.126793 [error]: dbt1501: Failed to render SQL not a key type: ref not found for package: aws_dbt_snowflake_project, model: bronze_listings, version: None
(in models\silver\silver_listings.sql:17:5)
  --> models\silver\silver_listings.sql:17:5
10:56:34.126812 [debug]: Started analyzing model dbt_schema_silver.silver_listings
10:56:34.126825 [info ]:     Failed [  0.00s] model dbt_schema_silver.silver_listings (incremental)
10:56:34.126826 [debug]: Finished rendering [  0.00s] model dbt_schema_silver.silver_hosts [error]
10:56:34.126839 [debug]: Finished analyzing [  0.00s] model dbt_schema_silver.silver_listings [skipped]
10:56:34.126864 [debug]: Finished rendering [  0.00s] model dbt_schema_silver.silver_listings [error]
10:56:34.127749 [debug]: Compiled SQL for node analysis.aws_dbt_snowflake_project.explore at target\.lsp\compiled\analyses\explore.sql
10:56:34.128350 [debug]: Compiled SQL for node model.aws_dbt_snowflake_project.fact at target\.lsp\compiled\models\gold\fact.sql
10:56:34.127821 [debug]: Finished rendering [  0.00s] analysis dbt_schema.explore [success]
10:56:34.128733 [debug]: Started analyzing analysis dbt_schema.explore
10:56:34.128775 [info ]:    Skipped [-------] analysis dbt_schema.explore (analysis)
10:56:34.128804 [debug]: Finished analyzing [  0.00s] analysis dbt_schema.explore [skipped]
10:56:34.128830 [debug]: Finished rendering [  0.00s] model dbt_schema_gold.fact [success]
10:56:34.128847 [debug]: Started analyzing model dbt_schema_gold.fact
10:56:34.128878 [debug]: Compiled SQL for node model.aws_dbt_snowflake_project.obt at target\.lsp\compiled\models\gold\obt.sql
10:56:34.128931 [debug]: Started analyzing model dbt_schema_gold.obt
10:56:34.129013 [debug]: Finished rendering [  0.00s] model dbt_schema_gold.obt [success]
10:56:34.766923 [debug]: Query executed on node model.aws_dbt_snowflake_project.fact:
describe table "AIRBNB"."GOLD"."OBT"
10:56:34.768492 [debug]: Query executed on node model.aws_dbt_snowflake_project.obt:
describe table "AIRBNB"."SILVER"."SILVER_BOOKINGS"
10:56:34.769662 [debug]: Query executed on node model.aws_dbt_snowflake_project.fact:
describe table "AIRBNB"."GOLD"."DIM_LISTINGS"
10:56:34.779306 [debug]: Query executed on node model.aws_dbt_snowflake_project.obt:
describe table "AIRBNB"."SILVER"."SILVER_LISTINGS"
10:56:34.869121 [debug]: Query executed on node model.aws_dbt_snowflake_project.fact:
describe table "AIRBNB"."GOLD"."DIM_HOSTS"
10:56:34.876052 [debug]: Query executed on node model.aws_dbt_snowflake_project.obt:
describe table "AIRBNB"."SILVER"."SILVER_HOSTS"
10:56:35.182003 [debug]: Schema hydration: registering 3 schemas from db_runner
10:56:35.182224 [debug]: Schema hydration: parsing FQN string '"AIRBNB"."GOLD"."OBT"'
10:56:35.182268 [debug]: Schema hydration: registering cfqn=AIRBNB.GOLD.OBT (catalog='AIRBNB', schema='GOLD', table='OBT')
10:56:35.185739 [debug]: Schema hydration: registration succeeded for AIRBNB.GOLD.OBT, exists_check=true
10:56:35.185787 [debug]: Schema hydration: parsing FQN string '"AIRBNB"."GOLD"."DIM_HOSTS"'
10:56:35.185809 [debug]: Schema hydration: registering cfqn=AIRBNB.GOLD.DIM_HOSTS (catalog='AIRBNB', schema='GOLD', table='DIM_HOSTS')
10:56:35.188421 [debug]: Schema hydration: registration succeeded for AIRBNB.GOLD.DIM_HOSTS, exists_check=true
10:56:35.188476 [debug]: Schema hydration: parsing FQN string '"AIRBNB"."GOLD"."DIM_LISTINGS"'
10:56:35.188508 [debug]: Schema hydration: registering cfqn=AIRBNB.GOLD.DIM_LISTINGS (catalog='AIRBNB', schema='GOLD', table='DIM_LISTINGS')
10:56:35.190602 [debug]: Schema hydration: registration succeeded for AIRBNB.GOLD.DIM_LISTINGS, exists_check=true
10:56:35.211691 [info ]:  Succeeded [  1.08s] model dbt_schema_gold.fact (table)
10:56:35.211751 [debug]: Finished analyzing [  1.08s] model dbt_schema_gold.fact [success]
10:56:35.211846 [debug]: Schema hydration: registering 3 schemas from db_runner
10:56:35.211861 [debug]: Schema hydration: parsing FQN string '"AIRBNB"."SILVER"."SILVER_HOSTS"'
10:56:35.211877 [debug]: Schema hydration: registering cfqn=AIRBNB.SILVER.SILVER_HOSTS (catalog='AIRBNB', schema='SILVER', table='SILVER_HOSTS')
10:56:35.212824 [debug]: Schema hydration: registration succeeded for AIRBNB.SILVER.SILVER_HOSTS, exists_check=true
10:56:35.212847 [debug]: Schema hydration: parsing FQN string '"AIRBNB"."SILVER"."SILVER_LISTINGS"'
10:56:35.212860 [debug]: Schema hydration: registering cfqn=AIRBNB.SILVER.SILVER_LISTINGS (catalog='AIRBNB', schema='SILVER', table='SILVER_LISTINGS')
10:56:35.213665 [debug]: Schema hydration: registration succeeded for AIRBNB.SILVER.SILVER_LISTINGS, exists_check=true
10:56:35.213684 [debug]: Schema hydration: parsing FQN string '"AIRBNB"."SILVER"."SILVER_BOOKINGS"'
10:56:35.213696 [debug]: Schema hydration: registering cfqn=AIRBNB.SILVER.SILVER_BOOKINGS (catalog='AIRBNB', schema='SILVER', table='SILVER_BOOKINGS')
10:56:35.214580 [debug]: Schema hydration: registration succeeded for AIRBNB.SILVER.SILVER_BOOKINGS, exists_check=true
10:56:35.228655 [info ]:  Succeeded [  1.10s] model dbt_schema_gold.obt (table)
10:56:35.228712 [debug]: Finished analyzing [  1.10s] model dbt_schema_gold.obt [success]
10:56:35.228756 [info ]: Started model dbt_schema_gold.listings
10:56:35.228780 [debug]: Started rendering model dbt_schema_gold.listings
10:56:35.228814 [info ]: Started model dbt_schema_gold.hosts
10:56:35.228831 [debug]: Started rendering model dbt_schema_gold.hosts
10:56:35.228866 [info ]: Started model dbt_schema_gold.bookings
10:56:35.228883 [debug]: Started rendering model dbt_schema_gold.bookings
10:56:35.234997 [debug]: Compiled SQL for node model.aws_dbt_snowflake_project.bookings at target\.lsp\compiled\models\gold\ephemeral\bookings.sql
10:56:35.235041 [debug]: Compiled SQL for node model.aws_dbt_snowflake_project.listings at target\.lsp\compiled\models\gold\ephemeral\listings.sql
10:56:35.235096 [debug]: Started analyzing model dbt_schema_gold.bookings
10:56:35.235102 [debug]: Finished rendering [  0.01s] model dbt_schema_gold.bookings [success]
10:56:35.235127 [debug]: Finished rendering [  0.01s] model dbt_schema_gold.listings [success]
10:56:35.235144 [debug]: Started analyzing model dbt_schema_gold.listings
10:56:35.236141 [debug]: Compiled SQL for node model.aws_dbt_snowflake_project.hosts at target\.lsp\compiled\models\gold\ephemeral\hosts.sql
10:56:35.236222 [debug]: Started analyzing model dbt_schema_gold.hosts
10:56:35.236448 [debug]: Finished rendering [  0.01s] model dbt_schema_gold.hosts [success]
10:56:35.238447 [info ]:  Succeeded [  0.01s] model dbt_schema_gold.bookings (ephemeral)
10:56:35.238497 [debug]: Finished analyzing [  0.00s] model dbt_schema_gold.bookings [success]
10:56:35.238545 [info ]: Started snapshot dbt_schema_gold.dim_bookings
10:56:35.238564 [debug]: Started rendering snapshot dbt_schema_gold.dim_bookings
10:56:35.238598 [info ]:  Succeeded [  0.01s] model dbt_schema_gold.hosts (ephemeral)
10:56:35.238615 [debug]: Finished analyzing [  0.00s] model dbt_schema_gold.hosts [success]
10:56:35.238637 [info ]: Started snapshot dbt_schema_gold.dim_hosts
10:56:35.238647 [debug]: Started rendering snapshot dbt_schema_gold.dim_hosts
10:56:35.238662 [info ]:  Succeeded [  0.01s] model dbt_schema_gold.listings (ephemeral)
10:56:35.238676 [debug]: Finished analyzing [  0.00s] model dbt_schema_gold.listings [success]
10:56:35.240921 [debug]: Compiled SQL for node snapshot.aws_dbt_snowflake_project.dim_bookings at target\.lsp\compiled\snapshots\dim_bookings.sql
10:56:35.240940 [debug]: Compiled SQL for node snapshot.aws_dbt_snowflake_project.dim_hosts at target\.lsp\compiled\snapshots\dim_hosts.sql
10:56:35.241012 [debug]: Finished rendering [  0.00s] snapshot dbt_schema_gold.dim_bookings [success]
10:56:35.241055 [debug]: Started analyzing snapshot dbt_schema_gold.dim_bookings
10:56:35.241120 [debug]: Finished rendering [  0.00s] snapshot dbt_schema_gold.dim_hosts [success]
10:56:35.241135 [info ]: Finished rendering [  1.12s] (13 nodes, 0 skipped, 5 errors)
10:56:35.241166 [debug]: Started analyzing snapshot dbt_schema_gold.dim_hosts
10:56:35.243851 [info ]:  Succeeded [  0.00s] snapshot dbt_schema_gold.dim_bookings (table)
10:56:35.243891 [debug]: Finished analyzing [  0.00s] snapshot dbt_schema_gold.dim_bookings [success]
10:56:35.253649 [info ]:  Succeeded [  0.01s] snapshot dbt_schema_gold.dim_hosts (table)
10:56:35.253699 [debug]: Finished analyzing [  0.01s] snapshot dbt_schema_gold.dim_hosts [success]
10:56:35.253711 [info ]: Finished analyzing [  1.13s] (13 nodes, 6 skipped, 0 errors)
10:56:35.260089 [info ]: Cached model count updated: 8 models (accurate)
10:56:50.964093 [info ]: Started loading project
10:56:50.965099 [info ]: Loading ~/.dbt/profiles.yml
10:56:50.972021 [info ]: Started loading project
10:56:50.972827 [info ]: Loading ~/.dbt/profiles.yml
10:56:50.972949 [info ]: Finished loading project [  0.01s]
10:56:50.979647 [debug]:    Started loading packages
10:56:50.984707 [debug]:     Loaded [  0.01s] packages
10:56:50.985810 [info ]: Started parsing
10:56:51.028771 [info ]: Finished loading project [  0.06s]
10:56:51.030225 [debug]: Finished parsing snapshots\dim_bookings.yml [  0.00s]
10:56:51.030413 [debug]: Finished parsing snapshots\dim_hosts.yml [  0.00s]
10:56:51.030523 [debug]: Finished parsing snapshots\dim_listings.yml [  0.00s]
10:56:51.033269 [debug]: Finished parsing target\snapshots\dim_bookings.sql [  0.00s]
10:56:51.034465 [debug]: Finished parsing target\snapshots\dim_hosts.sql [  0.00s]
10:56:51.035914 [debug]: Finished parsing models\gold\ephemeral\bookings.sql [  0.00s]
10:56:51.036691 [debug]: Finished parsing models\gold\ephemeral\hosts.sql [  0.00s]
10:56:51.037327 [debug]: Finished parsing models\gold\ephemeral\listings.sql [  0.00s]
10:56:51.038026 [debug]: Finished parsing models\gold\fact.sql [  0.00s]
10:56:51.038940 [debug]: Finished parsing models\gold\obt.sql [  0.00s]
10:56:51.039779 [debug]: Finished parsing models\silver\silver_bookings.sql [  0.00s]
10:56:51.040547 [debug]: Finished parsing models\silver\silver_hosts.sql [  0.00s]
10:56:51.043759 [debug]: Finished parsing models\silver\silver_listings.sql [  0.00s]
10:56:51.044446 [debug]: Finished parsing analyses\explore.sql [  0.00s]
10:56:51.045091 [debug]: Finished parsing analyses\if_else.sql [  0.00s]
10:56:51.047190 [debug]: Finished parsing analyses\loop.sql [  0.00s]
10:56:51.048848 [debug]: Finished parsing tests\source_tests.sql [  0.00s]
10:56:51.049153 [error]: dbt1005: Ref 'bronze_bookings' not found in project. Searched for 'aws_dbt_snowflake_project.bronze_bookings, bronze_bookings'
  --> models\silver\silver_bookings.sql:16:6
10:56:51.049181 [error]: dbt1005: Ref 'bronze_hosts' not found in project. Searched for 'aws_dbt_snowflake_project.bronze_hosts, bronze_hosts'
  --> models\silver\silver_hosts.sql:17:5
10:56:51.049189 [error]: dbt1005: Ref 'bronze_listings' not found in project. Searched for 'aws_dbt_snowflake_project.bronze_listings, bronze_listings'
  --> models\silver\silver_listings.sql:17:5
10:56:51.049200 [warn ]: dbt1005: Source 'staging.bookings' not found in project. Searched for 'bookings'
  --> tests\source_tests.sql:8:2
10:56:51.049232 [error]: dbt1005: Ref 'bronze_bookings' not found in project. Searched for 'aws_dbt_snowflake_project.bronze_bookings, bronze_bookings'
  --> analyses\if_else.sql:4:15
10:56:51.049242 [error]: dbt1005: Ref 'bronze_bookings' not found in project. Searched for 'aws_dbt_snowflake_project.bronze_bookings, bronze_bookings'
  --> analyses\loop.sql:8:6
10:56:51.049798 [info ]: Cached model count updated: 8 models (estimate)
10:56:51.049806 [info ]: Cached model count updated: 8 models (accurate)
10:56:51.049853 [info ]: Started scheduling
10:56:51.049952 [info ]: Finished scheduling [  0.00s]
10:56:51.049968 [info ]: Started scheduling
10:56:51.050041 [info ]: Finished scheduling [  0.00s]
10:56:51.050087 [debug]: Initializing schema store with entry: Selected("snapshot.aws_dbt_snowflake_project.dim_hosts") and interval: None
10:56:51.050163 [debug]: Initializing schema store with entry: Selected("snapshot.aws_dbt_snowflake_project.dim_bookings") and interval: None
10:56:51.050801 [info ]: Started deferring state
10:56:51.050821 [info ]: Finished deferring state [  0.00s]
10:56:51.051130 [info ]: Started downloading schemas
10:56:51.051181 [debug]:    Started downloading relations
10:56:51.051201 [debug]:   Finished [  0.00s] downloading relations
10:56:51.051270 [info ]: Finished parsing [  0.07s]
10:56:51.846755 [debug]: Query executed on node unknown:
describe table "AIRBNB"."DBT_SCHEMA_SILVER"."SILVER_BOOKINGS"
10:56:51.911565 [debug]: Query executed on node unknown:
describe table "AIRBNB"."DBT_SCHEMA_SILVER"."SILVER_HOSTS"
10:56:53.137994 [debug]: Query executed on node unknown:
describe table "AIRBNB"."DBT_SCHEMA_SILVER"."SILVER_LISTINGS"
10:56:54.375311 [info ]: Finished downloading schemas [  3.32s]
10:56:54.428467 [info ]: Started loading project
10:56:54.429727 [info ]: Loading ~/.dbt/profiles.yml
10:56:54.433907 [debug]:    Started loading packages
10:56:54.436520 [debug]:     Loaded [  0.00s] packages
10:56:54.437105 [info ]: Started parsing
10:56:54.460386 [info ]: Finished loading project [  0.03s]
10:56:54.461532 [debug]: Finished parsing snapshots\dim_bookings.yml [  0.00s]
10:56:54.461886 [debug]: Finished parsing snapshots\dim_hosts.yml [  0.00s]
10:56:54.462127 [debug]: Finished parsing snapshots\dim_listings.yml [  0.00s]
10:56:54.466377 [debug]: Finished parsing target\snapshots\dim_bookings.sql [  0.00s]
10:56:54.467398 [debug]: Finished parsing target\snapshots\dim_hosts.sql [  0.00s]
10:56:54.476532 [debug]: Finished parsing target\snapshots\dim_listings.sql [  0.01s]
10:56:54.478334 [debug]: Finished parsing models\gold\ephemeral\bookings.sql [  0.00s]
10:56:54.479232 [debug]: Finished parsing models\gold\ephemeral\hosts.sql [  0.00s]
10:56:54.480103 [debug]: Finished parsing models\gold\ephemeral\listings.sql [  0.00s]
10:56:54.481086 [debug]: Finished parsing models\gold\fact.sql [  0.00s]
10:56:54.482135 [debug]: Finished parsing models\gold\obt.sql [  0.00s]
10:56:54.483108 [debug]: Finished parsing models\silver\silver_bookings.sql [  0.00s]
10:56:54.484051 [debug]: Finished parsing models\silver\silver_hosts.sql [  0.00s]
10:56:54.488601 [debug]: Finished parsing models\silver\silver_listings.sql [  0.00s]
10:56:54.489445 [debug]: Finished parsing analyses\explore.sql [  0.00s]
10:56:54.490169 [debug]: Finished parsing analyses\if_else.sql [  0.00s]
10:56:54.493127 [debug]: Finished parsing analyses\loop.sql [  0.00s]
10:56:54.495099 [debug]: Finished parsing tests\source_tests.sql [  0.00s]
10:56:54.495628 [error]: dbt1005: Ref 'bronze_bookings' not found in project. Searched for 'aws_dbt_snowflake_project.bronze_bookings, bronze_bookings'
  --> models\silver\silver_bookings.sql:16:6
10:56:54.495660 [error]: dbt1005: Ref 'bronze_hosts' not found in project. Searched for 'aws_dbt_snowflake_project.bronze_hosts, bronze_hosts'
  --> models\silver\silver_hosts.sql:17:5
10:56:54.495674 [error]: dbt1005: Ref 'bronze_listings' not found in project. Searched for 'aws_dbt_snowflake_project.bronze_listings, bronze_listings'
  --> models\silver\silver_listings.sql:17:5
10:56:54.495689 [warn ]: dbt1005: Source 'staging.bookings' not found in project. Searched for 'bookings'
  --> tests\source_tests.sql:8:2
10:56:54.495717 [error]: dbt1005: Ref 'bronze_bookings' not found in project. Searched for 'aws_dbt_snowflake_project.bronze_bookings, bronze_bookings'
  --> analyses\if_else.sql:4:15
10:56:54.495732 [error]: dbt1005: Ref 'bronze_bookings' not found in project. Searched for 'aws_dbt_snowflake_project.bronze_bookings, bronze_bookings'
  --> analyses\loop.sql:8:6
10:56:54.496483 [info ]: Cached model count updated: 8 models (estimate)
10:56:54.496497 [info ]: Cached model count updated: 8 models (accurate)
10:56:54.496545 [info ]: Started scheduling
10:56:54.496703 [info ]: Finished scheduling [  0.00s]
10:56:54.496724 [info ]: Started scheduling
10:56:54.496835 [info ]: Finished scheduling [  0.00s]
10:56:54.496909 [debug]: Initializing schema store with entry: Selected("snapshot.aws_dbt_snowflake_project.dim_bookings") and interval: None
10:56:54.496998 [debug]: Initializing schema store with entry: Selected("snapshot.aws_dbt_snowflake_project.dim_hosts") and interval: None
10:56:54.497070 [debug]: Initializing schema store with entry: Selected("snapshot.aws_dbt_snowflake_project.dim_listings") and interval: None
10:56:54.498443 [info ]: Started deferring state
10:56:54.498479 [info ]: Finished deferring state [  0.00s]
10:56:54.499096 [info ]: Started downloading schemas
10:56:54.499173 [debug]:    Started downloading relations
10:56:54.499202 [debug]:   Finished [  0.00s] downloading relations
10:56:54.499291 [info ]: Finished parsing [  0.06s]
10:56:55.067878 [debug]: Query executed on node unknown:
describe table "AIRBNB"."DBT_SCHEMA_SILVER"."SILVER_BOOKINGS"
10:56:55.156832 [debug]: Query executed on node unknown:
describe table "AIRBNB"."DBT_SCHEMA_SILVER"."SILVER_HOSTS"
10:56:56.235316 [debug]: Query executed on node unknown:
describe table "AIRBNB"."DBT_SCHEMA_SILVER"."SILVER_LISTINGS"
10:56:57.573168 [info ]: Finished downloading schemas [  3.07s]
10:56:57.699334 [info ]: Started building task graph
10:56:57.699486 [info ]: Finished building task graph [  0.00s]
10:56:57.699636 [info ]: Started rendering (14 nodes)
10:56:57.699650 [info ]: Started model dbt_schema_silver.silver_listings
10:56:57.699659 [debug]: Started rendering model dbt_schema_silver.silver_listings
10:56:57.699674 [info ]: Started model dbt_schema_silver.silver_hosts
10:56:57.699679 [debug]: Started rendering model dbt_schema_silver.silver_hosts
10:56:57.699690 [info ]: Started model dbt_schema_gold.fact
10:56:57.699695 [debug]: Started rendering model dbt_schema_gold.fact
10:56:57.699702 [info ]: Started model dbt_schema_gold.obt
10:56:57.699724 [debug]: Started rendering model dbt_schema_gold.obt
10:56:57.699734 [info ]: Started analysis dbt_schema.loop
10:56:57.699739 [debug]: Started rendering analysis dbt_schema.loop
10:56:57.699747 [info ]: Started analysis dbt_schema.if_else
10:56:57.699753 [debug]: Started rendering analysis dbt_schema.if_else
10:56:57.699760 [info ]: Started analysis dbt_schema.explore
10:56:57.699769 [debug]: Started rendering analysis dbt_schema.explore
10:56:57.699777 [info ]: Started model dbt_schema_silver.silver_bookings
10:56:57.699788 [debug]: Started rendering model dbt_schema_silver.silver_bookings
10:56:57.700661 [error]: dbt1501: Failed to render SQL not a key type: ref not found for package: aws_dbt_snowflake_project, model: bronze_bookings, version: None
(in analyses\if_else.sql:4:15)
  --> analyses\if_else.sql:4:15
10:56:57.700711 [info ]: Started analyzing (14 nodes)
10:56:57.700726 [debug]: Started analyzing analysis dbt_schema.if_else
10:56:57.700832 [info ]:     Failed [-------] analysis dbt_schema.if_else (analysis)
10:56:57.700859 [debug]: Finished analyzing [  0.00s] analysis dbt_schema.if_else [skipped]
10:56:57.700899 [error]: dbt1501: Failed to render SQL not a key type: ref not found for package: aws_dbt_snowflake_project, model: bronze_bookings, version: None
(in models\silver\silver_bookings.sql:16:6)
  --> models\silver\silver_bookings.sql:16:6
10:56:57.700933 [debug]: Started analyzing model dbt_schema_silver.silver_bookings
10:56:57.700940 [debug]: Finished rendering [  0.00s] analysis dbt_schema.if_else [error]
10:56:57.700948 [info ]:     Failed [  0.00s] model dbt_schema_silver.silver_bookings (incremental)
10:56:57.700963 [debug]: Finished analyzing [  0.00s] model dbt_schema_silver.silver_bookings [skipped]
10:56:57.700984 [debug]: Finished rendering [  0.00s] model dbt_schema_silver.silver_bookings [error]
10:56:57.700990 [error]: dbt1501: Failed to render SQL not a key type: ref not found for package: aws_dbt_snowflake_project, model: bronze_hosts, version: None
(in models\silver\silver_hosts.sql:17:5)
  --> models\silver\silver_hosts.sql:17:5
10:56:57.701008 [debug]: Started analyzing model dbt_schema_silver.silver_hosts
10:56:57.701019 [info ]:     Failed [  0.00s] model dbt_schema_silver.silver_hosts (incremental)
10:56:57.701033 [debug]: Finished analyzing [  0.00s] model dbt_schema_silver.silver_hosts [skipped]
10:56:57.701052 [error]: dbt1501: Failed to render SQL not a key type: ref not found for package: aws_dbt_snowflake_project, model: bronze_listings, version: None
(in models\silver\silver_listings.sql:17:5)
  --> models\silver\silver_listings.sql:17:5
10:56:57.701070 [debug]: Started analyzing model dbt_schema_silver.silver_listings
10:56:57.701082 [info ]:     Failed [  0.00s] model dbt_schema_silver.silver_listings (incremental)
10:56:57.701091 [debug]: Finished analyzing [  0.00s] model dbt_schema_silver.silver_listings [skipped]
10:56:57.701123 [error]: dbt1501: Failed to render SQL not a key type: ref not found for package: aws_dbt_snowflake_project, model: bronze_bookings, version: None
(in analyses\loop.sql:8:6)
  --> analyses\loop.sql:8:6
10:56:57.701132 [debug]: Finished rendering [  0.00s] model dbt_schema_silver.silver_hosts [error]
10:56:57.701143 [debug]: Finished rendering [  0.00s] model dbt_schema_silver.silver_listings [error]
10:56:57.701144 [debug]: Started analyzing analysis dbt_schema.loop
10:56:57.701158 [info ]:     Failed [  0.00s] analysis dbt_schema.loop (analysis)
10:56:57.701171 [debug]: Finished analyzing [  0.00s] analysis dbt_schema.loop [skipped]
10:56:57.701200 [debug]: Finished rendering [  0.00s] analysis dbt_schema.loop [error]
10:56:57.701842 [debug]: Compiled SQL for node analysis.aws_dbt_snowflake_project.explore at target\.lsp\compiled\analyses\explore.sql
10:56:57.701916 [debug]: Finished rendering [  0.00s] analysis dbt_schema.explore [success]
10:56:57.701946 [debug]: Started analyzing analysis dbt_schema.explore
10:56:57.701977 [info ]:    Skipped [-------] analysis dbt_schema.explore (analysis)
10:56:57.701994 [debug]: Finished analyzing [  0.00s] analysis dbt_schema.explore [skipped]
10:56:57.702016 [debug]: Compiled SQL for node model.aws_dbt_snowflake_project.fact at target\.lsp\compiled\models\gold\fact.sql
10:56:57.702045 [debug]: Started analyzing model dbt_schema_gold.fact
10:56:57.703151 [debug]: Finished rendering [  0.00s] model dbt_schema_gold.fact [success]
10:56:57.703434 [debug]: Compiled SQL for node model.aws_dbt_snowflake_project.obt at target\.lsp\compiled\models\gold\obt.sql
10:56:57.703525 [debug]: Started analyzing model dbt_schema_gold.obt
10:56:57.703573 [debug]: Finished rendering [  0.00s] model dbt_schema_gold.obt [success]
10:56:58.248769 [debug]: Query executed on node model.aws_dbt_snowflake_project.fact:
describe table "AIRBNB"."GOLD"."DIM_LISTINGS"
10:56:58.256501 [debug]: Query executed on node model.aws_dbt_snowflake_project.obt:
describe table "AIRBNB"."SILVER"."SILVER_HOSTS"
10:56:58.258373 [debug]: Query executed on node model.aws_dbt_snowflake_project.fact:
describe table "AIRBNB"."GOLD"."DIM_HOSTS"
10:56:58.305921 [debug]: Query executed on node model.aws_dbt_snowflake_project.obt:
describe table "AIRBNB"."SILVER"."SILVER_LISTINGS"
10:56:58.389296 [debug]: Query executed on node model.aws_dbt_snowflake_project.obt:
describe table "AIRBNB"."SILVER"."SILVER_BOOKINGS"
10:56:58.396862 [debug]: Query executed on node model.aws_dbt_snowflake_project.fact:
describe table "AIRBNB"."GOLD"."OBT"
10:56:58.583433 [debug]: Schema hydration: registering 3 schemas from db_runner
10:56:58.583487 [debug]: Schema hydration: parsing FQN string '"AIRBNB"."SILVER"."SILVER_HOSTS"'
10:56:58.583510 [debug]: Schema hydration: registering cfqn=AIRBNB.SILVER.SILVER_HOSTS (catalog='AIRBNB', schema='SILVER', table='SILVER_HOSTS')
10:56:58.585062 [debug]: Schema hydration: registration succeeded for AIRBNB.SILVER.SILVER_HOSTS, exists_check=true
10:56:58.585092 [debug]: Schema hydration: parsing FQN string '"AIRBNB"."SILVER"."SILVER_LISTINGS"'
10:56:58.585110 [debug]: Schema hydration: registering cfqn=AIRBNB.SILVER.SILVER_LISTINGS (catalog='AIRBNB', schema='SILVER', table='SILVER_LISTINGS')
10:56:58.586261 [debug]: Schema hydration: registration succeeded for AIRBNB.SILVER.SILVER_LISTINGS, exists_check=true
10:56:58.586291 [debug]: Schema hydration: parsing FQN string '"AIRBNB"."SILVER"."SILVER_BOOKINGS"'
10:56:58.586307 [debug]: Schema hydration: registering cfqn=AIRBNB.SILVER.SILVER_BOOKINGS (catalog='AIRBNB', schema='SILVER', table='SILVER_BOOKINGS')
10:56:58.587299 [debug]: Schema hydration: registration succeeded for AIRBNB.SILVER.SILVER_BOOKINGS, exists_check=true
10:56:58.606013 [info ]:  Succeeded [  0.91s] model dbt_schema_gold.obt (table)
10:56:58.606093 [debug]: Finished analyzing [  0.90s] model dbt_schema_gold.obt [success]
10:56:58.606157 [info ]: Started model dbt_schema_gold.hosts
10:56:58.606201 [debug]: Started rendering model dbt_schema_gold.hosts
10:56:58.606246 [info ]: Started model dbt_schema_gold.listings
10:56:58.606270 [debug]: Started rendering model dbt_schema_gold.listings
10:56:58.606314 [info ]: Started model dbt_schema_gold.bookings
10:56:58.606336 [debug]: Started rendering model dbt_schema_gold.bookings
10:56:58.614254 [debug]: Compiled SQL for node model.aws_dbt_snowflake_project.hosts at target\.lsp\compiled\models\gold\ephemeral\hosts.sql
10:56:58.614425 [debug]: Started analyzing model dbt_schema_gold.hosts
10:56:58.614495 [debug]: Compiled SQL for node model.aws_dbt_snowflake_project.bookings at target\.lsp\compiled\models\gold\ephemeral\bookings.sql
10:56:58.614636 [debug]: Started analyzing model dbt_schema_gold.bookings
10:56:58.616779 [debug]: Compiled SQL for node model.aws_dbt_snowflake_project.listings at target\.lsp\compiled\models\gold\ephemeral\listings.sql
10:56:58.616904 [debug]: Started analyzing model dbt_schema_gold.listings
10:56:58.616969 [debug]: Finished rendering [  0.01s] model dbt_schema_gold.hosts [success]
10:56:58.617042 [debug]: Finished rendering [  0.01s] model dbt_schema_gold.listings [success]
10:56:58.617080 [debug]: Finished rendering [  0.01s] model dbt_schema_gold.bookings [success]
10:56:58.619693 [info ]:  Succeeded [  0.01s] model dbt_schema_gold.bookings (ephemeral)
10:56:58.619775 [debug]: Finished analyzing [  0.01s] model dbt_schema_gold.bookings [success]
10:56:58.619855 [info ]: Started snapshot dbt_schema_gold.dim_bookings
10:56:58.619898 [debug]: Started rendering snapshot dbt_schema_gold.dim_bookings
10:56:58.620612 [info ]:  Succeeded [  0.01s] model dbt_schema_gold.hosts (ephemeral)
10:56:58.620682 [debug]: Finished analyzing [  0.01s] model dbt_schema_gold.hosts [success]
10:56:58.620751 [info ]: Started snapshot dbt_schema_gold.dim_hosts
10:56:58.620785 [debug]: Started rendering snapshot dbt_schema_gold.dim_hosts
10:56:58.623465 [info ]:  Succeeded [  0.02s] model dbt_schema_gold.listings (ephemeral)
10:56:58.623552 [debug]: Finished analyzing [  0.01s] model dbt_schema_gold.listings [success]
10:56:58.623636 [info ]: Started snapshot dbt_schema_gold.dim_listings
10:56:58.623673 [debug]: Started rendering snapshot dbt_schema_gold.dim_listings
10:56:58.624918 [debug]: Compiled SQL for node snapshot.aws_dbt_snowflake_project.dim_bookings at target\.lsp\compiled\snapshots\dim_bookings.sql
10:56:58.625059 [debug]: Started analyzing snapshot dbt_schema_gold.dim_bookings
10:56:58.625123 [debug]: Finished rendering [  0.01s] snapshot dbt_schema_gold.dim_bookings [success]
10:56:58.625191 [debug]: Compiled SQL for node snapshot.aws_dbt_snowflake_project.dim_hosts at target\.lsp\compiled\snapshots\dim_hosts.sql
10:56:58.625269 [debug]: Started analyzing snapshot dbt_schema_gold.dim_hosts
10:56:58.626072 [debug]: Finished rendering [  0.01s] snapshot dbt_schema_gold.dim_hosts [success]
10:56:58.629899 [debug]: Compiled SQL for node snapshot.aws_dbt_snowflake_project.dim_listings at target\.lsp\compiled\snapshots\dim_listings.sql
10:56:58.630005 [debug]: Started analyzing snapshot dbt_schema_gold.dim_listings
10:56:58.630266 [info ]:  Succeeded [  0.01s] snapshot dbt_schema_gold.dim_bookings (table)
10:56:58.630300 [debug]: Finished analyzing [  0.01s] snapshot dbt_schema_gold.dim_bookings [success]
10:56:58.630338 [debug]: Finished rendering [  0.01s] snapshot dbt_schema_gold.dim_listings [success]
10:56:58.630348 [info ]: Finished rendering [  0.93s] (14 nodes, 0 skipped, 5 errors)
10:56:58.630416 [info ]:  Succeeded [  0.01s] snapshot dbt_schema_gold.dim_hosts (table)
10:56:58.630445 [debug]: Finished analyzing [  0.01s] snapshot dbt_schema_gold.dim_hosts [success]
10:56:58.644053 [info ]:  Succeeded [  0.02s] snapshot dbt_schema_gold.dim_listings (table)
10:56:58.644085 [debug]: Finished analyzing [  0.01s] snapshot dbt_schema_gold.dim_listings [success]
10:56:58.686216 [debug]: Schema hydration: registering 3 schemas from db_runner
10:56:58.686242 [debug]: Schema hydration: parsing FQN string '"AIRBNB"."GOLD"."DIM_HOSTS"'
10:56:58.686256 [debug]: Schema hydration: registering cfqn=AIRBNB.GOLD.DIM_HOSTS (catalog='AIRBNB', schema='GOLD', table='DIM_HOSTS')
10:56:58.687140 [debug]: Schema hydration: registration succeeded for AIRBNB.GOLD.DIM_HOSTS, exists_check=true
10:56:58.687160 [debug]: Schema hydration: parsing FQN string '"AIRBNB"."GOLD"."OBT"'
10:56:58.687172 [debug]: Schema hydration: registering cfqn=AIRBNB.GOLD.OBT (catalog='AIRBNB', schema='GOLD', table='OBT')
10:56:58.687922 [debug]: Schema hydration: registration succeeded for AIRBNB.GOLD.OBT, exists_check=true
10:56:58.687942 [debug]: Schema hydration: parsing FQN string '"AIRBNB"."GOLD"."DIM_LISTINGS"'
10:56:58.687953 [debug]: Schema hydration: registering cfqn=AIRBNB.GOLD.DIM_LISTINGS (catalog='AIRBNB', schema='GOLD', table='DIM_LISTINGS')
10:56:58.688809 [debug]: Schema hydration: registration succeeded for AIRBNB.GOLD.DIM_LISTINGS, exists_check=true
10:56:58.696276 [info ]:  Succeeded [  1.00s] model dbt_schema_gold.fact (table)
10:56:58.696318 [debug]: Finished analyzing [  0.99s] model dbt_schema_gold.fact [success]
10:56:58.696330 [info ]: Finished analyzing [  1.00s] (14 nodes, 6 skipped, 0 errors)
10:56:58.701494 [info ]: Cached model count updated: 8 models (accurate)
10:57:03.063476 [info ]: Started loading project
10:57:03.064176 [info ]: Loading ~/.dbt/profiles.yml
10:57:03.069104 [info ]: Started parsing
10:57:03.088362 [info ]: Finished loading project [  0.02s]
10:57:03.091384 [debug]: Finished parsing models\silver\silver_bookings.sql [  0.00s]
10:57:03.092039 [debug]: Finished parsing models\silver\silver_hosts.sql [  0.00s]
10:57:03.094261 [debug]: Finished parsing models\silver\silver_listings.sql [  0.00s]
10:57:03.094887 [debug]: Finished parsing analyses\if_else.sql [  0.00s]
10:57:03.096439 [debug]: Finished parsing analyses\loop.sql [  0.00s]
10:57:03.096745 [error]: dbt1005: Ref 'bronze_bookings' not found in project. Searched for 'aws_dbt_snowflake_project.bronze_bookings, bronze_bookings'
  --> models\silver\silver_bookings.sql:16:6
10:57:03.096768 [error]: dbt1005: Ref 'bronze_hosts' not found in project. Searched for 'aws_dbt_snowflake_project.bronze_hosts, bronze_hosts'
  --> models\silver\silver_hosts.sql:17:5
10:57:03.096779 [error]: dbt1005: Ref 'bronze_listings' not found in project. Searched for 'aws_dbt_snowflake_project.bronze_listings, bronze_listings'
  --> models\silver\silver_listings.sql:17:5
10:57:03.096797 [warn ]: dbt1005: Source 'staging.bookings' not found in project. Searched for 'bookings'
  --> tests\source_tests.sql:8:2
10:57:03.096845 [error]: dbt1005: Ref 'bronze_bookings' not found in project. Searched for 'aws_dbt_snowflake_project.bronze_bookings, bronze_bookings'
  --> analyses\if_else.sql:4:15
10:57:03.096855 [error]: dbt1005: Ref 'bronze_bookings' not found in project. Searched for 'aws_dbt_snowflake_project.bronze_bookings, bronze_bookings'
  --> analyses\loop.sql:8:6
10:57:03.098197 [info ]: Cached model count updated: 8 models (estimate)
10:57:03.098214 [info ]: Cached model count updated: 8 models (accurate)
10:57:03.098256 [info ]: Started scheduling
10:57:03.098347 [info ]: Finished scheduling [  0.00s]
10:57:03.098361 [debug]: Incremental compilation - 2 nodes selected: {"analysis.aws_dbt_snowflake_project.explore", "model.aws_dbt_snowflake_project.silver_bookings"}
10:57:03.098842 [info ]: Started deferring state
10:57:03.098858 [info ]: Finished deferring state [  0.00s]
10:57:03.099183 [info ]: Started downloading schemas
10:57:03.099211 [debug]:    Started downloading relations
10:57:03.099229 [debug]:   Finished [  0.00s] downloading relations
10:57:03.099257 [warn ]: dbt1014: Failed to download incremental schema for 'model.aws_dbt_snowflake_project.silver_hosts'. Setting 'static_analysis' to off. Skipping analysis for : [Snowflake] 002003 (02000): SQL compilation error:
Schema 'AIRBNB.DBT_SCHEMA_SILVER' does not exist or not authorized.
10:57:03.099266 [warn ]: dbt1014: Failed to download incremental schema for 'model.aws_dbt_snowflake_project.silver_listings'. Setting 'static_analysis' to off. Skipping analysis for : [Snowflake] 002003 (02000): SQL compilation error:
Schema 'AIRBNB.DBT_SCHEMA_SILVER' does not exist or not authorized.
10:57:03.099297 [info ]: Finished parsing [  0.03s]
10:57:03.217494 [info ]: Started building task graph
10:57:03.217579 [info ]: Finished building task graph [  0.00s]
10:57:03.217715 [info ]: Started rendering (2 nodes)
10:57:03.217748 [info ]: Started analysis dbt_schema.explore
10:57:03.217758 [debug]: Started rendering analysis dbt_schema.explore
10:57:03.217781 [info ]: Started model dbt_schema_silver.silver_bookings
10:57:03.217786 [debug]: Started rendering model dbt_schema_silver.silver_bookings
10:57:03.217837 [info ]: Finished downloading schemas [  0.12s]
10:57:03.218248 [debug]: Compiled SQL for node analysis.aws_dbt_snowflake_project.explore at target\.lsp\compiled\analyses\explore.sql
10:57:03.218304 [debug]: Finished rendering [  0.00s] analysis dbt_schema.explore [success]
10:57:03.218695 [error]: dbt1501: Failed to render SQL not a key type: ref not found for package: aws_dbt_snowflake_project, model: bronze_bookings, version: None
(in models\silver\silver_bookings.sql:16:6)
  --> models\silver\silver_bookings.sql:16:6
10:57:03.218767 [info ]: Started analyzing (2 nodes)
10:57:03.218776 [debug]: Started analyzing model dbt_schema_silver.silver_bookings
10:57:03.218792 [info ]:     Failed [-------] model dbt_schema_silver.silver_bookings (incremental)
10:57:03.218806 [debug]: Finished analyzing [  0.00s] model dbt_schema_silver.silver_bookings [skipped]
10:57:03.218816 [debug]: Started analyzing analysis dbt_schema.explore
10:57:03.218825 [info ]:    Skipped [-------] analysis dbt_schema.explore (analysis)
10:57:03.218824 [debug]: Finished rendering [  0.00s] model dbt_schema_silver.silver_bookings [error]
10:57:03.218836 [debug]: Finished analyzing [  0.00s] analysis dbt_schema.explore [skipped]
10:57:03.218840 [info ]: Finished analyzing [  0.00s] (2 nodes, 2 skipped, 0 errors)
10:57:03.218838 [info ]: Finished rendering [  0.00s] (2 nodes, 0 skipped, 1 errors)
10:57:03.225907 [info ]: Cached model count updated: 8 models (accurate)
10:57:03.396167 [info ]: Started loading project
10:57:03.397752 [info ]: Loading ~/.dbt/profiles.yml
10:57:03.410813 [info ]: Started parsing
10:57:03.438640 [info ]: Finished loading project [  0.04s]
10:57:03.441156 [debug]: Finished parsing models\silver\silver_bookings.sql [  0.00s]
10:57:03.441824 [debug]: Finished parsing models\silver\silver_hosts.sql [  0.00s]
10:57:03.443489 [debug]: Finished parsing models\silver\silver_listings.sql [  0.00s]
10:57:03.444232 [debug]: Finished parsing analyses\if_else.sql [  0.00s]
10:57:03.445879 [debug]: Finished parsing analyses\loop.sql [  0.00s]
10:57:03.446177 [error]: dbt1005: Ref 'bronze_bookings' not found in project. Searched for 'aws_dbt_snowflake_project.bronze_bookings, bronze_bookings'
  --> models\silver\silver_bookings.sql:16:6
10:57:03.446198 [error]: dbt1005: Ref 'bronze_hosts' not found in project. Searched for 'aws_dbt_snowflake_project.bronze_hosts, bronze_hosts'
  --> models\silver\silver_hosts.sql:17:5
10:57:03.446208 [error]: dbt1005: Ref 'bronze_listings' not found in project. Searched for 'aws_dbt_snowflake_project.bronze_listings, bronze_listings'
  --> models\silver\silver_listings.sql:17:5
10:57:03.446225 [warn ]: dbt1005: Source 'staging.bookings' not found in project. Searched for 'bookings'
  --> tests\source_tests.sql:8:2
10:57:03.446275 [error]: dbt1005: Ref 'bronze_bookings' not found in project. Searched for 'aws_dbt_snowflake_project.bronze_bookings, bronze_bookings'
  --> analyses\if_else.sql:4:15
10:57:03.446285 [error]: dbt1005: Ref 'bronze_bookings' not found in project. Searched for 'aws_dbt_snowflake_project.bronze_bookings, bronze_bookings'
  --> analyses\loop.sql:8:6
10:57:03.447775 [info ]: Cached model count updated: 8 models (estimate)
10:57:03.447796 [info ]: Cached model count updated: 8 models (accurate)
10:57:03.447850 [info ]: Started scheduling
10:57:03.447897 [info ]: Finished scheduling [  0.00s]
10:57:03.447912 [debug]: Incremental compilation - 0 nodes selected: {}
10:57:03.447926 [warn ]: dbt1600: The selection criterion '' does not match any enabled nodes
10:57:03.447932 [warn ]: dbt1601: Nothing to do. Try checking your model configs and model specification args
10:57:03.448535 [info ]: Started deferring state
10:57:03.448558 [info ]: Finished deferring state [  0.00s]
10:57:03.448906 [info ]: Started downloading schemas
10:57:03.448928 [debug]:    Started downloading relations
10:57:03.448969 [debug]:   Finished [  0.00s] downloading relations
10:57:03.448997 [warn ]: dbt1014: Failed to download incremental schema for 'model.aws_dbt_snowflake_project.silver_bookings'. Setting 'static_analysis' to off. Skipping analysis for : [Snowflake] 002003 (02000): SQL compilation error:
Schema 'AIRBNB.DBT_SCHEMA_SILVER' does not exist or not authorized.
10:57:03.449008 [warn ]: dbt1014: Failed to download incremental schema for 'model.aws_dbt_snowflake_project.silver_hosts'. Setting 'static_analysis' to off. Skipping analysis for : [Snowflake] 002003 (02000): SQL compilation error:
Schema 'AIRBNB.DBT_SCHEMA_SILVER' does not exist or not authorized.
10:57:03.449012 [warn ]: dbt1014: Failed to download incremental schema for 'model.aws_dbt_snowflake_project.silver_listings'. Setting 'static_analysis' to off. Skipping analysis for : [Snowflake] 002003 (02000): SQL compilation error:
Schema 'AIRBNB.DBT_SCHEMA_SILVER' does not exist or not authorized.
10:57:03.449041 [info ]: Finished parsing [  0.04s]
10:57:03.570452 [info ]: Started building task graph
10:57:03.570505 [info ]: Finished building task graph [  0.00s]
10:57:03.574154 [info ]: Cached model count updated: 8 models (accurate)
10:57:03.574197 [info ]: Finished downloading schemas [  0.13s]
10:57:07.257808 [info ]: Started loading project
10:57:07.258527 [info ]: Loading ~/.dbt/profiles.yml
10:57:07.263093 [info ]: Started parsing
10:57:07.278299 [info ]: Finished loading project [  0.02s]
10:57:07.280759 [debug]: Finished parsing models\silver\silver_bookings.sql [  0.00s]
10:57:07.281430 [debug]: Finished parsing models\silver\silver_hosts.sql [  0.00s]
10:57:07.283055 [debug]: Finished parsing models\silver\silver_listings.sql [  0.00s]
10:57:07.283754 [debug]: Finished parsing analyses\if_else.sql [  0.00s]
10:57:07.285381 [debug]: Finished parsing analyses\loop.sql [  0.00s]
10:57:07.285746 [error]: dbt1005: Ref 'bronze_bookings' not found in project. Searched for 'aws_dbt_snowflake_project.bronze_bookings, bronze_bookings'
  --> models\silver\silver_bookings.sql:16:6
10:57:07.285770 [error]: dbt1005: Ref 'bronze_hosts' not found in project. Searched for 'aws_dbt_snowflake_project.bronze_hosts, bronze_hosts'
  --> models\silver\silver_hosts.sql:17:5
10:57:07.285789 [error]: dbt1005: Ref 'bronze_listings' not found in project. Searched for 'aws_dbt_snowflake_project.bronze_listings, bronze_listings'
  --> models\silver\silver_listings.sql:17:5
10:57:07.285814 [warn ]: dbt1005: Source 'staging.bookings' not found in project. Searched for 'bookings'
  --> tests\source_tests.sql:8:2
10:57:07.285875 [error]: dbt1005: Ref 'bronze_bookings' not found in project. Searched for 'aws_dbt_snowflake_project.bronze_bookings, bronze_bookings'
  --> analyses\if_else.sql:4:15
10:57:07.285893 [error]: dbt1005: Ref 'bronze_bookings' not found in project. Searched for 'aws_dbt_snowflake_project.bronze_bookings, bronze_bookings'
  --> analyses\loop.sql:8:6
10:57:07.287590 [info ]: Cached model count updated: 8 models (estimate)
10:57:07.287616 [info ]: Cached model count updated: 8 models (accurate)
10:57:07.287679 [info ]: Started scheduling
10:57:07.287758 [info ]: Finished scheduling [  0.00s]
10:57:07.287771 [debug]: Incremental compilation - 1 nodes selected: {"model.aws_dbt_snowflake_project.silver_hosts"}
10:57:07.288304 [info ]: Started deferring state
10:57:07.288321 [info ]: Finished deferring state [  0.00s]
10:57:07.288688 [info ]: Started downloading schemas
10:57:07.288730 [debug]:    Started downloading relations
10:57:07.288749 [debug]:   Finished [  0.00s] downloading relations
10:57:07.288777 [warn ]: dbt1014: Failed to download incremental schema for 'model.aws_dbt_snowflake_project.silver_bookings'. Setting 'static_analysis' to off. Skipping analysis for : [Snowflake] 002003 (02000): SQL compilation error:
Schema 'AIRBNB.DBT_SCHEMA_SILVER' does not exist or not authorized.
10:57:07.288786 [warn ]: dbt1014: Failed to download incremental schema for 'model.aws_dbt_snowflake_project.silver_listings'. Setting 'static_analysis' to off. Skipping analysis for : [Snowflake] 002003 (02000): SQL compilation error:
Schema 'AIRBNB.DBT_SCHEMA_SILVER' does not exist or not authorized.
10:57:07.288856 [info ]: Finished parsing [  0.03s]
10:57:07.407888 [info ]: Started building task graph
10:57:07.407949 [info ]: Finished building task graph [  0.00s]
10:57:07.408116 [info ]: Started rendering (1 nodes)
10:57:07.408132 [info ]: Started model dbt_schema_silver.silver_hosts
10:57:07.408143 [debug]: Started rendering model dbt_schema_silver.silver_hosts
10:57:07.408222 [info ]: Finished downloading schemas [  0.12s]
10:57:07.409137 [error]: dbt1501: Failed to render SQL not a key type: ref not found for package: aws_dbt_snowflake_project, model: bronze_hosts, version: None
(in models\silver\silver_hosts.sql:17:5)
  --> models\silver\silver_hosts.sql:17:5
10:57:07.409203 [info ]: Started analyzing (1 nodes)
10:57:07.409211 [debug]: Started analyzing model dbt_schema_silver.silver_hosts
10:57:07.409233 [info ]:     Failed [  0.00s] model dbt_schema_silver.silver_hosts (incremental)
10:57:07.409252 [debug]: Finished analyzing [  0.00s] model dbt_schema_silver.silver_hosts [skipped]
10:57:07.409256 [info ]: Finished analyzing [  0.00s] (1 nodes, 1 skipped, 0 errors)
10:57:07.414006 [info ]: Cached model count updated: 8 models (accurate)
10:57:07.414048 [debug]: Finished rendering [  0.01s] model dbt_schema_silver.silver_hosts [error]
10:57:07.414064 [info ]: Finished rendering [  0.01s] (1 nodes, 0 skipped, 1 errors)
10:57:07.592360 [info ]: Started loading project
10:57:07.593159 [info ]: Loading ~/.dbt/profiles.yml
10:57:07.598114 [info ]: Started parsing
10:57:07.616032 [info ]: Finished loading project [  0.02s]
10:57:07.618822 [debug]: Finished parsing models\silver\silver_bookings.sql [  0.00s]
10:57:07.619757 [debug]: Finished parsing models\silver\silver_hosts.sql [  0.00s]
10:57:07.621743 [debug]: Finished parsing models\silver\silver_listings.sql [  0.00s]
10:57:07.622409 [debug]: Finished parsing analyses\if_else.sql [  0.00s]
10:57:07.624142 [debug]: Finished parsing analyses\loop.sql [  0.00s]
10:57:07.624444 [error]: dbt1005: Ref 'bronze_bookings' not found in project. Searched for 'aws_dbt_snowflake_project.bronze_bookings, bronze_bookings'
  --> models\silver\silver_bookings.sql:16:6
10:57:07.624466 [error]: dbt1005: Ref 'bronze_hosts' not found in project. Searched for 'aws_dbt_snowflake_project.bronze_hosts, bronze_hosts'
  --> models\silver\silver_hosts.sql:17:5
10:57:07.624479 [error]: dbt1005: Ref 'bronze_listings' not found in project. Searched for 'aws_dbt_snowflake_project.bronze_listings, bronze_listings'
  --> models\silver\silver_listings.sql:17:5
10:57:07.624497 [warn ]: dbt1005: Source 'staging.bookings' not found in project. Searched for 'bookings'
  --> tests\source_tests.sql:8:2
10:57:07.624552 [error]: dbt1005: Ref 'bronze_bookings' not found in project. Searched for 'aws_dbt_snowflake_project.bronze_bookings, bronze_bookings'
  --> analyses\if_else.sql:4:15
10:57:07.624563 [error]: dbt1005: Ref 'bronze_bookings' not found in project. Searched for 'aws_dbt_snowflake_project.bronze_bookings, bronze_bookings'
  --> analyses\loop.sql:8:6
10:57:07.626033 [info ]: Cached model count updated: 8 models (estimate)
10:57:07.626049 [info ]: Cached model count updated: 8 models (accurate)
10:57:07.626111 [info ]: Started scheduling
10:57:07.626183 [info ]: Finished scheduling [  0.00s]
10:57:07.626201 [debug]: Incremental compilation - 0 nodes selected: {}
10:57:07.626217 [warn ]: dbt1600: The selection criterion '' does not match any enabled nodes
10:57:07.626224 [warn ]: dbt1601: Nothing to do. Try checking your model configs and model specification args
10:57:07.626799 [info ]: Started deferring state
10:57:07.626820 [info ]: Finished deferring state [  0.00s]
10:57:07.627192 [info ]: Started downloading schemas
10:57:07.627214 [debug]:    Started downloading relations
10:57:07.627240 [debug]:   Finished [  0.00s] downloading relations
10:57:07.627272 [warn ]: dbt1014: Failed to download incremental schema for 'model.aws_dbt_snowflake_project.silver_bookings'. Setting 'static_analysis' to off. Skipping analysis for : [Snowflake] 002003 (02000): SQL compilation error:
Schema 'AIRBNB.DBT_SCHEMA_SILVER' does not exist or not authorized.
10:57:07.627284 [warn ]: dbt1014: Failed to download incremental schema for 'model.aws_dbt_snowflake_project.silver_hosts'. Setting 'static_analysis' to off. Skipping analysis for : [Snowflake] 002003 (02000): SQL compilation error:
Schema 'AIRBNB.DBT_SCHEMA_SILVER' does not exist or not authorized.
10:57:07.627291 [warn ]: dbt1014: Failed to download incremental schema for 'model.aws_dbt_snowflake_project.silver_listings'. Setting 'static_analysis' to off. Skipping analysis for : [Snowflake] 002003 (02000): SQL compilation error:
Schema 'AIRBNB.DBT_SCHEMA_SILVER' does not exist or not authorized.
10:57:07.627323 [info ]: Finished parsing [  0.03s]
10:57:07.771689 [info ]: Started building task graph
10:57:07.771741 [info ]: Finished building task graph [  0.00s]
10:57:07.777945 [info ]: Cached model count updated: 8 models (accurate)
10:57:07.778016 [info ]: Finished downloading schemas [  0.15s]
10:57:20.121761 [info ]: Started loading project
10:57:20.122498 [info ]: Loading ~/.dbt/profiles.yml
10:57:20.127036 [info ]: Started parsing
10:57:20.142358 [info ]: Finished loading project [  0.02s]
10:57:20.144950 [debug]: Finished parsing models\silver\silver_bookings.sql [  0.00s]
10:57:20.145683 [debug]: Finished parsing models\silver\silver_hosts.sql [  0.00s]
10:57:20.147476 [debug]: Finished parsing models\silver\silver_listings.sql [  0.00s]
10:57:20.148274 [debug]: Finished parsing analyses\if_else.sql [  0.00s]
10:57:20.150048 [debug]: Finished parsing analyses\loop.sql [  0.00s]
10:57:20.150375 [error]: dbt1005: Ref 'bronze_bookings' not found in project. Searched for 'aws_dbt_snowflake_project.bronze_bookings, bronze_bookings'
  --> models\silver\silver_bookings.sql:16:6
10:57:20.150422 [error]: dbt1005: Ref 'bronze_hosts' not found in project. Searched for 'aws_dbt_snowflake_project.bronze_hosts, bronze_hosts'
  --> models\silver\silver_hosts.sql:17:5
10:57:20.150437 [error]: dbt1005: Ref 'bronze_listings' not found in project. Searched for 'aws_dbt_snowflake_project.bronze_listings, bronze_listings'
  --> models\silver\silver_listings.sql:17:5
10:57:20.150459 [warn ]: dbt1005: Source 'staging.bookings' not found in project. Searched for 'bookings'
  --> tests\source_tests.sql:8:2
10:57:20.150513 [error]: dbt1005: Ref 'bronze_bookings' not found in project. Searched for 'aws_dbt_snowflake_project.bronze_bookings, bronze_bookings'
  --> analyses\if_else.sql:4:15
10:57:20.150530 [error]: dbt1005: Ref 'bronze_bookings' not found in project. Searched for 'aws_dbt_snowflake_project.bronze_bookings, bronze_bookings'
  --> analyses\loop.sql:8:6
10:57:20.151988 [info ]: Cached model count updated: 8 models (estimate)
10:57:20.152003 [info ]: Cached model count updated: 8 models (accurate)
10:57:20.152047 [info ]: Started scheduling
10:57:20.152120 [info ]: Finished scheduling [  0.00s]
10:57:20.152134 [debug]: Incremental compilation - 1 nodes selected: {"analysis.aws_dbt_snowflake_project.if_else"}
10:57:20.152639 [info ]: Started deferring state
10:57:20.152655 [info ]: Finished deferring state [  0.00s]
10:57:20.152970 [info ]: Started downloading schemas
10:57:20.152991 [debug]:    Started downloading relations
10:57:20.153011 [debug]:   Finished [  0.00s] downloading relations
10:57:20.153039 [warn ]: dbt1014: Failed to download incremental schema for 'model.aws_dbt_snowflake_project.silver_bookings'. Setting 'static_analysis' to off. Skipping analysis for : [Snowflake] 002003 (02000): SQL compilation error:
Schema 'AIRBNB.DBT_SCHEMA_SILVER' does not exist or not authorized.
10:57:20.153051 [warn ]: dbt1014: Failed to download incremental schema for 'model.aws_dbt_snowflake_project.silver_hosts'. Setting 'static_analysis' to off. Skipping analysis for : [Snowflake] 002003 (02000): SQL compilation error:
Schema 'AIRBNB.DBT_SCHEMA_SILVER' does not exist or not authorized.
10:57:20.153056 [warn ]: dbt1014: Failed to download incremental schema for 'model.aws_dbt_snowflake_project.silver_listings'. Setting 'static_analysis' to off. Skipping analysis for : [Snowflake] 002003 (02000): SQL compilation error:
Schema 'AIRBNB.DBT_SCHEMA_SILVER' does not exist or not authorized.
10:57:20.153075 [info ]: Finished parsing [  0.03s]
10:57:20.288530 [info ]: Started building task graph
10:57:20.288600 [info ]: Finished building task graph [  0.00s]
10:57:20.288747 [info ]: Started rendering (1 nodes)
10:57:20.288763 [info ]: Started analysis dbt_schema.if_else
10:57:20.288773 [debug]: Started rendering analysis dbt_schema.if_else
10:57:20.288857 [info ]: Finished downloading schemas [  0.14s]
10:57:20.289793 [error]: dbt1501: Failed to render SQL not a key type: ref not found for package: aws_dbt_snowflake_project, model: bronze_bookings, version: None
(in analyses\if_else.sql:4:15)
  --> analyses\if_else.sql:4:15
10:57:20.289830 [info ]: Started analyzing (1 nodes)
10:57:20.289839 [debug]: Started analyzing analysis dbt_schema.if_else
10:57:20.289852 [info ]:     Failed [  0.00s] analysis dbt_schema.if_else (analysis)
10:57:20.289867 [debug]: Finished analyzing [  0.00s] analysis dbt_schema.if_else [skipped]
10:57:20.289875 [info ]: Finished analyzing [  0.00s] (1 nodes, 1 skipped, 0 errors)
10:57:20.294651 [info ]: Cached model count updated: 8 models (accurate)
10:57:20.294701 [debug]: Finished rendering [  0.01s] analysis dbt_schema.if_else [error]
10:57:20.294722 [info ]: Finished rendering [  0.01s] (1 nodes, 0 skipped, 1 errors)
10:57:20.484865 [info ]: Started loading project
10:57:20.485594 [info ]: Loading ~/.dbt/profiles.yml
10:57:20.490006 [info ]: Started parsing
10:57:20.505889 [info ]: Finished loading project [  0.02s]
10:57:20.508315 [debug]: Finished parsing models\silver\silver_bookings.sql [  0.00s]
10:57:20.509007 [debug]: Finished parsing models\silver\silver_hosts.sql [  0.00s]
10:57:20.510555 [debug]: Finished parsing models\silver\silver_listings.sql [  0.00s]
10:57:20.511206 [debug]: Finished parsing analyses\if_else.sql [  0.00s]
10:57:20.512789 [debug]: Finished parsing analyses\loop.sql [  0.00s]
10:57:20.513083 [error]: dbt1005: Ref 'bronze_bookings' not found in project. Searched for 'aws_dbt_snowflake_project.bronze_bookings, bronze_bookings'
  --> models\silver\silver_bookings.sql:16:6
10:57:20.513105 [error]: dbt1005: Ref 'bronze_hosts' not found in project. Searched for 'aws_dbt_snowflake_project.bronze_hosts, bronze_hosts'
  --> models\silver\silver_hosts.sql:17:5
10:57:20.513115 [error]: dbt1005: Ref 'bronze_listings' not found in project. Searched for 'aws_dbt_snowflake_project.bronze_listings, bronze_listings'
  --> models\silver\silver_listings.sql:17:5
10:57:20.513129 [warn ]: dbt1005: Source 'staging.bookings' not found in project. Searched for 'bookings'
  --> tests\source_tests.sql:8:2
10:57:20.513180 [error]: dbt1005: Ref 'bronze_bookings' not found in project. Searched for 'aws_dbt_snowflake_project.bronze_bookings, bronze_bookings'
  --> analyses\if_else.sql:4:15
10:57:20.513190 [error]: dbt1005: Ref 'bronze_bookings' not found in project. Searched for 'aws_dbt_snowflake_project.bronze_bookings, bronze_bookings'
  --> analyses\loop.sql:8:6
10:57:20.514756 [info ]: Cached model count updated: 8 models (estimate)
10:57:20.514774 [info ]: Cached model count updated: 8 models (accurate)
10:57:20.514850 [info ]: Started scheduling
10:57:20.514915 [info ]: Finished scheduling [  0.00s]
10:57:20.514931 [debug]: Incremental compilation - 0 nodes selected: {}
10:57:20.514944 [warn ]: dbt1600: The selection criterion '' does not match any enabled nodes
10:57:20.514951 [warn ]: dbt1601: Nothing to do. Try checking your model configs and model specification args
10:57:20.515519 [info ]: Started deferring state
10:57:20.515534 [info ]: Finished deferring state [  0.00s]
10:57:20.515853 [info ]: Started downloading schemas
10:57:20.515872 [debug]:    Started downloading relations
10:57:20.515890 [debug]:   Finished [  0.00s] downloading relations
10:57:20.515935 [warn ]: dbt1014: Failed to download incremental schema for 'model.aws_dbt_snowflake_project.silver_bookings'. Setting 'static_analysis' to off. Skipping analysis for : [Snowflake] 002003 (02000): SQL compilation error:
Schema 'AIRBNB.DBT_SCHEMA_SILVER' does not exist or not authorized.
10:57:20.515944 [warn ]: dbt1014: Failed to download incremental schema for 'model.aws_dbt_snowflake_project.silver_hosts'. Setting 'static_analysis' to off. Skipping analysis for : [Snowflake] 002003 (02000): SQL compilation error:
Schema 'AIRBNB.DBT_SCHEMA_SILVER' does not exist or not authorized.
10:57:20.515949 [warn ]: dbt1014: Failed to download incremental schema for 'model.aws_dbt_snowflake_project.silver_listings'. Setting 'static_analysis' to off. Skipping analysis for : [Snowflake] 002003 (02000): SQL compilation error:
Schema 'AIRBNB.DBT_SCHEMA_SILVER' does not exist or not authorized.
10:57:20.516056 [info ]: Finished parsing [  0.03s]
10:57:20.634974 [info ]: Started building task graph
10:57:20.635022 [info ]: Finished building task graph [  0.00s]
10:57:20.638674 [info ]: Cached model count updated: 8 models (accurate)
10:57:20.638713 [info ]: Finished downloading schemas [  0.12s]
10:57:24.865885 [info ]: Started loading project
10:57:24.866557 [info ]: Loading ~/.dbt/profiles.yml
10:57:24.871576 [info ]: Started parsing
10:57:24.886781 [info ]: Finished loading project [  0.02s]
10:57:24.889265 [debug]: Finished parsing models\silver\silver_bookings.sql [  0.00s]
10:57:24.889969 [debug]: Finished parsing models\silver\silver_hosts.sql [  0.00s]
10:57:24.891560 [debug]: Finished parsing models\silver\silver_listings.sql [  0.00s]
10:57:24.892305 [debug]: Finished parsing analyses\if_else.sql [  0.00s]
10:57:24.894049 [debug]: Finished parsing analyses\loop.sql [  0.00s]
10:57:24.894407 [error]: dbt1005: Ref 'bronze_bookings' not found in project. Searched for 'aws_dbt_snowflake_project.bronze_bookings, bronze_bookings'
  --> models\silver\silver_bookings.sql:16:6
10:57:24.894429 [error]: dbt1005: Ref 'bronze_hosts' not found in project. Searched for 'aws_dbt_snowflake_project.bronze_hosts, bronze_hosts'
  --> models\silver\silver_hosts.sql:17:5
10:57:24.894439 [error]: dbt1005: Ref 'bronze_listings' not found in project. Searched for 'aws_dbt_snowflake_project.bronze_listings, bronze_listings'
  --> models\silver\silver_listings.sql:17:5
10:57:24.894462 [warn ]: dbt1005: Source 'staging.bookings' not found in project. Searched for 'bookings'
  --> tests\source_tests.sql:8:2
10:57:24.894510 [error]: dbt1005: Ref 'bronze_bookings' not found in project. Searched for 'aws_dbt_snowflake_project.bronze_bookings, bronze_bookings'
  --> analyses\if_else.sql:4:15
10:57:24.894518 [error]: dbt1005: Ref 'bronze_bookings' not found in project. Searched for 'aws_dbt_snowflake_project.bronze_bookings, bronze_bookings'
  --> analyses\loop.sql:8:6
10:57:24.896159 [info ]: Cached model count updated: 8 models (estimate)
10:57:24.896179 [info ]: Cached model count updated: 8 models (accurate)
10:57:24.896228 [info ]: Started scheduling
10:57:24.896317 [info ]: Finished scheduling [  0.00s]
10:57:24.896332 [debug]: Incremental compilation - 1 nodes selected: {"analysis.aws_dbt_snowflake_project.loop"}
10:57:24.896974 [info ]: Started deferring state
10:57:24.896997 [info ]: Finished deferring state [  0.00s]
10:57:24.897348 [info ]: Started downloading schemas
10:57:24.897371 [debug]:    Started downloading relations
10:57:24.897409 [debug]:   Finished [  0.00s] downloading relations
10:57:24.897439 [warn ]: dbt1014: Failed to download incremental schema for 'model.aws_dbt_snowflake_project.silver_bookings'. Setting 'static_analysis' to off. Skipping analysis for : [Snowflake] 002003 (02000): SQL compilation error:
Schema 'AIRBNB.DBT_SCHEMA_SILVER' does not exist or not authorized.
10:57:24.897448 [warn ]: dbt1014: Failed to download incremental schema for 'model.aws_dbt_snowflake_project.silver_hosts'. Setting 'static_analysis' to off. Skipping analysis for : [Snowflake] 002003 (02000): SQL compilation error:
Schema 'AIRBNB.DBT_SCHEMA_SILVER' does not exist or not authorized.
10:57:24.897453 [warn ]: dbt1014: Failed to download incremental schema for 'model.aws_dbt_snowflake_project.silver_listings'. Setting 'static_analysis' to off. Skipping analysis for : [Snowflake] 002003 (02000): SQL compilation error:
Schema 'AIRBNB.DBT_SCHEMA_SILVER' does not exist or not authorized.
10:57:24.897578 [info ]: Finished parsing [  0.03s]
10:57:25.018111 [info ]: Started building task graph
10:57:25.018171 [info ]: Finished building task graph [  0.00s]
10:57:25.018346 [info ]: Started rendering (1 nodes)
10:57:25.018360 [info ]: Started analysis dbt_schema.loop
10:57:25.018369 [debug]: Started rendering analysis dbt_schema.loop
10:57:25.018446 [info ]: Finished downloading schemas [  0.12s]
10:57:25.019207 [error]: dbt1501: Failed to render SQL not a key type: ref not found for package: aws_dbt_snowflake_project, model: bronze_bookings, version: None
(in analyses\loop.sql:8:6)
  --> analyses\loop.sql:8:6
10:57:25.019257 [info ]: Started analyzing (1 nodes)
10:57:25.019280 [debug]: Started analyzing analysis dbt_schema.loop
10:57:25.019295 [info ]:     Failed [-------] analysis dbt_schema.loop (analysis)
10:57:25.019312 [debug]: Finished analyzing [  0.00s] analysis dbt_schema.loop [skipped]
10:57:25.019318 [info ]: Finished analyzing [  0.00s] (1 nodes, 1 skipped, 0 errors)
10:57:25.023640 [info ]: Cached model count updated: 8 models (accurate)
10:57:25.023678 [debug]: Finished rendering [  0.01s] analysis dbt_schema.loop [error]
10:57:25.023699 [info ]: Finished rendering [  0.01s] (1 nodes, 0 skipped, 1 errors)
10:57:25.211574 [info ]: Started loading project
10:57:25.212391 [info ]: Loading ~/.dbt/profiles.yml
10:57:25.222852 [info ]: Started parsing
10:57:25.238473 [info ]: Finished loading project [  0.03s]
10:57:25.241040 [debug]: Finished parsing models\silver\silver_bookings.sql [  0.00s]
10:57:25.241664 [debug]: Finished parsing models\silver\silver_hosts.sql [  0.00s]
10:57:25.243196 [debug]: Finished parsing models\silver\silver_listings.sql [  0.00s]
10:57:25.243916 [debug]: Finished parsing analyses\if_else.sql [  0.00s]
10:57:25.245645 [debug]: Finished parsing analyses\loop.sql [  0.00s]
10:57:25.245848 [error]: dbt1005: Ref 'bronze_bookings' not found in project. Searched for 'aws_dbt_snowflake_project.bronze_bookings, bronze_bookings'
  --> models\silver\silver_bookings.sql:16:6
10:57:25.245868 [error]: dbt1005: Ref 'bronze_hosts' not found in project. Searched for 'aws_dbt_snowflake_project.bronze_hosts, bronze_hosts'
  --> models\silver\silver_hosts.sql:17:5
10:57:25.245877 [error]: dbt1005: Ref 'bronze_listings' not found in project. Searched for 'aws_dbt_snowflake_project.bronze_listings, bronze_listings'
  --> models\silver\silver_listings.sql:17:5
10:57:25.245891 [warn ]: dbt1005: Source 'staging.bookings' not found in project. Searched for 'bookings'
  --> tests\source_tests.sql:8:2
10:57:25.245924 [error]: dbt1005: Ref 'bronze_bookings' not found in project. Searched for 'aws_dbt_snowflake_project.bronze_bookings, bronze_bookings'
  --> analyses\if_else.sql:4:15
10:57:25.245934 [error]: dbt1005: Ref 'bronze_bookings' not found in project. Searched for 'aws_dbt_snowflake_project.bronze_bookings, bronze_bookings'
  --> analyses\loop.sql:8:6
10:57:25.247375 [info ]: Cached model count updated: 8 models (estimate)
10:57:25.247389 [info ]: Cached model count updated: 8 models (accurate)
10:57:25.247426 [info ]: Started scheduling
10:57:25.247467 [info ]: Finished scheduling [  0.00s]
10:57:25.247478 [debug]: Incremental compilation - 0 nodes selected: {}
10:57:25.247491 [warn ]: dbt1600: The selection criterion '' does not match any enabled nodes
10:57:25.247501 [warn ]: dbt1601: Nothing to do. Try checking your model configs and model specification args
10:57:25.248097 [info ]: Started deferring state
10:57:25.248117 [info ]: Finished deferring state [  0.00s]
10:57:25.248632 [info ]: Started downloading schemas
10:57:25.248681 [debug]:    Started downloading relations
10:57:25.248711 [debug]:   Finished [  0.00s] downloading relations
10:57:25.248750 [warn ]: dbt1014: Failed to download incremental schema for 'model.aws_dbt_snowflake_project.silver_bookings'. Setting 'static_analysis' to off. Skipping analysis for : [Snowflake] 002003 (02000): SQL compilation error:
Schema 'AIRBNB.DBT_SCHEMA_SILVER' does not exist or not authorized.
10:57:25.248765 [warn ]: dbt1014: Failed to download incremental schema for 'model.aws_dbt_snowflake_project.silver_hosts'. Setting 'static_analysis' to off. Skipping analysis for : [Snowflake] 002003 (02000): SQL compilation error:
Schema 'AIRBNB.DBT_SCHEMA_SILVER' does not exist or not authorized.
10:57:25.248779 [warn ]: dbt1014: Failed to download incremental schema for 'model.aws_dbt_snowflake_project.silver_listings'. Setting 'static_analysis' to off. Skipping analysis for : [Snowflake] 002003 (02000): SQL compilation error:
Schema 'AIRBNB.DBT_SCHEMA_SILVER' does not exist or not authorized.
10:57:25.248847 [info ]: Finished parsing [  0.03s]
10:57:25.366261 [info ]: Started building task graph
10:57:25.366310 [info ]: Finished building task graph [  0.00s]
10:57:25.371137 [info ]: Cached model count updated: 8 models (accurate)
10:57:25.371184 [info ]: Finished downloading schemas [  0.12s]
10:57:32.810863 [info ]: Started loading project
10:57:32.811751 [info ]: Loading ~/.dbt/profiles.yml
10:57:32.816286 [info ]: Started parsing
10:57:32.832407 [info ]: Finished loading project [  0.02s]
10:57:32.834965 [debug]: Finished parsing models\silver\silver_bookings.sql [  0.00s]
10:57:32.835647 [debug]: Finished parsing models\silver\silver_hosts.sql [  0.00s]
10:57:32.837226 [debug]: Finished parsing models\silver\silver_listings.sql [  0.00s]
10:57:32.837949 [debug]: Finished parsing analyses\if_else.sql [  0.00s]
10:57:32.839572 [debug]: Finished parsing analyses\loop.sql [  0.00s]
10:57:32.839833 [error]: dbt1005: Ref 'bronze_bookings' not found in project. Searched for 'aws_dbt_snowflake_project.bronze_bookings, bronze_bookings'
  --> models\silver\silver_bookings.sql:16:6
10:57:32.839854 [error]: dbt1005: Ref 'bronze_hosts' not found in project. Searched for 'aws_dbt_snowflake_project.bronze_hosts, bronze_hosts'
  --> models\silver\silver_hosts.sql:17:5
10:57:32.839865 [error]: dbt1005: Ref 'bronze_listings' not found in project. Searched for 'aws_dbt_snowflake_project.bronze_listings, bronze_listings'
  --> models\silver\silver_listings.sql:17:5
10:57:32.839879 [warn ]: dbt1005: Source 'staging.bookings' not found in project. Searched for 'bookings'
  --> tests\source_tests.sql:8:2
10:57:32.839911 [error]: dbt1005: Ref 'bronze_bookings' not found in project. Searched for 'aws_dbt_snowflake_project.bronze_bookings, bronze_bookings'
  --> analyses\if_else.sql:4:15
10:57:32.839919 [error]: dbt1005: Ref 'bronze_bookings' not found in project. Searched for 'aws_dbt_snowflake_project.bronze_bookings, bronze_bookings'
  --> analyses\loop.sql:8:6
10:57:32.841550 [info ]: Cached model count updated: 8 models (estimate)
10:57:32.841566 [info ]: Cached model count updated: 8 models (accurate)
10:57:32.841612 [info ]: Started scheduling
10:57:32.841699 [info ]: Finished scheduling [  0.00s]
10:57:32.841713 [debug]: Incremental compilation - 1 nodes selected: {"analysis.aws_dbt_snowflake_project.if_else"}
10:57:32.842382 [info ]: Started deferring state
10:57:32.842403 [info ]: Finished deferring state [  0.00s]
10:57:32.842740 [info ]: Started downloading schemas
10:57:32.842762 [debug]:    Started downloading relations
10:57:32.842789 [debug]:   Finished [  0.00s] downloading relations
10:57:32.842833 [warn ]: dbt1014: Failed to download incremental schema for 'model.aws_dbt_snowflake_project.silver_bookings'. Setting 'static_analysis' to off. Skipping analysis for : [Snowflake] 002003 (02000): SQL compilation error:
Schema 'AIRBNB.DBT_SCHEMA_SILVER' does not exist or not authorized.
10:57:32.842847 [warn ]: dbt1014: Failed to download incremental schema for 'model.aws_dbt_snowflake_project.silver_hosts'. Setting 'static_analysis' to off. Skipping analysis for : [Snowflake] 002003 (02000): SQL compilation error:
Schema 'AIRBNB.DBT_SCHEMA_SILVER' does not exist or not authorized.
10:57:32.842855 [warn ]: dbt1014: Failed to download incremental schema for 'model.aws_dbt_snowflake_project.silver_listings'. Setting 'static_analysis' to off. Skipping analysis for : [Snowflake] 002003 (02000): SQL compilation error:
Schema 'AIRBNB.DBT_SCHEMA_SILVER' does not exist or not authorized.
10:57:32.842873 [info ]: Finished parsing [  0.03s]
10:57:32.962109 [info ]: Started building task graph
10:57:32.962169 [info ]: Finished building task graph [  0.00s]
10:57:32.962303 [info ]: Started rendering (1 nodes)
10:57:32.962318 [info ]: Started analysis dbt_schema.if_else
10:57:32.962327 [debug]: Started rendering analysis dbt_schema.if_else
10:57:32.962402 [info ]: Finished downloading schemas [  0.12s]
10:57:32.963195 [error]: dbt1501: Failed to render SQL not a key type: ref not found for package: aws_dbt_snowflake_project, model: bronze_bookings, version: None
(in analyses\if_else.sql:4:15)
  --> analyses\if_else.sql:4:15
10:57:32.963261 [info ]: Started analyzing (1 nodes)
10:57:32.963270 [debug]: Started analyzing analysis dbt_schema.if_else
10:57:32.963284 [info ]:     Failed [-------] analysis dbt_schema.if_else (analysis)
10:57:32.963300 [debug]: Finished analyzing [  0.00s] analysis dbt_schema.if_else [skipped]
10:57:32.963307 [info ]: Finished analyzing [  0.00s] (1 nodes, 1 skipped, 0 errors)
10:57:32.967983 [info ]: Cached model count updated: 8 models (accurate)
10:57:32.968021 [debug]: Finished rendering [  0.01s] analysis dbt_schema.if_else [error]
10:57:32.968034 [info ]: Finished rendering [  0.01s] (1 nodes, 0 skipped, 1 errors)
10:57:33.159789 [info ]: Started loading project
10:57:33.160564 [info ]: Loading ~/.dbt/profiles.yml
10:57:33.164939 [info ]: Started parsing
10:57:33.180317 [info ]: Finished loading project [  0.02s]
10:57:33.182671 [debug]: Finished parsing models\silver\silver_bookings.sql [  0.00s]
10:57:33.183328 [debug]: Finished parsing models\silver\silver_hosts.sql [  0.00s]
10:57:33.184902 [debug]: Finished parsing models\silver\silver_listings.sql [  0.00s]
10:57:33.185668 [debug]: Finished parsing analyses\if_else.sql [  0.00s]
10:57:33.187433 [debug]: Finished parsing analyses\loop.sql [  0.00s]
10:57:33.187698 [error]: dbt1005: Ref 'bronze_bookings' not found in project. Searched for 'aws_dbt_snowflake_project.bronze_bookings, bronze_bookings'
  --> models\silver\silver_bookings.sql:16:6
10:57:33.187719 [error]: dbt1005: Ref 'bronze_hosts' not found in project. Searched for 'aws_dbt_snowflake_project.bronze_hosts, bronze_hosts'
  --> models\silver\silver_hosts.sql:17:5
10:57:33.187738 [error]: dbt1005: Ref 'bronze_listings' not found in project. Searched for 'aws_dbt_snowflake_project.bronze_listings, bronze_listings'
  --> models\silver\silver_listings.sql:17:5
10:57:33.187753 [warn ]: dbt1005: Source 'staging.bookings' not found in project. Searched for 'bookings'
  --> tests\source_tests.sql:8:2
10:57:33.187806 [error]: dbt1005: Ref 'bronze_bookings' not found in project. Searched for 'aws_dbt_snowflake_project.bronze_bookings, bronze_bookings'
  --> analyses\if_else.sql:4:15
10:57:33.187823 [error]: dbt1005: Ref 'bronze_bookings' not found in project. Searched for 'aws_dbt_snowflake_project.bronze_bookings, bronze_bookings'
  --> analyses\loop.sql:8:6
10:57:33.189228 [info ]: Cached model count updated: 8 models (estimate)
10:57:33.189243 [info ]: Cached model count updated: 8 models (accurate)
10:57:33.189291 [info ]: Started scheduling
10:57:33.189342 [info ]: Finished scheduling [  0.00s]
10:57:33.189357 [debug]: Incremental compilation - 0 nodes selected: {}
10:57:33.189373 [warn ]: dbt1600: The selection criterion '' does not match any enabled nodes
10:57:33.189381 [warn ]: dbt1601: Nothing to do. Try checking your model configs and model specification args
10:57:33.190302 [info ]: Started deferring state
10:57:33.190330 [info ]: Finished deferring state [  0.00s]
10:57:33.190788 [info ]: Started downloading schemas
10:57:33.190835 [debug]:    Started downloading relations
10:57:33.190861 [debug]:   Finished [  0.00s] downloading relations
10:57:33.190898 [warn ]: dbt1014: Failed to download incremental schema for 'model.aws_dbt_snowflake_project.silver_bookings'. Setting 'static_analysis' to off. Skipping analysis for : [Snowflake] 002003 (02000): SQL compilation error:
Schema 'AIRBNB.DBT_SCHEMA_SILVER' does not exist or not authorized.
10:57:33.190912 [warn ]: dbt1014: Failed to download incremental schema for 'model.aws_dbt_snowflake_project.silver_hosts'. Setting 'static_analysis' to off. Skipping analysis for : [Snowflake] 002003 (02000): SQL compilation error:
Schema 'AIRBNB.DBT_SCHEMA_SILVER' does not exist or not authorized.
10:57:33.190920 [warn ]: dbt1014: Failed to download incremental schema for 'model.aws_dbt_snowflake_project.silver_listings'. Setting 'static_analysis' to off. Skipping analysis for : [Snowflake] 002003 (02000): SQL compilation error:
Schema 'AIRBNB.DBT_SCHEMA_SILVER' does not exist or not authorized.
10:57:33.191021 [info ]: Finished parsing [  0.03s]
10:57:33.307877 [info ]: Started building task graph
10:57:33.307932 [info ]: Finished building task graph [  0.00s]
10:57:33.312194 [info ]: Cached model count updated: 8 models (accurate)
10:57:33.312238 [info ]: Finished downloading schemas [  0.12s]
